Progression & Acceleration (Grades 4–6),,,,,,,,,
"Advanced progression is permitted in mathematics, science, and social studies when mastery evidence and teacher interaction support readiness. English remains sequential.",,,,,,,,,
,,,,,,,,,
Forge Standard ID,Subject,Domain,Forge Standard,Prerequisite Anchor,Next Anchor,Acceleration Eligible,Readiness Evidence,Approval,Course-Level Rule
FF.G4.ELA.01,English Language Arts,Foundational Skills,Read fluently for meaning,Grade 3 fluency and decoding,Grade 5 fluency with increasingly complex text,No,Mastery of essential standards demonstrated through multiple evidence types plus teacher interaction,Placement team recommendation; Head of School final decision,English 4 precedes English 5; no same-year English acceleration.
FF.G4.ELA.02,English Language Arts,Language,Use standard grammar and usage,Grade 3 grammar and sentence conventions,"Grade 5 grammar, verb tense, and sentence complexity",No,Mastery of essential standards demonstrated through multiple evidence types plus teacher interaction,Placement team recommendation; Head of School final decision,English 4 precedes English 5; no same-year English acceleration.
FF.G4.ELA.03,English Language Arts,Language,"Apply capitalization, punctuation, and spelling","Grade 3 capitalization, punctuation, and spelling",Grade 5 conventions and editing independence,No,Mastery of essential standards demonstrated through multiple evidence types plus teacher interaction,Placement team recommendation; Head of School final decision,English 4 precedes English 5; no same-year English acceleration.
FF.G4.ELA.04,English Language Arts,Vocabulary,Determine word meaning in context,Grade 3 context clues and affixes,Grade 5 Greek/Latin roots and nuanced context,No,Mastery of essential standards demonstrated through multiple evidence types plus teacher interaction,Placement team recommendation; Head of School final decision,English 4 precedes English 5; no same-year English acceleration.
FF.G4.ELA.05,English Language Arts,Vocabulary,Interpret figurative language and word relationships,Grade 3 literal/nonliteral meaning,Grade 5 figurative language and word nuance,No,Mastery of essential standards demonstrated through multiple evidence types plus teacher interaction,Placement team recommendation; Head of School final decision,English 4 precedes English 5; no same-year English acceleration.
FF.G4.ELA.06,English Language Arts,Vocabulary,Acquire academic and domain vocabulary,Grade 3 academic vocabulary,Grade 5 independent vocabulary acquisition,No,Mastery of essential standards demonstrated through multiple evidence types plus teacher interaction,Placement team recommendation; Head of School final decision,English 4 precedes English 5; no same-year English acceleration.
FF.G4.ELA.07,English Language Arts,Literature,Cite details and make inferences,Grade 3 text evidence,Grade 5 quoting accurately and inferring,No,Mastery of essential standards demonstrated through multiple evidence types plus teacher interaction,Placement team recommendation; Head of School final decision,English 4 precedes English 5; no same-year English acceleration.
FF.G4.ELA.08,English Language Arts,Literature,Determine theme and summarize,Grade 3 central message and recount,Grade 5 theme comparison and objective summary,No,Mastery of essential standards demonstrated through multiple evidence types plus teacher interaction,Placement team recommendation; Head of School final decision,English 4 precedes English 5; no same-year English acceleration.
FF.G4.ELA.09,English Language Arts,Literature,Analyze story elements,Grade 3 character traits and event sequence,Grade 5 comparison of story elements,No,Mastery of essential standards demonstrated through multiple evidence types plus teacher interaction,Placement team recommendation; Head of School final decision,English 4 precedes English 5; no same-year English acceleration.
FF.G4.ELA.10,English Language Arts,Literature,"Analyze literary craft, structure, and viewpoint","Grade 3 word meaning, parts of text, viewpoint","Grade 5 figurative language, structure, narrator perspective",No,Mastery of essential standards demonstrated through multiple evidence types plus teacher interaction,Placement team recommendation; Head of School final decision,English 4 precedes English 5; no same-year English acceleration.
FF.G4.ELA.11,English Language Arts,Literature,Integrate representations and compare texts,Grade 3 illustration-text connections and theme comparison,Grade 5 multimedia analysis and genre comparison,No,Mastery of essential standards demonstrated through multiple evidence types plus teacher interaction,Placement team recommendation; Head of School final decision,English 4 precedes English 5; no same-year English acceleration.
FF.G4.ELA.12,English Language Arts,Informational Text,"Explain evidence, main idea, and relationships",Grade 3 informational evidence and main idea,Grade 5 multiple main ideas and relationships,No,Mastery of essential standards demonstrated through multiple evidence types plus teacher interaction,Placement team recommendation; Head of School final decision,English 4 precedes English 5; no same-year English acceleration.
FF.G4.ELA.13,English Language Arts,Informational Text,"Analyze informational craft, structure, and accounts",Grade 3 informational features and viewpoints,Grade 5 multiple accounts and complex structures,No,Mastery of essential standards demonstrated through multiple evidence types plus teacher interaction,Placement team recommendation; Head of School final decision,English 4 precedes English 5; no same-year English acceleration.
FF.G4.ELA.14,English Language Arts,Informational Text,Integrate visual evidence and multiple sources,Grade 3 image-text integration and reasons,Grade 5 multi-source synthesis and evidence analysis,No,Mastery of essential standards demonstrated through multiple evidence types plus teacher interaction,Placement team recommendation; Head of School final decision,English 4 precedes English 5; no same-year English acceleration.
FF.G4.ELA.15,English Language Arts,Reading Range,Read and comprehend grade-level literature and information,Grade 3 text complexity and stamina,Grade 5 text complexity and independence,No,Mastery of essential standards demonstrated through multiple evidence types plus teacher interaction,Placement team recommendation; Head of School final decision,English 4 precedes English 5; no same-year English acceleration.
FF.G4.ELA.16,English Language Arts,Speaking and Listening,Collaborate and evaluate spoken information,Grade 3 collaborative discussion and questioning,Grade 5 synthesis and discussion leadership,No,Mastery of essential standards demonstrated through multiple evidence types plus teacher interaction,Placement team recommendation; Head of School final decision,English 4 precedes English 5; no same-year English acceleration.
FF.G4.ELA.17,English Language Arts,Speaking and Listening,Present clearly with appropriate media and register,Grade 3 organized oral reports,Grade 5 evidence-rich presentation and adaptation,No,Mastery of essential standards demonstrated through multiple evidence types plus teacher interaction,Placement team recommendation; Head of School final decision,English 4 precedes English 5; no same-year English acceleration.
FF.G4.ELA.18,English Language Arts,Writing,Write evidence-based opinions,Grade 3 opinion writing,Grade 5 evidence development and counterpoint awareness,No,Mastery of essential standards demonstrated through multiple evidence types plus teacher interaction,Placement team recommendation; Head of School final decision,English 4 precedes English 5; no same-year English acceleration.
FF.G4.ELA.19,English Language Arts,Writing,Write informative explanations,Grade 3 informative writing,Grade 5 multi-paragraph explanation with varied evidence,No,Mastery of essential standards demonstrated through multiple evidence types plus teacher interaction,Placement team recommendation; Head of School final decision,English 4 precedes English 5; no same-year English acceleration.
FF.G4.ELA.20,English Language Arts,Writing,Craft effective narratives,Grade 3 narrative sequence and detail,"Grade 5 pacing, description, and narrative technique",No,Mastery of essential standards demonstrated through multiple evidence types plus teacher interaction,Placement team recommendation; Head of School final decision,English 4 precedes English 5; no same-year English acceleration.
FF.G4.ELA.21,English Language Arts,Writing Process,"Plan, revise, edit, and publish coherent writing",Grade 3 guided writing process,Grade 5 increasing independence and collaboration,No,Mastery of essential standards demonstrated through multiple evidence types plus teacher interaction,Placement team recommendation; Head of School final decision,English 4 precedes English 5; no same-year English acceleration.
FF.G4.ELA.22,English Language Arts,Research,"Research, evaluate sources, and use evidence",Grade 3 short research and note-taking,Grade 5 multi-source inquiry and evidence integration,No,Mastery of essential standards demonstrated through multiple evidence types plus teacher interaction,Placement team recommendation; Head of School final decision,English 4 precedes English 5; no same-year English acceleration.
FF.G4.ELA.23,English Language Arts,Writing Range,Write routinely for varied purposes and time frames,Grade 3 routine writing,Grade 5 sustained independent writing,No,Mastery of essential standards demonstrated through multiple evidence types plus teacher interaction,Placement team recommendation; Head of School final decision,English 4 precedes English 5; no same-year English acceleration.
FF.G4.MATH.01,Mathematics,Operations & Algebraic Thinking,Interpret multiplicative comparison,Grade 3 multiplication meaning,5.OA.A.1–2 numerical expressions,Yes,Mastery of essential standards demonstrated through multiple evidence types plus teacher interaction,Placement team recommendation; Head of School final decision,May replace elective space with next course (Math 5) after current-course mastery.
FF.G4.MATH.02,Mathematics,Operations & Algebraic Thinking,Solve multiplicative comparison problems,3.OA.A.3,5.NBT.B.5–6,Yes,Mastery of essential standards demonstrated through multiple evidence types plus teacher interaction,Placement team recommendation; Head of School final decision,May replace elective space with next course (Math 5) after current-course mastery.
FF.G4.MATH.03,Mathematics,Operations & Algebraic Thinking,Solve multistep whole-number problems,3.OA.D.8,5.OA.A.1–2,Yes,Mastery of essential standards demonstrated through multiple evidence types plus teacher interaction,Placement team recommendation; Head of School final decision,May replace elective space with next course (Math 5) after current-course mastery.
FF.G4.MATH.04,Mathematics,Operations & Algebraic Thinking,"Analyze factors, multiples, primes, and composites",3.OA.C.7,5.NF.B.4,Yes,Mastery of essential standards demonstrated through multiple evidence types plus teacher interaction,Placement team recommendation; Head of School final decision,May replace elective space with next course (Math 5) after current-course mastery.
FF.G4.MATH.05,Mathematics,Operations & Algebraic Thinking,Generate and analyze patterns,3.OA.D.9,5.OA.B.3,Yes,Mastery of essential standards demonstrated through multiple evidence types plus teacher interaction,Placement team recommendation; Head of School final decision,May replace elective space with next course (Math 5) after current-course mastery.
FF.G4.MATH.06,Mathematics,Number & Operations—Base Ten,Reason about place-value relationships,3.NBT.A.1,5.NBT.A.1,Yes,Mastery of essential standards demonstrated through multiple evidence types plus teacher interaction,Placement team recommendation; Head of School final decision,May replace elective space with next course (Math 5) after current-course mastery.
FF.G4.MATH.07,Mathematics,Number & Operations—Base Ten,"Read, write, and compare whole numbers",3.NBT.A.1,5.NBT.A.3,Yes,Mastery of essential standards demonstrated through multiple evidence types plus teacher interaction,Placement team recommendation; Head of School final decision,May replace elective space with next course (Math 5) after current-course mastery.
FF.G4.MATH.08,Mathematics,Number & Operations—Base Ten,Round whole numbers using place value,3.NBT.A.1,5.NBT.A.4,Yes,Mastery of essential standards demonstrated through multiple evidence types plus teacher interaction,Placement team recommendation; Head of School final decision,May replace elective space with next course (Math 5) after current-course mastery.
FF.G4.MATH.09,Mathematics,Number & Operations—Base Ten,Add and subtract fluently,3.NBT.A.2,5.NBT.B.5,Yes,Mastery of essential standards demonstrated through multiple evidence types plus teacher interaction,Placement team recommendation; Head of School final decision,May replace elective space with next course (Math 5) after current-course mastery.
FF.G4.MATH.10,Mathematics,Number & Operations—Base Ten,Multiply multi-digit whole numbers,3.OA.C.7,5.NBT.B.5,Yes,Mastery of essential standards demonstrated through multiple evidence types plus teacher interaction,Placement team recommendation; Head of School final decision,May replace elective space with next course (Math 5) after current-course mastery.
FF.G4.MATH.11,Mathematics,Number & Operations—Base Ten,Divide multi-digit whole numbers,3.OA.B.6,5.NBT.B.6,Yes,Mastery of essential standards demonstrated through multiple evidence types plus teacher interaction,Placement team recommendation; Head of School final decision,May replace elective space with next course (Math 5) after current-course mastery.
FF.G4.MATH.12,Mathematics,Fractions,Generate equivalent fractions,3.NF.A.3,5.NF.A.1,Yes,Mastery of essential standards demonstrated through multiple evidence types plus teacher interaction,Placement team recommendation; Head of School final decision,May replace elective space with next course (Math 5) after current-course mastery.
FF.G4.MATH.13,Mathematics,Fractions,Compare fractions,3.NF.A.3,5.NF.A.1–2,Yes,Mastery of essential standards demonstrated through multiple evidence types plus teacher interaction,Placement team recommendation; Head of School final decision,May replace elective space with next course (Math 5) after current-course mastery.
FF.G4.MATH.14,Mathematics,Fractions,"Compose, decompose, and operate with like-denominator fractions",3.NF.A.1,5.NF.A.1–2,Yes,Mastery of essential standards demonstrated through multiple evidence types plus teacher interaction,Placement team recommendation; Head of School final decision,May replace elective space with next course (Math 5) after current-course mastery.
FF.G4.MATH.15,Mathematics,Fractions,Multiply a fraction by a whole number,3.OA.A.1,5.NF.B.4,Yes,Mastery of essential standards demonstrated through multiple evidence types plus teacher interaction,Placement team recommendation; Head of School final decision,May replace elective space with next course (Math 5) after current-course mastery.
FF.G4.MATH.16,Mathematics,Fractions & Decimals,Relate tenths and hundredths,4.NF.A.1,5.NBT.A.3,Yes,Mastery of essential standards demonstrated through multiple evidence types plus teacher interaction,Placement team recommendation; Head of School final decision,May replace elective space with next course (Math 5) after current-course mastery.
FF.G4.MATH.17,Mathematics,Fractions & Decimals,Represent decimal fractions,4.NF.C.5,5.NBT.A.3,Yes,Mastery of essential standards demonstrated through multiple evidence types plus teacher interaction,Placement team recommendation; Head of School final decision,May replace elective space with next course (Math 5) after current-course mastery.
FF.G4.MATH.18,Mathematics,Fractions & Decimals,Compare decimals to hundredths,4.NF.C.6,5.NBT.A.3,Yes,Mastery of essential standards demonstrated through multiple evidence types plus teacher interaction,Placement team recommendation; Head of School final decision,May replace elective space with next course (Math 5) after current-course mastery.
FF.G4.MATH.19,Mathematics,Measurement & Data,Measure and estimate within systems,3.MD.A.2,5.MD.A.1,Yes,Mastery of essential standards demonstrated through multiple evidence types plus teacher interaction,Placement team recommendation; Head of School final decision,May replace elective space with next course (Math 5) after current-course mastery.
FF.G4.MATH.20,Mathematics,Measurement & Data,Solve measurement problems,3.MD.A.1–2,5.MD.A.1,Yes,Mastery of essential standards demonstrated through multiple evidence types plus teacher interaction,Placement team recommendation; Head of School final decision,May replace elective space with next course (Math 5) after current-course mastery.
FF.G4.MATH.21,Mathematics,Measurement & Data,Apply area and perimeter formulas,3.MD.C.7–8,5.MD.C.3–5,Yes,Mastery of essential standards demonstrated through multiple evidence types plus teacher interaction,Placement team recommendation; Head of School final decision,May replace elective space with next course (Math 5) after current-course mastery.
FF.G4.MATH.22,Mathematics,Measurement & Data,Represent fractional data on line plots,3.MD.B.3–4,5.MD.B.2,Yes,Mastery of essential standards demonstrated through multiple evidence types plus teacher interaction,Placement team recommendation; Head of School final decision,May replace elective space with next course (Math 5) after current-course mastery.
FF.G4.MATH.23,Mathematics,Measurement & Data,Understand angle measurement,3.G.A.1,5.G.B.3–4,Yes,Mastery of essential standards demonstrated through multiple evidence types plus teacher interaction,Placement team recommendation; Head of School final decision,May replace elective space with next course (Math 5) after current-course mastery.
FF.G4.MATH.24,Mathematics,Measurement & Data,Measure and draw angles,4.MD.C.5,5.G.B.3–4,Yes,Mastery of essential standards demonstrated through multiple evidence types plus teacher interaction,Placement team recommendation; Head of School final decision,May replace elective space with next course (Math 5) after current-course mastery.
FF.G4.MATH.25,Mathematics,Measurement & Data,Reason with additive angles,4.MD.C.6,5.G.B.3–4,Yes,Mastery of essential standards demonstrated through multiple evidence types plus teacher interaction,Placement team recommendation; Head of School final decision,May replace elective space with next course (Math 5) after current-course mastery.
FF.G4.MATH.26,Mathematics,Geometry,Draw and identify geometric elements,3.G.A.1,5.G.A.1–2,Yes,Mastery of essential standards demonstrated through multiple evidence types plus teacher interaction,Placement team recommendation; Head of School final decision,May replace elective space with next course (Math 5) after current-course mastery.
FF.G4.MATH.27,Mathematics,Geometry,Classify two-dimensional figures,3.G.A.1,5.G.B.3–4,Yes,Mastery of essential standards demonstrated through multiple evidence types plus teacher interaction,Placement team recommendation; Head of School final decision,May replace elective space with next course (Math 5) after current-course mastery.
FF.G4.MATH.28,Mathematics,Geometry,Analyze line symmetry,3.G.A.1,5.G.B.3–4,Yes,Mastery of essential standards demonstrated through multiple evidence types plus teacher interaction,Placement team recommendation; Head of School final decision,May replace elective space with next course (Math 5) after current-course mastery.
FF.G4.SCI.01,Science,Physical Science—Energy,Relate speed and energy,Grade 3 motion and forces,5.PS1 / advanced Grade 5 science pathway,Yes,Mastery of essential standards demonstrated through multiple evidence types plus teacher interaction,Placement team recommendation; Head of School final decision,May replace elective space with next course (Science 5) after current-course mastery.
FF.G4.SCI.02,Science,Physical Science—Energy,Investigate collision energy,Grade 3 forces investigations,5.PS1 / advanced Grade 5 science pathway,Yes,Mastery of essential standards demonstrated through multiple evidence types plus teacher interaction,Placement team recommendation; Head of School final decision,May replace elective space with next course (Science 5) after current-course mastery.
FF.G4.SCI.03,Science,Physical Science—Energy,Transform stored energy,Grade 3 forces and motion,5-PS1 and engineering applications,Yes,Mastery of essential standards demonstrated through multiple evidence types plus teacher interaction,Placement team recommendation; Head of School final decision,May replace elective space with next course (Science 5) after current-course mastery.
FF.G4.SCI.04,Science,Physical Science—Waves,Model wave properties,Grade 3 patterns,MS-PS4-1 extension after Grade 5 readiness,Yes,Mastery of essential standards demonstrated through multiple evidence types plus teacher interaction,Placement team recommendation; Head of School final decision,May replace elective space with next course (Science 5) after current-course mastery.
FF.G4.SCI.05,Science,Physical Science—Light,Explain color and bending of light,Grade 3 observations of light,MS-PS4-2 extension after Grade 5 readiness,Yes,Mastery of essential standards demonstrated through multiple evidence types plus teacher interaction,Placement team recommendation; Head of School final decision,May replace elective space with next course (Science 5) after current-course mastery.
FF.G4.SCI.06,Science,Physical Science—Information Transfer,Investigate lenses and wave technologies,Grade 3 communication technologies,MS-PS4-3 extension after Grade 5 readiness,Yes,Mastery of essential standards demonstrated through multiple evidence types plus teacher interaction,Placement team recommendation; Head of School final decision,May replace elective space with next course (Science 5) after current-course mastery.
FF.G4.SCI.07,Science,Life Science—Ecosystems,Model matter flow in food webs,Grade 3 organism needs,5.LS2.1 and advanced Grade 5 science pathway,Yes,Mastery of essential standards demonstrated through multiple evidence types plus teacher interaction,Placement team recommendation; Head of School final decision,May replace elective space with next course (Science 5) after current-course mastery.
FF.G4.SCI.08,Science,Life Science—Ecosystems,Explain stable ecosystem roles,Grade 3 habitats and survival,5.LS2.1 and advanced Grade 5 science pathway,Yes,Mastery of essential standards demonstrated through multiple evidence types plus teacher interaction,Placement team recommendation; Head of School final decision,May replace elective space with next course (Science 5) after current-course mastery.
FF.G4.SCI.09,Science,Life Science—Ecosystems,Predict effects of species changes,Grade 3 adaptation and survival,MS-LS2-4 extension after Grade 5 readiness,Yes,Mastery of essential standards demonstrated through multiple evidence types plus teacher interaction,Placement team recommendation; Head of School final decision,May replace elective space with next course (Science 5) after current-course mastery.
FF.G4.SCI.10,Science,Life Science—Environmental Change,Analyze organism responses to change,Grade 3 inheritance and environment,MS-LS2-1/4 extension after Grade 5 readiness,Yes,Mastery of essential standards demonstrated through multiple evidence types plus teacher interaction,Placement team recommendation; Head of School final decision,May replace elective space with next course (Science 5) after current-course mastery.
FF.G4.SCI.11,Science,Life Science—Fossils,Use fossils as evidence of the past,Grade 3 life cycles and variation,5.ESS / advanced Grade 5 science pathway,Yes,Mastery of essential standards demonstrated through multiple evidence types plus teacher interaction,Placement team recommendation; Head of School final decision,May replace elective space with next course (Science 5) after current-course mastery.
FF.G4.SCI.12,Science,Earth Science—Landscapes,Explain landscape change over time,Grade 3 weather and land observations,5.ESS2 and advanced Grade 5 science pathway,Yes,Mastery of essential standards demonstrated through multiple evidence types plus teacher interaction,Placement team recommendation; Head of School final decision,May replace elective space with next course (Science 5) after current-course mastery.
FF.G4.SCI.13,Science,Earth Science—Geologic History,Order rock strata with fossil evidence,Grade 3 fossil evidence,MS-ESS1-4 extension after Grade 5 readiness,Yes,Mastery of essential standards demonstrated through multiple evidence types plus teacher interaction,Placement team recommendation; Head of School final decision,May replace elective space with next course (Science 5) after current-course mastery.
FF.G4.SCI.14,Science,Earth Science—Weathering & Erosion,Investigate weathering and transport,Grade 3 water and land patterns,5.ESS2 and advanced Grade 5 science pathway,Yes,Mastery of essential standards demonstrated through multiple evidence types plus teacher interaction,Placement team recommendation; Head of School final decision,May replace elective space with next course (Science 5) after current-course mastery.
FF.G4.SCI.15,Science,Earth Science—Earth Features,Analyze patterns in Earth features,Grade 3 map and pattern skills,MS-ESS2-2 extension after Grade 5 readiness,Yes,Mastery of essential standards demonstrated through multiple evidence types plus teacher interaction,Placement team recommendation; Head of School final decision,May replace elective space with next course (Science 5) after current-course mastery.
FF.G4.SCI.16,Science,Earth Science—Organisms & Land,Explain how organisms alter regions,Grade 3 organism-environment relationships,5.ESS2.1 and advanced Grade 5 pathway,Yes,Mastery of essential standards demonstrated through multiple evidence types plus teacher interaction,Placement team recommendation; Head of School final decision,May replace elective space with next course (Science 5) after current-course mastery.
FF.G4.SCI.17,Science,Earth Science—Resources,Classify natural resources,Grade 3 human use of resources,5.ESS3 and advanced Grade 5 pathway,Yes,Mastery of essential standards demonstrated through multiple evidence types plus teacher interaction,Placement team recommendation; Head of School final decision,May replace elective space with next course (Science 5) after current-course mastery.
FF.G4.SCI.18,Science,Earth Science—Human Impact,Evaluate effects of human activity,Grade 3 environmental solutions,5.ESS3 and advanced Grade 5 pathway,Yes,Mastery of essential standards demonstrated through multiple evidence types plus teacher interaction,Placement team recommendation; Head of School final decision,May replace elective space with next course (Science 5) after current-course mastery.
FF.G4.SCI.19,Science,Engineering Design,Test and compare design solutions,Grade 3 define/design/test cycle,5.ETS and advanced Grade 5 pathway,Yes,Mastery of essential standards demonstrated through multiple evidence types plus teacher interaction,Placement team recommendation; Head of School final decision,May replace elective space with next course (Science 5) after current-course mastery.
FF.G4.SCI.20,Science,Technology & Society,Evaluate technology improvement,Grade 3 technology-purpose connections,5.ETS and advanced Grade 5 pathway,Yes,Mastery of essential standards demonstrated through multiple evidence types plus teacher interaction,Placement team recommendation; Head of School final decision,May replace elective space with next course (Science 5) after current-course mastery.
FF.G4.SS.01,Social Studies,Social Studies Practices,Gather inquiry sources,Grade 3 inquiry and source gathering,Grade 5 independent source selection,Yes,Mastery of essential standards demonstrated through multiple evidence types plus teacher interaction,Placement team recommendation; Head of School final decision,May replace elective space with next course (History 5) after current-course mastery.
FF.G4.SS.02,Social Studies,Social Studies Practices,Critically examine sources,Grade 3 source observation,Grade 5 corroboration and sourcing,Yes,Mastery of essential standards demonstrated through multiple evidence types plus teacher interaction,Placement team recommendation; Head of School final decision,May replace elective space with next course (History 5) after current-course mastery.
FF.G4.SS.03,Social Studies,Social Studies Practices,Organize and compare evidence,Grade 3 compare sources,Grade 5 multi-source synthesis,Yes,Mastery of essential standards demonstrated through multiple evidence types plus teacher interaction,Placement team recommendation; Head of School final decision,May replace elective space with next course (History 5) after current-course mastery.
FF.G4.SS.04,Social Studies,Social Studies Practices,Communicate evidence-based conclusions,Grade 3 evidence-based communication,Grade 5 sustained historical argument,Yes,Mastery of essential standards demonstrated through multiple evidence types plus teacher interaction,Placement team recommendation; Head of School final decision,May replace elective space with next course (History 5) after current-course mastery.
FF.G4.SS.05,Social Studies,Social Studies Practices,Develop historical awareness,Grade 3 chronology and perspectives,Grade 5 historical causation and context,Yes,Mastery of essential standards demonstrated through multiple evidence types plus teacher interaction,Placement team recommendation; Head of School final decision,May replace elective space with next course (History 5) after current-course mastery.
FF.G4.SS.06,Social Studies,Social Studies Practices,Develop geographic awareness,Grade 3 map features and human-environment interaction,Grade 5 Tennessee and world geography,Yes,Mastery of essential standards demonstrated through multiple evidence types plus teacher interaction,Placement team recommendation; Head of School final decision,May replace elective space with next course (History 5) after current-course mastery.
FF.G4.SS.07,Social Studies,U.S. Before the Civil War,Analyze sectional conflict and enslavement,Grade 3 expansion and industrial change,Grade 5 Tennessee history and geographic context,Yes,Mastery of essential standards demonstrated through multiple evidence types plus teacher interaction,Placement team recommendation; Head of School final decision,May replace elective space with next course (History 5) after current-course mastery.
FF.G4.SS.08,Social Studies,Civil War,"Explain causes, strategies, leadership, and turning points",Antebellum conflict competency,Grade 5 Tennessee Civil War connections,Yes,Mastery of essential standards demonstrated through multiple evidence types plus teacher interaction,Placement team recommendation; Head of School final decision,May replace elective space with next course (History 5) after current-course mastery.
FF.G4.SS.09,Social Studies,Reconstruction,Evaluate consequences and Reconstruction,Civil War course and outcomes,Grade 5 Tennessee Reconstruction and civics,Yes,Mastery of essential standards demonstrated through multiple evidence types plus teacher interaction,Placement team recommendation; Head of School final decision,May replace elective space with next course (History 5) after current-course mastery.
FF.G4.SS.10,Social Studies,Industrialization & Great Plains,"Explain settlement, innovation, industry, and labor",Reconstruction and westward context,Grade 5 Tennessee economic/geographic development,Yes,Mastery of essential standards demonstrated through multiple evidence types plus teacher interaction,Placement team recommendation; Head of School final decision,May replace elective space with next course (History 5) after current-course mastery.
FF.G4.SS.11,Social Studies,Gilded Age & Progressive Era,"Analyze immigration, expansion, and reform",Industrialization competency,"Grade 5 civic, economic, and migration connections",Yes,Mastery of essential standards demonstrated through multiple evidence types plus teacher interaction,Placement team recommendation; Head of School final decision,May replace elective space with next course (History 5) after current-course mastery.
FF.G4.SS.12,Social Studies,World War I,"Explain U.S. entry, alliances, impact, and peace debate",Imperialism and global geography,Grade 5 global geography and civic decision-making,Yes,Mastery of essential standards demonstrated through multiple evidence types plus teacher interaction,Placement team recommendation; Head of School final decision,May replace elective space with next course (History 5) after current-course mastery.
FF.G4.SS.13,Social Studies,1920s & Economics,"Connect popular culture, scarcity, supply, and demand",Industrialization and World War I,Grade 5 economic reasoning and Tennessee culture,Yes,Mastery of essential standards demonstrated through multiple evidence types plus teacher interaction,Placement team recommendation; Head of School final decision,May replace elective space with next course (History 5) after current-course mastery.
FF.G4.SS.14,Social Studies,Great Depression & New Deal,"Analyze causes, impacts, and government response","Scarcity, supply, demand, and 1920s consumer culture",Grade 5 government/economics connections,Yes,Mastery of essential standards demonstrated through multiple evidence types plus teacher interaction,Placement team recommendation; Head of School final decision,May replace elective space with next course (History 5) after current-course mastery.
FF.G4.SS.15,Social Studies,World War II,"Analyze regimes, alliances, and U.S. entry",World War I and interwar instability,Grade 5 global geography and government systems,Yes,Mastery of essential standards demonstrated through multiple evidence types plus teacher interaction,Placement team recommendation; Head of School final decision,May replace elective space with next course (History 5) after current-course mastery.
FF.G4.SS.16,Social Studies,World War II,Evaluate the home front and Holocaust,World War II governments and U.S. entry,Grade 5 historical memory and civic responsibility,Yes,Mastery of essential standards demonstrated through multiple evidence types plus teacher interaction,Placement team recommendation; Head of School final decision,May replace elective space with next course (History 5) after current-course mastery.
FF.G4.SS.17,Social Studies,Postwar United States,Explain postwar consumer and entertainment growth,World War II home front,Grade 5 Tennessee development and geography,Yes,Mastery of essential standards demonstrated through multiple evidence types plus teacher interaction,Placement team recommendation; Head of School final decision,May replace elective space with next course (History 5) after current-course mastery.
FF.G4.SS.18,Social Studies,Civil Rights Movement,"Analyze people, events, legislation, and effects",Reconstruction rights and citizenship,Grade 5 Tennessee civil rights connections and civics,Yes,Mastery of essential standards demonstrated through multiple evidence types plus teacher interaction,Placement team recommendation; Head of School final decision,May replace elective space with next course (History 5) after current-course mastery.
FF.G5.ELA.01,English Language Arts,Foundational Skills,Read fluently for meaning,Grade 4 fluency and self-correction,Grade 6 comprehension of increasingly complex text,No,Mastery of essential standards demonstrated through multiple evidence types plus teacher interaction,Placement team recommendation; Head of School final decision,English 5 precedes English 6; no same-year English acceleration.
FF.G5.ELA.02,English Language Arts,Language,Use standard grammar and usage,Grade 4 grammar and sentence conventions,"Grade 6 pronoun case, phrases, clauses, and sentence types",No,Mastery of essential standards demonstrated through multiple evidence types plus teacher interaction,Placement team recommendation; Head of School final decision,English 5 precedes English 6; no same-year English acceleration.
FF.G5.ELA.03,English Language Arts,Language,"Apply capitalization, punctuation, and spelling","Grade 4 capitalization, quotations, and compound-sentence punctuation",Grade 6 punctuation for parenthetical elements,No,Mastery of essential standards demonstrated through multiple evidence types plus teacher interaction,Placement team recommendation; Head of School final decision,English 5 precedes English 6; no same-year English acceleration.
FF.G5.ELA.04,English Language Arts,Vocabulary,Determine word meaning in context,Grade 4 flexible context and morphology strategies,"Grade 6 context, morphology, reference, and etymology strategies",No,Mastery of essential standards demonstrated through multiple evidence types plus teacher interaction,Placement team recommendation; Head of School final decision,English 5 precedes English 6; no same-year English acceleration.
FF.G5.ELA.05,English Language Arts,Vocabulary,Interpret figurative language and word relationships,Grade 4 figurative language and word nuance,"Grade 6 connotation, denotation, and figures of speech",No,Mastery of essential standards demonstrated through multiple evidence types plus teacher interaction,Placement team recommendation; Head of School final decision,English 5 precedes English 6; no same-year English acceleration.
FF.G5.ELA.06,English Language Arts,Vocabulary,Acquire academic and domain vocabulary,Grade 4 academic vocabulary,Grade 6 independent vocabulary development,No,Mastery of essential standards demonstrated through multiple evidence types plus teacher interaction,Placement team recommendation; Head of School final decision,English 5 precedes English 6; no same-year English acceleration.
FF.G5.ELA.07,English Language Arts,Literature,Quote accurately and make inferences,"Grade 4 details, examples, and inferences",Grade 6 cited textual evidence and inference,No,Mastery of essential standards demonstrated through multiple evidence types plus teacher interaction,Placement team recommendation; Head of School final decision,English 5 precedes English 6; no same-year English acceleration.
FF.G5.ELA.08,English Language Arts,Literature,Determine theme and summarize,Grade 4 theme and summary,Grade 6 theme development across a text,No,Mastery of essential standards demonstrated through multiple evidence types plus teacher interaction,Placement team recommendation; Head of School final decision,English 5 precedes English 6; no same-year English acceleration.
FF.G5.ELA.09,English Language Arts,Literature,Compare story elements,Grade 4 in-depth description of story elements,Grade 6 plot development and character response,No,Mastery of essential standards demonstrated through multiple evidence types plus teacher interaction,Placement team recommendation; Head of School final decision,English 5 precedes English 6; no same-year English acceleration.
FF.G5.ELA.10,English Language Arts,Literature,"Analyze literary craft, structure, and viewpoint","Grade 4 literary word choice, structure, and viewpoint","Grade 6 connotation, structural contribution, and point-of-view development",No,Mastery of essential standards demonstrated through multiple evidence types plus teacher interaction,Placement team recommendation; Head of School final decision,English 5 precedes English 6; no same-year English acceleration.
FF.G5.ELA.11,English Language Arts,Literature,Integrate representations and compare texts,Grade 4 representation and theme comparison,"Grade 6 comparison across written, audio, video, live, and genre forms",No,Mastery of essential standards demonstrated through multiple evidence types plus teacher interaction,Placement team recommendation; Head of School final decision,English 5 precedes English 6; no same-year English acceleration.
FF.G5.ELA.12,English Language Arts,Informational Text,"Explain evidence, central ideas, and relationships","Grade 4 evidence, main idea, and relationships","Grade 6 cited evidence, central idea development, and detailed analysis",No,Mastery of essential standards demonstrated through multiple evidence types plus teacher interaction,Placement team recommendation; Head of School final decision,English 5 precedes English 6; no same-year English acceleration.
FF.G5.ELA.13,English Language Arts,Informational Text,"Analyze informational craft, structure, and accounts","Grade 4 domain language, text structure, and accounts","Grade 6 word choice, structural contribution, and author purpose",No,Mastery of essential standards demonstrated through multiple evidence types plus teacher interaction,Placement team recommendation; Head of School final decision,English 5 precedes English 6; no same-year English acceleration.
FF.G5.ELA.14,English Language Arts,Informational Text,Integrate evidence across formats and sources,Grade 4 visual evidence and two-source integration,"Grade 6 multimedia integration, argument evaluation, and source comparison",No,Mastery of essential standards demonstrated through multiple evidence types plus teacher interaction,Placement team recommendation; Head of School final decision,English 5 precedes English 6; no same-year English acceleration.
FF.G5.ELA.15,English Language Arts,Reading Range,Read and comprehend Grade 5 literature and information,Grade 4 text complexity and stamina,"Grade 6 text complexity, evidence, and independence",No,Mastery of essential standards demonstrated through multiple evidence types plus teacher interaction,Placement team recommendation; Head of School final decision,English 5 precedes English 6; no same-year English acceleration.
FF.G5.ELA.16,English Language Arts,Speaking and Listening,Collaborate and evaluate spoken information,Grade 4 prepared discussion and paraphrasing,Grade 6 discussion leadership and argument evaluation,No,Mastery of essential standards demonstrated through multiple evidence types plus teacher interaction,Placement team recommendation; Head of School final decision,English 5 precedes English 6; no same-year English acceleration.
FF.G5.ELA.17,English Language Arts,Speaking and Listening,"Present clearly with evidence, media, and register",Grade 4 organized presentation and purposeful media,"Grade 6 claims, findings, and formal register",No,Mastery of essential standards demonstrated through multiple evidence types plus teacher interaction,Placement team recommendation; Head of School final decision,English 5 precedes English 6; no same-year English acceleration.
FF.G5.ELA.18,English Language Arts,Writing,Write evidence-based opinions,Grade 4 opinion writing,Grade 6 argument writing with claims and relevant evidence,No,Mastery of essential standards demonstrated through multiple evidence types plus teacher interaction,Placement team recommendation; Head of School final decision,English 5 precedes English 6; no same-year English acceleration.
FF.G5.ELA.19,English Language Arts,Writing,Write informative explanations,Grade 4 informative writing,Grade 6 analysis and organization of relevant content,No,Mastery of essential standards demonstrated through multiple evidence types plus teacher interaction,Placement team recommendation; Head of School final decision,English 5 precedes English 6; no same-year English acceleration.
FF.G5.ELA.20,English Language Arts,Writing,Craft effective narratives,Grade 4 narrative technique and sequence,"Grade 6 narrative context, pacing, and reflection",No,Mastery of essential standards demonstrated through multiple evidence types plus teacher interaction,Placement team recommendation; Head of School final decision,English 5 precedes English 6; no same-year English acceleration.
FF.G5.ELA.21,English Language Arts,Writing Process,"Plan, revise, edit, and publish coherent writing",Grade 4 guided writing process,Grade 6 sustained digital production and revision,No,Mastery of essential standards demonstrated through multiple evidence types plus teacher interaction,Placement team recommendation; Head of School final decision,English 5 precedes English 6; no same-year English acceleration.
FF.G5.ELA.22,English Language Arts,Research,"Research, evaluate sources, and use evidence",Grade 4 focused inquiry and source log,Grade 6 credible-source integration and sustained inquiry,No,Mastery of essential standards demonstrated through multiple evidence types plus teacher interaction,Placement team recommendation; Head of School final decision,English 5 precedes English 6; no same-year English acceleration.
FF.G5.ELA.23,English Language Arts,Writing Range,Write routinely for varied purposes and time frames,Grade 4 routine writing,Grade 6 sustained analytical and explanatory writing,No,Mastery of essential standards demonstrated through multiple evidence types plus teacher interaction,Placement team recommendation; Head of School final decision,English 5 precedes English 6; no same-year English acceleration.
FF.G5.MATH.01,Mathematics,Operations & Algebraic Thinking,Evaluate numerical expressions,Grade 4 multistep equations,6.EE.A.1–2 expressions and exponents,Yes,Mastery of essential standards demonstrated through multiple evidence types plus teacher interaction,Placement team recommendation; Head of School final decision,Advanced progression is permitted after demonstrated mastery and placement-team approval.
FF.G5.MATH.02,Mathematics,Operations & Algebraic Thinking,Write and interpret numerical expressions,Grade 4 multistep problem representation,6.EE.A.2 variable expressions,Yes,Mastery of essential standards demonstrated through multiple evidence types plus teacher interaction,Placement team recommendation; Head of School final decision,Advanced progression is permitted after demonstrated mastery and placement-team approval.
FF.G5.MATH.03,Mathematics,Operations & Algebraic Thinking,Generate and compare numerical patterns,Grade 4 number and shape patterns,6.RP.A.3 ratio tables and coordinate graphs,Yes,Mastery of essential standards demonstrated through multiple evidence types plus teacher interaction,Placement team recommendation; Head of School final decision,Advanced progression is permitted after demonstrated mastery and placement-team approval.
FF.G5.MATH.04,Mathematics,Number & Operations—Base Ten,Explain place-value relationships,4.NBT.A.1 place-value comparison,6.NS rational-number structure,Yes,Mastery of essential standards demonstrated through multiple evidence types plus teacher interaction,Placement team recommendation; Head of School final decision,Advanced progression is permitted after demonstrated mastery and placement-team approval.
FF.G5.MATH.05,Mathematics,Number & Operations—Base Ten,Use powers of ten and decimal patterns,Grade 4 multiplication patterns,6.EE.A.1 whole-number exponents,Yes,Mastery of essential standards demonstrated through multiple evidence types plus teacher interaction,Placement team recommendation; Head of School final decision,Advanced progression is permitted after demonstrated mastery and placement-team approval.
FF.G5.MATH.06,Mathematics,Number & Operations—Base Ten,"Read, write, and compare decimals",4.NF.C.6–7 decimal notation and comparison,6.NS.C.7 rational-number order,Yes,Mastery of essential standards demonstrated through multiple evidence types plus teacher interaction,Placement team recommendation; Head of School final decision,Advanced progression is permitted after demonstrated mastery and placement-team approval.
FF.G5.MATH.07,Mathematics,Number & Operations—Base Ten,Round decimals using place value,4.NBT.A.3 whole-number rounding,6.NS.C.7 rational-number order and absolute value,Yes,Mastery of essential standards demonstrated through multiple evidence types plus teacher interaction,Placement team recommendation; Head of School final decision,Advanced progression is permitted after demonstrated mastery and placement-team approval.
FF.G5.MATH.08,Mathematics,Number & Operations—Base Ten,Multiply multi-digit whole numbers fluently,4.NBT.B.5 multi-digit multiplication,6.NS.B.2–3 standard algorithms,Yes,Mastery of essential standards demonstrated through multiple evidence types plus teacher interaction,Placement team recommendation; Head of School final decision,Advanced progression is permitted after demonstrated mastery and placement-team approval.
FF.G5.MATH.09,Mathematics,Number & Operations—Base Ten,Divide multi-digit whole numbers,4.NBT.B.6 division strategies,6.NS.B.2 fluent standard algorithm,Yes,Mastery of essential standards demonstrated through multiple evidence types plus teacher interaction,Placement team recommendation; Head of School final decision,Advanced progression is permitted after demonstrated mastery and placement-team approval.
FF.G5.MATH.10,Mathematics,Number & Operations—Base Ten,Operate with decimals to hundredths,Grade 4 decimal notation and whole-number operations,6.NS.B.3 fluent decimal operations,Yes,Mastery of essential standards demonstrated through multiple evidence types plus teacher interaction,Placement team recommendation; Head of School final decision,Advanced progression is permitted after demonstrated mastery and placement-team approval.
FF.G5.MATH.11,Mathematics,Fractions,Add and subtract fractions with unlike denominators,4.NF.A.1–2 equivalence and comparison,6.NS.A.1 division of fractions,Yes,Mastery of essential standards demonstrated through multiple evidence types plus teacher interaction,Placement team recommendation; Head of School final decision,Advanced progression is permitted after demonstrated mastery and placement-team approval.
FF.G5.MATH.12,Mathematics,Fractions,Solve fraction addition and subtraction problems,4.NF.B.3 fraction addition and subtraction,6.RP and 6.NS rational-number applications,Yes,Mastery of essential standards demonstrated through multiple evidence types plus teacher interaction,Placement team recommendation; Head of School final decision,Advanced progression is permitted after demonstrated mastery and placement-team approval.
FF.G5.MATH.13,Mathematics,Fractions,Interpret fractions as division,Grade 4 fraction meaning and equivalence,6.NS.A.1 fraction division,Yes,Mastery of essential standards demonstrated through multiple evidence types plus teacher interaction,Placement team recommendation; Head of School final decision,Advanced progression is permitted after demonstrated mastery and placement-team approval.
FF.G5.MATH.14,Mathematics,Fractions,Multiply fractions and model fractional area,4.NF.B.4 fraction times whole number,6.NS.A.1 fraction division and rational applications,Yes,Mastery of essential standards demonstrated through multiple evidence types plus teacher interaction,Placement team recommendation; Head of School final decision,Advanced progression is permitted after demonstrated mastery and placement-team approval.
FF.G5.MATH.15,Mathematics,Fractions,Interpret multiplication as scaling,Grade 4 multiplicative comparison,6.RP.A.1–3 ratio and rate reasoning,Yes,Mastery of essential standards demonstrated through multiple evidence types plus teacher interaction,Placement team recommendation; Head of School final decision,Advanced progression is permitted after demonstrated mastery and placement-team approval.
FF.G5.MATH.16,Mathematics,Fractions,Solve fraction multiplication problems,5.NF.B.4 fraction multiplication,6.NS.A.1 fraction division and 6.RP applications,Yes,Mastery of essential standards demonstrated through multiple evidence types plus teacher interaction,Placement team recommendation; Head of School final decision,Advanced progression is permitted after demonstrated mastery and placement-team approval.
FF.G5.MATH.17,Mathematics,Fractions,Divide unit fractions and whole numbers,Grade 4 fraction multiplication,6.NS.A.1 division of fractions by fractions,Yes,Mastery of essential standards demonstrated through multiple evidence types plus teacher interaction,Placement team recommendation; Head of School final decision,Advanced progression is permitted after demonstrated mastery and placement-team approval.
FF.G5.MATH.18,Mathematics,Measurement & Data,Convert measurements within a system,4.MD.A.1 unit relationships,6.RP.A.3d unit conversion with ratios,Yes,Mastery of essential standards demonstrated through multiple evidence types plus teacher interaction,Placement team recommendation; Head of School final decision,Advanced progression is permitted after demonstrated mastery and placement-team approval.
FF.G5.MATH.19,Mathematics,Measurement & Data,Represent and interpret fractional data,4.MD.B.4 line plots with fractions,6.SP.A–B statistical distributions,Yes,Mastery of essential standards demonstrated through multiple evidence types plus teacher interaction,Placement team recommendation; Head of School final decision,Advanced progression is permitted after demonstrated mastery and placement-team approval.
FF.G5.MATH.20,Mathematics,Measurement & Data,Explain volume measurement,Grade 4 area and multiplicative measurement,6.G.A.2 volume with fractional edges,Yes,Mastery of essential standards demonstrated through multiple evidence types plus teacher interaction,Placement team recommendation; Head of School final decision,Advanced progression is permitted after demonstrated mastery and placement-team approval.
FF.G5.MATH.21,Mathematics,Measurement & Data,Measure volume with unit cubes,5.MD.C.3 unit-cube concepts,6.G.A.2 volume with fractional edge lengths,Yes,Mastery of essential standards demonstrated through multiple evidence types plus teacher interaction,Placement team recommendation; Head of School final decision,Advanced progression is permitted after demonstrated mastery and placement-team approval.
FF.G5.MATH.22,Mathematics,Measurement & Data,Relate volume to multiplication and addition,5.MD.C.3–4 volume concepts and measurement,6.G.A.2 volume with fractional edges and formulas,Yes,Mastery of essential standards demonstrated through multiple evidence types plus teacher interaction,Placement team recommendation; Head of School final decision,Advanced progression is permitted after demonstrated mastery and placement-team approval.
FF.G5.MATH.23,Mathematics,Geometry,Graph and interpret ordered pairs,Grade 4 line and angle representations,6.NS.C.6 coordinate plane in four quadrants,Yes,Mastery of essential standards demonstrated through multiple evidence types plus teacher interaction,Placement team recommendation; Head of School final decision,Advanced progression is permitted after demonstrated mastery and placement-team approval.
FF.G5.MATH.24,Mathematics,Geometry,Solve problems on the coordinate plane,5.G.A.1 ordered-pair meaning,6.NS.C.8 four-quadrant coordinate problems,Yes,Mastery of essential standards demonstrated through multiple evidence types plus teacher interaction,Placement team recommendation; Head of School final decision,Advanced progression is permitted after demonstrated mastery and placement-team approval.
FF.G5.MATH.25,Mathematics,Geometry,Classify two-dimensional figures hierarchically,4.G.A.2 shape classification,6.G.A.1 area through composition and decomposition,Yes,Mastery of essential standards demonstrated through multiple evidence types plus teacher interaction,Placement team recommendation; Head of School final decision,Advanced progression is permitted after demonstrated mastery and placement-team approval.
FF.G5.SCI.01,Science,Physical Science—Matter,Explain phase changes with property data,Grade 4 energy and material observations,6.PS3 energy transfer in systems,Yes,Mastery of essential standards demonstrated through multiple evidence types plus teacher interaction,Placement team recommendation; Head of School final decision,Advanced progression is permitted after demonstrated mastery and placement-team approval.
FF.G5.SCI.02,Science,Physical Science—Matter,Demonstrate conservation of matter,Grade 4 measurement and energy transformations,7.PS1 chemical processes and conservation,Yes,Mastery of essential standards demonstrated through multiple evidence types plus teacher interaction,Placement team recommendation; Head of School final decision,Advanced progression is permitted after demonstrated mastery and placement-team approval.
FF.G5.SCI.03,Science,Physical Science—Matter,Determine whether mixing forms a new substance,5.PS1.1 physical properties and phase changes,7.PS1 chemical reactions,Yes,Mastery of essential standards demonstrated through multiple evidence types plus teacher interaction,Placement team recommendation; Head of School final decision,Advanced progression is permitted after demonstrated mastery and placement-team approval.
FF.G5.SCI.04,Science,Physical Science—Forces,Investigate balanced and unbalanced forces,"Grade 4 energy, motion, and collisions","8.PS2 force, mass, and motion",Yes,Mastery of essential standards demonstrated through multiple evidence types plus teacher interaction,Placement team recommendation; Head of School final decision,Advanced progression is permitted after demonstrated mastery and placement-team approval.
FF.G5.SCI.05,Science,Physical Science—Forces,Use motion patterns to predict,Grade 4 motion data and wave patterns,8.PS2 motion modeling,Yes,Mastery of essential standards demonstrated through multiple evidence types plus teacher interaction,Placement team recommendation; Head of School final decision,Advanced progression is permitted after demonstrated mastery and placement-team approval.
FF.G5.SCI.06,Science,Physical Science—Forces,Explain Earth-directed gravity,Grade 4 force and motion evidence,8.PS2 gravitational interactions,Yes,Mastery of essential standards demonstrated through multiple evidence types plus teacher interaction,Placement team recommendation; Head of School final decision,Advanced progression is permitted after demonstrated mastery and placement-team approval.
FF.G5.SCI.07,Science,Physical Science—Forces,Explain force-driven patterns in systems,5.PS2.1–2 forces and motion patterns,6.PS3 energy transfers and 8.PS2 interactions,Yes,Mastery of essential standards demonstrated through multiple evidence types plus teacher interaction,Placement team recommendation; Head of School final decision,Advanced progression is permitted after demonstrated mastery and placement-team approval.
FF.G5.SCI.08,Science,Life Science—Information Processing,Compare instinctive and learned responses,"Grade 4 structures, senses, and information transfer",7.LS1 body systems and information processing,Yes,Mastery of essential standards demonstrated through multiple evidence types plus teacher interaction,Placement team recommendation; Head of School final decision,Advanced progression is permitted after demonstrated mastery and placement-team approval.
FF.G5.SCI.09,Science,Life Science—Heredity,Distinguish inherited and environmental characteristics,Grade 4 organism structures and adaptation,7.LS3 inheritance and variation,Yes,Mastery of essential standards demonstrated through multiple evidence types plus teacher interaction,Placement team recommendation; Head of School final decision,Advanced progression is permitted after demonstrated mastery and placement-team approval.
FF.G5.SCI.10,Science,Life Science—Heredity,Analyze inheritance and variation data,5.LS3.1 inherited and environmental influences,7.LS3 models of inheritance and variation,Yes,Mastery of essential standards demonstrated through multiple evidence types plus teacher interaction,Placement team recommendation; Head of School final decision,Advanced progression is permitted after demonstrated mastery and placement-team approval.
FF.G5.SCI.11,Science,Life Science—Adaptation,Explain survival advantages of variation,Grade 4 adaptations and environmental change,8.LS4 natural selection,Yes,Mastery of essential standards demonstrated through multiple evidence types plus teacher interaction,Placement team recommendation; Head of School final decision,Advanced progression is permitted after demonstrated mastery and placement-team approval.
FF.G5.SCI.12,Science,Earth Science—Stars,Explain apparent stellar brightness,Grade 4 light and observation,8.ESS1 scale and gravity in the universe,Yes,Mastery of essential standards demonstrated through multiple evidence types plus teacher interaction,Placement team recommendation; Head of School final decision,Advanced progression is permitted after demonstrated mastery and placement-team approval.
FF.G5.SCI.13,Science,Earth Science—Galaxies,Locate Earth in the Milky Way,5.ESS1.1 stars and distance,8.ESS1 scale and organization of the universe,Yes,Mastery of essential standards demonstrated through multiple evidence types plus teacher interaction,Placement team recommendation; Head of School final decision,Advanced progression is permitted after demonstrated mastery and placement-team approval.
FF.G5.SCI.14,Science,Earth Science—Earth-Sun Patterns,"Model day, night, and shadow patterns",Grade 4 observation of light and patterns,8.ESS1 Earth-sun-moon system models,Yes,Mastery of essential standards demonstrated through multiple evidence types plus teacher interaction,Placement team recommendation; Head of School final decision,Advanced progression is permitted after demonstrated mastery and placement-team approval.
FF.G5.SCI.15,Science,Earth Science—Earth-Moon-Sun System,"Explain eclipses, tides, and moon phases",5.ESS1.3 observable Earth-sun patterns,8.ESS1 Earth-sun-moon system models,Yes,Mastery of essential standards demonstrated through multiple evidence types plus teacher interaction,Placement team recommendation; Head of School final decision,Advanced progression is permitted after demonstrated mastery and placement-team approval.
FF.G5.SCI.16,Science,Earth Science—Seasons,Explain seasons and changing daylight,5.ESS1.3 day and shadow patterns,8.ESS1 seasonal system modeling,Yes,Mastery of essential standards demonstrated through multiple evidence types plus teacher interaction,Placement team recommendation; Head of School final decision,Advanced progression is permitted after demonstrated mastery and placement-team approval.
FF.G5.SCI.17,Science,Earth Science—Constellations,Track seasonal constellation patterns,Grade 4 observation and pattern analysis,8.ESS1 models of apparent celestial motion,Yes,Mastery of essential standards demonstrated through multiple evidence types plus teacher interaction,Placement team recommendation; Head of School final decision,Advanced progression is permitted after demonstrated mastery and placement-team approval.
FF.G5.SCI.18,Science,Engineering Design,Test and improve prototypes,"Grade 4 criteria, constraints, and solution comparison",6.ETS1 design solutions for biodiversity and thermal transfer,Yes,Mastery of essential standards demonstrated through multiple evidence types plus teacher interaction,Placement team recommendation; Head of School final decision,Advanced progression is permitted after demonstrated mastery and placement-team approval.
FF.G5.SCI.19,Science,Technology & Measurement,Use tools to answer testable questions,"Grade 4 technology benefits, risks, and needs",6.ETS1 controlled testing and design evaluation,Yes,Mastery of essential standards demonstrated through multiple evidence types plus teacher interaction,Placement team recommendation; Head of School final decision,Advanced progression is permitted after demonstrated mastery and placement-team approval.
FF.G5.SS.01,Social Studies,Social Studies Practices,Gather inquiry sources,Grade 4 inquiry and source gathering,Grade 6 independent source selection and corroboration,Yes,Mastery of essential standards demonstrated through multiple evidence types plus teacher interaction,Placement team recommendation; Head of School final decision,Advanced progression is permitted after demonstrated mastery and placement-team approval.
FF.G5.SS.02,Social Studies,Social Studies Practices,Critically examine sources,Grade 4 source analysis,"Grade 6 bias, validity, and argument analysis",Yes,Mastery of essential standards demonstrated through multiple evidence types plus teacher interaction,Placement team recommendation; Head of School final decision,Advanced progression is permitted after demonstrated mastery and placement-team approval.
FF.G5.SS.03,Social Studies,Social Studies Practices,Synthesize and compare evidence,Grade 4 comparison of evidence,Grade 6 multi-source validity and synthesis,Yes,Mastery of essential standards demonstrated through multiple evidence types plus teacher interaction,Placement team recommendation; Head of School final decision,Advanced progression is permitted after demonstrated mastery and placement-team approval.
FF.G5.SS.04,Social Studies,Social Studies Practices,Communicate evidence-based arguments,Grade 4 evidence-based communication,Grade 6 sustained historical argument,Yes,Mastery of essential standards demonstrated through multiple evidence types plus teacher interaction,Placement team recommendation; Head of School final decision,Advanced progression is permitted after demonstrated mastery and placement-team approval.
FF.G5.SS.05,Social Studies,Social Studies Practices,Develop historical awareness,Grade 4 chronology and historical context,"Grade 6 context, empathy, and historiography",Yes,Mastery of essential standards demonstrated through multiple evidence types plus teacher interaction,Placement team recommendation; Head of School final decision,Advanced progression is permitted after demonstrated mastery and placement-team approval.
FF.G5.SS.06,Social Studies,Social Studies Practices,Develop geographic awareness,Grade 4 map use and human-environment relationships,Grade 6 spatial patterns and diffusion across scales,Yes,Mastery of essential standards demonstrated through multiple evidence types plus teacher interaction,Placement team recommendation; Head of School final decision,Advanced progression is permitted after demonstrated mastery and placement-team approval.
FF.G5.SS.07,Social Studies,Tennessee Prior to Statehood,Explain Tennessee’s name and Indigenous cultures,Grade 4 U.S. history and source analysis,"Tennessee settlement, migration, and statehood",Yes,Mastery of essential standards demonstrated through multiple evidence types plus teacher interaction,Placement team recommendation; Head of School final decision,Advanced progression is permitted after demonstrated mastery and placement-team approval.
FF.G5.SS.08,Social Studies,Tennessee Prior to Statehood,"Analyze exploration, migration, and early settlement",Tennessee Indigenous cultures and regional geography,Tennessee statehood and early government,Yes,Mastery of essential standards demonstrated through multiple evidence types plus teacher interaction,Placement team recommendation; Head of School final decision,Advanced progression is permitted after demonstrated mastery and placement-team approval.
FF.G5.SS.09,Social Studies,Statehood & Early History,Trace Tennessee statehood and territorial growth,Early Tennessee settlements and compacts,Tennessee’s role in national expansion and conflict,Yes,Mastery of essential standards demonstrated through multiple evidence types plus teacher interaction,Placement team recommendation; Head of School final decision,Advanced progression is permitted after demonstrated mastery and placement-team approval.
FF.G5.SS.10,Social Studies,Statehood & Early History,"Evaluate Tennessee leaders, war, and Indigenous removal",Tennessee statehood and early leadership,Sectional conflict and the Civil War in Tennessee,Yes,Mastery of essential standards demonstrated through multiple evidence types plus teacher interaction,Placement team recommendation; Head of School final decision,Advanced progression is permitted after demonstrated mastery and placement-team approval.
FF.G5.SS.11,Social Studies,Tennessee During the Civil War Era,Analyze sectional differences and Civil War events,Antebellum Tennessee and national expansion,Reconstruction politics and civil rights,Yes,Mastery of essential standards demonstrated through multiple evidence types plus teacher interaction,Placement team recommendation; Head of School final decision,Advanced progression is permitted after demonstrated mastery and placement-team approval.
FF.G5.SS.12,Social Studies,Reconstruction in Tennessee,Evaluate Reconstruction government and education,Civil War consequences in Tennessee,"Jim Crow, disfranchisement, and civil rights",Yes,Mastery of essential standards demonstrated through multiple evidence types plus teacher interaction,Placement team recommendation; Head of School final decision,Advanced progression is permitted after demonstrated mastery and placement-team approval.
FF.G5.SS.13,Social Studies,Reconstruction in Tennessee,Analyze oppression after Reconstruction,Reconstruction government and education,Tennessee’s Civil Rights Movement,Yes,Mastery of essential standards demonstrated through multiple evidence types plus teacher interaction,Placement team recommendation; Head of School final decision,Advanced progression is permitted after demonstrated mastery and placement-team approval.
FF.G5.SS.14,Social Studies,Tennessee in the 20th Century,"Explain suffrage, economic recovery, and wartime contributions","Grade 4 Progressive Era, Great Depression, and world wars","Tennessee civil rights, culture, and modern economy",Yes,Mastery of essential standards demonstrated through multiple evidence types plus teacher interaction,Placement team recommendation; Head of School final decision,Advanced progression is permitted after demonstrated mastery and placement-team approval.
FF.G5.SS.15,Social Studies,Tennessee in the 20th Century,Analyze civil rights and cultural influence,Grade 4 national Civil Rights Movement,Modern Tennessee society and civic participation,Yes,Mastery of essential standards demonstrated through multiple evidence types plus teacher interaction,Placement team recommendation; Head of School final decision,Advanced progression is permitted after demonstrated mastery and placement-team approval.
FF.G5.SS.16,Social Studies,Modern Tennessee,Compare Tennessee’s economy and government,Tennessee 20th-century change,Grade 6 comparative government and geography,Yes,Mastery of essential standards demonstrated through multiple evidence types plus teacher interaction,Placement team recommendation; Head of School final decision,Advanced progression is permitted after demonstrated mastery and placement-team approval.
FF.G5.SS.17,Social Studies,Geography—Maps & Globes,Use global location systems,"Grade 4 map scale, direction, and regions",Grade 6 historical geography across ancient civilizations,Yes,Mastery of essential standards demonstrated through multiple evidence types plus teacher interaction,Placement team recommendation; Head of School final decision,Advanced progression is permitted after demonstrated mastery and placement-team approval.
FF.G5.SS.18,Social Studies,Geography—Maps & Globes,Interpret geographic representations and features,Grade 4 maps and visual sources,Grade 6 source validity and geographic patterns,Yes,Mastery of essential standards demonstrated through multiple evidence types plus teacher interaction,Placement team recommendation; Head of School final decision,Advanced progression is permitted after demonstrated mastery and placement-team approval.
FF.G5.SS.19,Social Studies,U.S. Geography,"Locate and compare U.S. states, features, and regions",Grade 4 U.S. history and regional change,Grade 6 human-environment interaction across civilizations,Yes,Mastery of essential standards demonstrated through multiple evidence types plus teacher interaction,Placement team recommendation; Head of School final decision,Advanced progression is permitted after demonstrated mastery and placement-team approval.
FF.G5.SS.20,Social Studies,Tennessee Geography,Compare Tennessee’s physical regions,Tennessee grand divisions and economy,Grade 6 geographic effects on civilizations,Yes,Mastery of essential standards demonstrated through multiple evidence types plus teacher interaction,Placement team recommendation; Head of School final decision,Advanced progression is permitted after demonstrated mastery and placement-team approval.
FF.G5.SS.21,Social Studies,World Geography,Analyze world regions and settlement patterns,U.S. and Tennessee physical geography,Grade 6 geography of early civilizations,Yes,Mastery of essential standards demonstrated through multiple evidence types plus teacher interaction,Placement team recommendation; Head of School final decision,Advanced progression is permitted after demonstrated mastery and placement-team approval.
FF.G6.ELA.01,English Language Arts,Language,Use standard grammar and usage,"Grade 5 grammar, verb tense, and sentence cohesion","Grade 7 phrases, clauses, and effectively placed modifiers",No,Mastery of essential standards demonstrated through multiple evidence types plus teacher interaction,Placement team recommendation; Head of School final decision,English 6 precedes English 7; no same-year English acceleration.
FF.G6.ELA.02,English Language Arts,Language,"Apply capitalization, punctuation, and spelling","Grade 5 punctuation for series, introductions, and direct address",Grade 7 punctuation for coordinate adjectives,No,Mastery of essential standards demonstrated through multiple evidence types plus teacher interaction,Placement team recommendation; Head of School final decision,English 6 precedes English 7; no same-year English acceleration.
FF.G6.ELA.03,English Language Arts,Language,Vary sentence patterns and maintain style,Grade 5 cohesive paragraphs and purposeful sentence combining,"Grade 7 precise, concise language",No,Mastery of essential standards demonstrated through multiple evidence types plus teacher interaction,Placement team recommendation; Head of School final decision,English 6 precedes English 7; no same-year English acceleration.
FF.G6.ELA.04,English Language Arts,Vocabulary,Determine word meaning in context,"Grade 5 context, Greek and Latin roots, and references","Grade 7 flexible context, morphology, reference, and etymology strategies",No,Mastery of essential standards demonstrated through multiple evidence types plus teacher interaction,Placement team recommendation; Head of School final decision,English 6 precedes English 7; no same-year English acceleration.
FF.G6.ELA.05,English Language Arts,Vocabulary,Interpret figurative language and word relationships,"Grade 5 figurative language, idioms, proverbs, and nuance",Grade 7 analysis of figurative and connotative effects,No,Mastery of essential standards demonstrated through multiple evidence types plus teacher interaction,Placement team recommendation; Head of School final decision,English 6 precedes English 7; no same-year English acceleration.
FF.G6.ELA.06,English Language Arts,Vocabulary,Acquire academic and domain vocabulary,Grade 5 academic vocabulary and logical relationships,Grade 7 independent vocabulary development across disciplines,No,Mastery of essential standards demonstrated through multiple evidence types plus teacher interaction,Placement team recommendation; Head of School final decision,English 6 precedes English 7; no same-year English acceleration.
FF.G6.ELA.07,English Language Arts,Literature,Cite evidence and make inferences,Grade 5 accurate quotation and inference,Grade 7 several pieces of relevant textual evidence,No,Mastery of essential standards demonstrated through multiple evidence types plus teacher interaction,Placement team recommendation; Head of School final decision,English 6 precedes English 7; no same-year English acceleration.
FF.G6.ELA.08,English Language Arts,Literature,Analyze theme development and summarize,Grade 5 theme conveyed through details,Grade 7 theme development across a text,No,Mastery of essential standards demonstrated through multiple evidence types plus teacher interaction,Placement team recommendation; Head of School final decision,English 6 precedes English 7; no same-year English acceleration.
FF.G6.ELA.09,English Language Arts,Literature,Analyze plot and character response,Grade 5 comparison of story elements,Grade 7 interaction among story elements,No,Mastery of essential standards demonstrated through multiple evidence types plus teacher interaction,Placement team recommendation; Head of School final decision,English 6 precedes English 7; no same-year English acceleration.
FF.G6.ELA.10,English Language Arts,Literature,"Analyze literary craft, structure, and viewpoint","Grade 5 figurative language, structure, and narrator perspective","Grade 7 sound, form, structure, and contrasting viewpoints",No,Mastery of essential standards demonstrated through multiple evidence types plus teacher interaction,Placement team recommendation; Head of School final decision,English 6 precedes English 7; no same-year English acceleration.
FF.G6.ELA.11,English Language Arts,Literature,Compare representations and related texts,Grade 5 multimedia contribution and same-genre comparison,Grade 7 comparison of fictional and historical accounts,No,Mastery of essential standards demonstrated through multiple evidence types plus teacher interaction,Placement team recommendation; Head of School final decision,English 6 precedes English 7; no same-year English acceleration.
FF.G6.ELA.12,English Language Arts,Informational Text,"Analyze evidence, central ideas, and development","Grade 5 quotation, multiple central ideas, and relationships",Grade 7 several pieces of evidence and interactions among ideas,No,Mastery of essential standards demonstrated through multiple evidence types plus teacher interaction,Placement team recommendation; Head of School final decision,English 6 precedes English 7; no same-year English acceleration.
FF.G6.ELA.13,English Language Arts,Informational Text,"Analyze informational craft, structure, and purpose","Grade 5 technical vocabulary, structures, and account comparison",Grade 7 structural and rhetorical analysis,No,Mastery of essential standards demonstrated through multiple evidence types plus teacher interaction,Placement team recommendation; Head of School final decision,English 6 precedes English 7; no same-year English acceleration.
FF.G6.ELA.14,English Language Arts,Informational Text,"Integrate media, evaluate arguments, and compare sources",Grade 5 source integration and reasons-and-evidence analysis,Grade 7 multimedia evidence and argument quality,No,Mastery of essential standards demonstrated through multiple evidence types plus teacher interaction,Placement team recommendation; Head of School final decision,English 6 precedes English 7; no same-year English acceleration.
FF.G6.ELA.15,English Language Arts,Reading Range,Read and comprehend Grade 6 literature and information,Grade 5 text complexity and independence,Grade 7 text complexity and sustained analysis,No,Mastery of essential standards demonstrated through multiple evidence types plus teacher interaction,Placement team recommendation; Head of School final decision,English 6 precedes English 7; no same-year English acceleration.
FF.G6.ELA.16,English Language Arts,Speaking and Listening,Collaborate and interpret spoken and multimedia information,Grade 5 prepared collaboration and multimedia summary,Grade 7 evidence-based discussion and multimedia analysis,No,Mastery of essential standards demonstrated through multiple evidence types plus teacher interaction,Placement team recommendation; Head of School final decision,English 6 precedes English 7; no same-year English acceleration.
FF.G6.ELA.17,English Language Arts,Speaking and Listening,Evaluate arguments and present claims,Grade 5 speaker evidence and organized presentation,Grade 7 reasoning evaluation and formal presentation,No,Mastery of essential standards demonstrated through multiple evidence types plus teacher interaction,Placement team recommendation; Head of School final decision,English 6 precedes English 7; no same-year English acceleration.
FF.G6.ELA.18,English Language Arts,Writing,Write evidence-based arguments,Grade 5 opinion writing with reasons and facts,Grade 7 arguments with alternate or opposing claims,No,Mastery of essential standards demonstrated through multiple evidence types plus teacher interaction,Placement team recommendation; Head of School final decision,English 6 precedes English 7; no same-year English acceleration.
FF.G6.ELA.19,English Language Arts,Writing,Write informative explanations,Grade 5 informative development and formatting,Grade 7 informative analysis with stronger cohesion,No,Mastery of essential standards demonstrated through multiple evidence types plus teacher interaction,Placement team recommendation; Head of School final decision,English 6 precedes English 7; no same-year English acceleration.
FF.G6.ELA.20,English Language Arts,Writing,Craft effective narratives,"Grade 5 narrative pacing, description, and dialogue",Grade 7 purposeful narrative technique and structure,No,Mastery of essential standards demonstrated through multiple evidence types plus teacher interaction,Placement team recommendation; Head of School final decision,English 6 precedes English 7; no same-year English acceleration.
FF.G6.ELA.21,English Language Arts,Writing Process,"Plan, revise, edit, and publish coherent writing",Grade 5 increasingly independent writing process,Grade 7 sustained digital production and revision,No,Mastery of essential standards demonstrated through multiple evidence types plus teacher interaction,Placement team recommendation; Head of School final decision,English 6 precedes English 7; no same-year English acceleration.
FF.G6.ELA.22,English Language Arts,Research,"Research, evaluate sources, and integrate evidence",Grade 5 multi-source short research,Grade 7 inquiry refined by further questions,No,Mastery of essential standards demonstrated through multiple evidence types plus teacher interaction,Placement team recommendation; Head of School final decision,English 6 precedes English 7; no same-year English acceleration.
FF.G6.ELA.23,English Language Arts,Writing Range,Write routinely for varied purposes and time frames,Grade 5 routine writing,Grade 7 sustained analytical and explanatory writing,No,Mastery of essential standards demonstrated through multiple evidence types plus teacher interaction,Placement team recommendation; Head of School final decision,English 6 precedes English 7; no same-year English acceleration.
FF.G6.MATH.01,Mathematics,Ratios & Proportional Relationships,Interpret ratios,Grade 5 fraction multiplication and scaling,7.RP.A.1–2 proportional relationships,Yes,Mastery of essential standards demonstrated through multiple evidence types plus teacher interaction,Placement team recommendation; Head of School final decision,Advanced progression is permitted after demonstrated mastery and placement-team approval.
FF.G6.MATH.02,Mathematics,Ratios & Proportional Relationships,Interpret unit rates,Grade 5 fraction interpretation and measurement,7.RP.A.1 unit rates with complex fractions,Yes,Mastery of essential standards demonstrated through multiple evidence types plus teacher interaction,Placement team recommendation; Head of School final decision,Advanced progression is permitted after demonstrated mastery and placement-team approval.
FF.G6.MATH.03,Mathematics,Ratios & Proportional Relationships,"Solve ratio, rate, percent, and conversion problems","Grade 5 patterns, fractions, and measurement conversions",7.RP.A.2–3 proportional and percent problems,Yes,Mastery of essential standards demonstrated through multiple evidence types plus teacher interaction,Placement team recommendation; Head of School final decision,Advanced progression is permitted after demonstrated mastery and placement-team approval.
FF.G6.MATH.04,Mathematics,The Number System,Divide fractions by fractions,5.NF.B.7 unit-fraction division,7.NS.A.2 rational-number multiplication and division,Yes,Mastery of essential standards demonstrated through multiple evidence types plus teacher interaction,Placement team recommendation; Head of School final decision,Advanced progression is permitted after demonstrated mastery and placement-team approval.
FF.G6.MATH.05,Mathematics,The Number System,Divide multi-digit numbers fluently,5.NBT.B.6 multi-digit division strategies,7.NS rational-number operations,Yes,Mastery of essential standards demonstrated through multiple evidence types plus teacher interaction,Placement team recommendation; Head of School final decision,Advanced progression is permitted after demonstrated mastery and placement-team approval.
FF.G6.MATH.06,Mathematics,The Number System,Operate with multi-digit decimals fluently,5.NBT.B.7 decimal operations,7.NS.A rational-number operations,Yes,Mastery of essential standards demonstrated through multiple evidence types plus teacher interaction,Placement team recommendation; Head of School final decision,Advanced progression is permitted after demonstrated mastery and placement-team approval.
FF.G6.MATH.07,Mathematics,The Number System,"Use factors, multiples, and the distributive property",Grade 4 factors and multiples,7.EE.A.1–2 equivalent expressions,Yes,Mastery of essential standards demonstrated through multiple evidence types plus teacher interaction,Placement team recommendation; Head of School final decision,Advanced progression is permitted after demonstrated mastery and placement-team approval.
FF.G6.MATH.08,Mathematics,The Number System,Represent positive and negative quantities,Grade 5 whole-number and decimal number lines,7.NS.A.1 rational-number addition and subtraction,Yes,Mastery of essential standards demonstrated through multiple evidence types plus teacher interaction,Placement team recommendation; Head of School final decision,Advanced progression is permitted after demonstrated mastery and placement-team approval.
FF.G6.MATH.09,Mathematics,The Number System,Plot rational numbers on number lines and coordinate planes,5.G.A.1–2 first-quadrant coordinates,7.NS rational-number operations and graphs,Yes,Mastery of essential standards demonstrated through multiple evidence types plus teacher interaction,Placement team recommendation; Head of School final decision,Advanced progression is permitted after demonstrated mastery and placement-team approval.
FF.G6.MATH.10,Mathematics,The Number System,Order rational numbers and interpret absolute value,Grade 5 decimal comparison,7.NS.A.1–3 rational-number operations,Yes,Mastery of essential standards demonstrated through multiple evidence types plus teacher interaction,Placement team recommendation; Head of School final decision,Advanced progression is permitted after demonstrated mastery and placement-team approval.
FF.G6.MATH.11,Mathematics,The Number System,Solve four-quadrant coordinate problems,5.G.A.2 coordinate problems in the first quadrant,7.G.A scale drawings and coordinate geometry,Yes,Mastery of essential standards demonstrated through multiple evidence types plus teacher interaction,Placement team recommendation; Head of School final decision,Advanced progression is permitted after demonstrated mastery and placement-team approval.
FF.G6.MATH.12,Mathematics,Expressions & Equations,Use whole-number exponents,5.NBT.A.2 powers of ten,7.EE.A equivalent expressions,Yes,Mastery of essential standards demonstrated through multiple evidence types plus teacher interaction,Placement team recommendation; Head of School final decision,Advanced progression is permitted after demonstrated mastery and placement-team approval.
FF.G6.MATH.13,Mathematics,Expressions & Equations,"Write, read, and evaluate variable expressions",5.OA.A.1–2 numerical expressions,7.EE.B multi-step equations and inequalities,Yes,Mastery of essential standards demonstrated through multiple evidence types plus teacher interaction,Placement team recommendation; Head of School final decision,Advanced progression is permitted after demonstrated mastery and placement-team approval.
FF.G6.MATH.14,Mathematics,Expressions & Equations,Generate equivalent expressions,5.OA expression structure and 6.NS.B.4 factoring,7.EE.A.1–2 equivalent expressions,Yes,Mastery of essential standards demonstrated through multiple evidence types plus teacher interaction,Placement team recommendation; Head of School final decision,Advanced progression is permitted after demonstrated mastery and placement-team approval.
FF.G6.MATH.15,Mathematics,Expressions & Equations,Identify equivalent expressions,6.EE.A.3 properties of operations,7.EE.A.2 rewriting expressions,Yes,Mastery of essential standards demonstrated through multiple evidence types plus teacher interaction,Placement team recommendation; Head of School final decision,Advanced progression is permitted after demonstrated mastery and placement-team approval.
FF.G6.MATH.16,Mathematics,Expressions & Equations,Interpret solutions to equations and inequalities,Grade 5 unknowns in numerical expressions,7.EE.B.3–4 multi-step equations and inequalities,Yes,Mastery of essential standards demonstrated through multiple evidence types plus teacher interaction,Placement team recommendation; Head of School final decision,Advanced progression is permitted after demonstrated mastery and placement-team approval.
FF.G6.MATH.17,Mathematics,Expressions & Equations,Use variables to represent quantities,5.OA.A.2 expression representation,7.EE.B.3–4 equations and inequalities,Yes,Mastery of essential standards demonstrated through multiple evidence types plus teacher interaction,Placement team recommendation; Head of School final decision,Advanced progression is permitted after demonstrated mastery and placement-team approval.
FF.G6.MATH.18,Mathematics,Expressions & Equations,Solve one-step equations,Grade 5 arithmetic and unknown quantities,7.EE.B.4 equations and inequalities,Yes,Mastery of essential standards demonstrated through multiple evidence types plus teacher interaction,Placement team recommendation; Head of School final decision,Advanced progression is permitted after demonstrated mastery and placement-team approval.
FF.G6.MATH.19,Mathematics,Expressions & Equations,Represent and solve inequalities,6.NS.C.7 rational-number order,7.EE.B.4 two-step inequalities,Yes,Mastery of essential standards demonstrated through multiple evidence types plus teacher interaction,Placement team recommendation; Head of School final decision,Advanced progression is permitted after demonstrated mastery and placement-team approval.
FF.G6.MATH.20,Mathematics,Expressions & Equations,Model dependent and independent variables,5.OA.B.3 related patterns and graphs,7.RP.A.2 proportional relationships,Yes,Mastery of essential standards demonstrated through multiple evidence types plus teacher interaction,Placement team recommendation; Head of School final decision,Advanced progression is permitted after demonstrated mastery and placement-team approval.
FF.G6.MATH.21,Mathematics,Geometry,Find areas of triangles and polygons,Grade 5 area and shape classification,7.G.B.4–6 area and geometric problem solving,Yes,Mastery of essential standards demonstrated through multiple evidence types plus teacher interaction,Placement team recommendation; Head of School final decision,Advanced progression is permitted after demonstrated mastery and placement-team approval.
FF.G6.MATH.22,Mathematics,Geometry,Find volume with fractional edge lengths,5.MD.C.3–5 whole-number volume,7.G volume and scale applications,Yes,Mastery of essential standards demonstrated through multiple evidence types plus teacher interaction,Placement team recommendation; Head of School final decision,Advanced progression is permitted after demonstrated mastery and placement-team approval.
FF.G6.MATH.23,Mathematics,Geometry,Draw coordinate polygons and find side lengths,6.NS.C.8 coordinate distance,7.G.A scale drawings and transformations,Yes,Mastery of essential standards demonstrated through multiple evidence types plus teacher interaction,Placement team recommendation; Head of School final decision,Advanced progression is permitted after demonstrated mastery and placement-team approval.
FF.G6.MATH.24,Mathematics,Geometry,Use nets to find surface area,5.MD.C volume and two-dimensional area,7.G.B.6 surface area applications,Yes,Mastery of essential standards demonstrated through multiple evidence types plus teacher interaction,Placement team recommendation; Head of School final decision,Advanced progression is permitted after demonstrated mastery and placement-team approval.
FF.G6.MATH.25,Mathematics,Statistics & Probability,Recognize statistical questions,Grade 5 line-plot questions,7.SP.A representative samples,Yes,Mastery of essential standards demonstrated through multiple evidence types plus teacher interaction,Placement team recommendation; Head of School final decision,Advanced progression is permitted after demonstrated mastery and placement-team approval.
FF.G6.MATH.26,Mathematics,Statistics & Probability,Describe data distributions,5.MD.B.2 line-plot interpretation,7.SP.B comparing distributions,Yes,Mastery of essential standards demonstrated through multiple evidence types plus teacher interaction,Placement team recommendation; Head of School final decision,Advanced progression is permitted after demonstrated mastery and placement-team approval.
FF.G6.MATH.27,Mathematics,Statistics & Probability,Interpret measures of center and variation,6.SP.A.2 distribution features,7.SP.B.4 comparative measures,Yes,Mastery of essential standards demonstrated through multiple evidence types plus teacher interaction,Placement team recommendation; Head of School final decision,Advanced progression is permitted after demonstrated mastery and placement-team approval.
FF.G6.MATH.28,Mathematics,Statistics & Probability,Display numerical data,Grade 5 line plots,7.SP.B comparing distributions,Yes,Mastery of essential standards demonstrated through multiple evidence types plus teacher interaction,Placement team recommendation; Head of School final decision,Advanced progression is permitted after demonstrated mastery and placement-team approval.
FF.G6.MATH.29,Mathematics,Statistics & Probability,Summarize numerical data in context,6.SP.A.1–4 statistical questions and displays,7.SP.B.3–4 informal comparative inference,Yes,Mastery of essential standards demonstrated through multiple evidence types plus teacher interaction,Placement team recommendation; Head of School final decision,Advanced progression is permitted after demonstrated mastery and placement-team approval.
FF.G6.SCI.01,Science,Physical Science—Energy,Track energy conservation and transfer,"Grade 5 forces, motion, and matter",7.PS3 thermal energy and chemical processes,Yes,Mastery of essential standards demonstrated through multiple evidence types plus teacher interaction,Placement team recommendation; Head of School final decision,Advanced progression is permitted after demonstrated mastery and placement-team approval.
FF.G6.SCI.02,Science,Physical Science—Energy,Model sound and thermal energy transfer,Grade 5 force-driven patterns and measurement,7.PS3 quantitative energy transfer,Yes,Mastery of essential standards demonstrated through multiple evidence types plus teacher interaction,Placement team recommendation; Head of School final decision,Advanced progression is permitted after demonstrated mastery and placement-team approval.
FF.G6.SCI.03,Science,Life Science—Ecosystems,Evaluate resource effects on populations,Grade 5 organism traits and survival,7.LS2 matter cycling and 8.LS4 population change,Yes,Mastery of essential standards demonstrated through multiple evidence types plus teacher interaction,Placement team recommendation; Head of School final decision,Advanced progression is permitted after demonstrated mastery and placement-team approval.
FF.G6.SCI.04,Science,Life Science—Ecosystems,Predict organism interactions,Grade 5 variation and environmental influence,7.LS2 ecosystem matter cycling,Yes,Mastery of essential standards demonstrated through multiple evidence types plus teacher interaction,Placement team recommendation; Head of School final decision,Advanced progression is permitted after demonstrated mastery and placement-team approval.
FF.G6.SCI.05,Science,Life Science—Ecosystems,Model energy transfer through food webs,Grade 4 food chains and ecosystem roles,7.LS2 cycling of matter and energy,Yes,Mastery of essential standards demonstrated through multiple evidence types plus teacher interaction,Placement team recommendation; Head of School final decision,Advanced progression is permitted after demonstrated mastery and placement-team approval.
FF.G6.SCI.06,Science,Life Science—Ecosystems,Use patterns to assess ecosystem health,6.LS2.1–3 population interactions and energy flow,8.LS4 biodiversity change and selection,Yes,Mastery of essential standards demonstrated through multiple evidence types plus teacher interaction,Placement team recommendation; Head of School final decision,Advanced progression is permitted after demonstrated mastery and placement-team approval.
FF.G6.SCI.07,Science,Life Science—Ecosystems,Mitigate invasive-species impacts,6.LS2.1–4 population and ecosystem health,8.LS4 biodiversity and human influence,Yes,Mastery of essential standards demonstrated through multiple evidence types plus teacher interaction,Placement team recommendation; Head of School final decision,Advanced progression is permitted after demonstrated mastery and placement-team approval.
FF.G6.SCI.08,Science,Life Science—Biodiversity,Explain biodiversity’s value to people,Grade 5 survival advantages of variation,8.LS4 biodiversity and natural selection,Yes,Mastery of essential standards demonstrated through multiple evidence types plus teacher interaction,Placement team recommendation; Head of School final decision,Advanced progression is permitted after demonstrated mastery and placement-team approval.
FF.G6.SCI.09,Science,Earth Science—Convection,Diagram ocean and atmosphere convection,Grade 5 sun-Earth energy patterns,8.ESS2 large-scale Earth processes,Yes,Mastery of essential standards demonstrated through multiple evidence types plus teacher interaction,Placement team recommendation; Head of School final decision,Advanced progression is permitted after demonstrated mastery and placement-team approval.
FF.G6.SCI.10,Science,Earth Science—Ocean Circulation,Explain global ocean circulation,6.ESS2.1 convection patterns,8.ESS2 Earth-system interactions,Yes,Mastery of essential standards demonstrated through multiple evidence types plus teacher interaction,Placement team recommendation; Head of School final decision,Advanced progression is permitted after demonstrated mastery and placement-team approval.
FF.G6.SCI.11,Science,Earth Science—Climate,Explain regional climate patterns,6.ESS2.1–2 atmospheric and ocean circulation,7.ESS3 and 8.ESS2 Earth-system analysis,Yes,Mastery of essential standards demonstrated through multiple evidence types plus teacher interaction,Placement team recommendation; Head of School final decision,Advanced progression is permitted after demonstrated mastery and placement-team approval.
FF.G6.SCI.12,Science,Earth Science—Water Cycle,Model the water cycle as an Earth system,Grade 5 Earth-sun patterns,7.ESS2 cycling of matter and 8.ESS2 systems,Yes,Mastery of essential standards demonstrated through multiple evidence types plus teacher interaction,Placement team recommendation; Head of School final decision,Advanced progression is permitted after demonstrated mastery and placement-team approval.
FF.G6.SCI.13,Science,Earth Science—Human and Organism Impacts,"Analyze changes to water, landform, and atmospheric systems",6.ESS2.4 water-cycle systems,7.ESS3 and 8.ESS3 human impacts,Yes,Mastery of essential standards demonstrated through multiple evidence types plus teacher interaction,Placement team recommendation; Head of School final decision,Advanced progression is permitted after demonstrated mastery and placement-team approval.
FF.G6.SCI.14,Science,Earth Science—Climate,Model the greenhouse effect,6.ESS2.1–3 heat transfer and climate,8.ESS3 climate evidence and human influence,Yes,Mastery of essential standards demonstrated through multiple evidence types plus teacher interaction,Placement team recommendation; Head of School final decision,Advanced progression is permitted after demonstrated mastery and placement-team approval.
FF.G6.SCI.15,Science,Earth Science—Weather,Use air-mass data to predict weather,Grade 5 pattern-based prediction,8.ESS2 weather and climate systems,Yes,Mastery of essential standards demonstrated through multiple evidence types plus teacher interaction,Placement team recommendation; Head of School final decision,Advanced progression is permitted after demonstrated mastery and placement-team approval.
FF.G6.SCI.16,Science,Earth Science—Resources,Evaluate natural-resource sustainability,Grade 4 resource use and human impact,7.ESS3 and 8.ESS3 resource and climate decisions,Yes,Mastery of essential standards demonstrated through multiple evidence types plus teacher interaction,Placement team recommendation; Head of School final decision,Advanced progression is permitted after demonstrated mastery and placement-team approval.
FF.G6.SCI.17,Science,Earth Science—Energy Technology,Compare renewable and alternative energy technologies,Grade 5 engineering tests and measurement,7.ETS and 8.ESS3 technology evaluation,Yes,Mastery of essential standards demonstrated through multiple evidence types plus teacher interaction,Placement team recommendation; Head of School final decision,Advanced progression is permitted after demonstrated mastery and placement-team approval.
FF.G6.SCI.18,Science,Earth Science—Human Impact,Communicate biosphere impacts and conservation responses,6.LS2 ecosystem health and invasive species,8.LS4 and 8.ESS3 biodiversity and human impact,Yes,Mastery of essential standards demonstrated through multiple evidence types plus teacher interaction,Placement team recommendation; Head of School final decision,Advanced progression is permitted after demonstrated mastery and placement-team approval.
FF.G6.SCI.19,Science,Engineering Design,Design solutions that maintain biodiversity,5.ETS1 prototype testing and redesign,7.ETS and 8.ETS optimization,Yes,Mastery of essential standards demonstrated through multiple evidence types plus teacher interaction,Placement team recommendation; Head of School final decision,Advanced progression is permitted after demonstrated mastery and placement-team approval.
FF.G6.SCI.20,Science,Engineering Design,Design devices that control thermal transfer,5.ETS1 controlled prototype testing,7.PS3 and 8.ETS quantitative optimization,Yes,Mastery of essential standards demonstrated through multiple evidence types plus teacher interaction,Placement team recommendation; Head of School final decision,Advanced progression is permitted after demonstrated mastery and placement-team approval.
FF.G6.SS.01,Social Studies,Social Studies Practices,Gather inquiry sources,Grade 5 inquiry and source gathering,Grade 7 independent source selection and corroboration,Yes,Mastery of essential standards demonstrated through multiple evidence types plus teacher interaction,Placement team recommendation; Head of School final decision,Advanced progression is permitted after demonstrated mastery and placement-team approval.
FF.G6.SS.02,Social Studies,Social Studies Practices,Critically examine sources,Grade 5 source analysis,"Grade 7 bias, validity, and argument analysis",Yes,Mastery of essential standards demonstrated through multiple evidence types plus teacher interaction,Placement team recommendation; Head of School final decision,Advanced progression is permitted after demonstrated mastery and placement-team approval.
FF.G6.SS.03,Social Studies,Social Studies Practices,Synthesize and compare evidence,Grade 5 comparison of evidence,Grade 7 multi-source validity and synthesis,Yes,Mastery of essential standards demonstrated through multiple evidence types plus teacher interaction,Placement team recommendation; Head of School final decision,Advanced progression is permitted after demonstrated mastery and placement-team approval.
FF.G6.SS.04,Social Studies,Social Studies Practices,Communicate evidence-based arguments,Grade 5 evidence-based communication,Grade 7 sustained historical argument,Yes,Mastery of essential standards demonstrated through multiple evidence types plus teacher interaction,Placement team recommendation; Head of School final decision,Advanced progression is permitted after demonstrated mastery and placement-team approval.
FF.G6.SS.05,Social Studies,Social Studies Practices,Develop historical awareness,Grade 5 chronology and historical context,"Grade 7 context, empathy, and historiography",Yes,Mastery of essential standards demonstrated through multiple evidence types plus teacher interaction,Placement team recommendation; Head of School final decision,Advanced progression is permitted after demonstrated mastery and placement-team approval.
FF.G6.SS.06,Social Studies,Social Studies Practices,Develop geographic awareness,Grade 5 map use and human-environment relationships,Grade 7 spatial patterns and diffusion across scales,Yes,Mastery of essential standards demonstrated through multiple evidence types plus teacher interaction,Placement team recommendation; Head of School final decision,Advanced progression is permitted after demonstrated mastery and placement-team approval.
FF.G6.SS.07,Social Studies,Foundations of Human Civilization,Explain chronology and early human societies,Grade 5 geographic and historical inquiry,Characteristics of civilizations and Mesopotamia,Yes,Mastery of essential standards demonstrated through multiple evidence types plus teacher interaction,Placement team recommendation; Head of School final decision,Advanced progression is permitted after demonstrated mastery and placement-team approval.
FF.G6.SS.08,Social Studies,Foundations of Human Civilization,Evaluate characteristics of civilizations,Neolithic settlement and specialization,Comparative analysis of ancient civilizations,Yes,Mastery of essential standards demonstrated through multiple evidence types plus teacher interaction,Placement team recommendation; Head of School final decision,Advanced progression is permitted after demonstrated mastery and placement-team approval.
FF.G6.SS.09,Social Studies,Ancient Mesopotamia,"Analyze geography, agriculture, trade, and cities",Neolithic agriculture and permanent settlement,"Mesopotamian government, society, religion, and law",Yes,Mastery of essential standards demonstrated through multiple evidence types plus teacher interaction,Placement team recommendation; Head of School final decision,Advanced progression is permitted after demonstrated mastery and placement-team approval.
FF.G6.SS.10,Social Studies,Ancient Mesopotamia,"Evaluate government, society, religion, writing, and law","Mesopotamian agriculture, trade, and cities","Comparative government, belief, and legal systems",Yes,Mastery of essential standards demonstrated through multiple evidence types plus teacher interaction,Placement team recommendation; Head of School final decision,Advanced progression is permitted after demonstrated mastery and placement-team approval.
FF.G6.SS.11,Social Studies,Ancient Egypt,"Connect geography, agriculture, society, and leadership",Mesopotamian river-valley systems,Egyptian achievements and cultural diffusion,Yes,Mastery of essential standards demonstrated through multiple evidence types plus teacher interaction,Placement team recommendation; Head of School final decision,Advanced progression is permitted after demonstrated mastery and placement-team approval.
FF.G6.SS.12,Social Studies,Ancient Egypt,Analyze achievements and cultural diffusion,"Egyptian geography, society, and religion",Regional interaction and belief systems in ancient Israel,Yes,Mastery of essential standards demonstrated through multiple evidence types plus teacher interaction,Placement team recommendation; Head of School final decision,Advanced progression is permitted after demonstrated mastery and placement-team approval.
FF.G6.SS.13,Social Studies,Ancient Israel,"Explain migration, Judaism, monarchy, and diaspora",Mesopotamian geography and empires,Comparative analysis of ancient religions and states,Yes,Mastery of essential standards demonstrated through multiple evidence types plus teacher interaction,Placement team recommendation; Head of School final decision,Advanced progression is permitted after demonstrated mastery and placement-team approval.
FF.G6.SS.14,Social Studies,Ancient India,"Analyze geography, cities, migration, and social structure",River-valley geography and early civilizations,Indian religions and intellectual achievements,Yes,Mastery of essential standards demonstrated through multiple evidence types plus teacher interaction,Placement team recommendation; Head of School final decision,Advanced progression is permitted after demonstrated mastery and placement-team approval.
FF.G6.SS.15,Social Studies,Ancient India,"Explain Hinduism, Buddhism, and Indian achievements",Ancient Indian social structure and migration,Comparative religion and cultural diffusion,Yes,Mastery of essential standards demonstrated through multiple evidence types plus teacher interaction,Placement team recommendation; Head of School final decision,Advanced progression is permitted after demonstrated mastery and placement-team approval.
FF.G6.SS.16,Social Studies,Ancient China,"Analyze geography, dynasties, and governing ideas",Ancient India and comparative governance,Han achievements and Silk Road diffusion,Yes,Mastery of essential standards demonstrated through multiple evidence types plus teacher interaction,Placement team recommendation; Head of School final decision,Advanced progression is permitted after demonstrated mastery and placement-team approval.
FF.G6.SS.17,Social Studies,Ancient China,Evaluate Han achievements and Silk Road diffusion,Chinese unification and governing philosophies,Mediterranean trade and cultural diffusion,Yes,Mastery of essential standards demonstrated through multiple evidence types plus teacher interaction,Placement team recommendation; Head of School final decision,Advanced progression is permitted after demonstrated mastery and placement-team approval.
FF.G6.SS.18,Social Studies,Ancient Greece,"Connect geography, city-states, citizenship, and government",Ancient states and governing systems,"Greek conflict, culture, philosophy, and Hellenism",Yes,Mastery of essential standards demonstrated through multiple evidence types plus teacher interaction,Placement team recommendation; Head of School final decision,Advanced progression is permitted after demonstrated mastery and placement-team approval.
FF.G6.SS.19,Social Studies,Ancient Greece,"Analyze wars, religion, philosophy, architecture, and Hellenism",Greek city-states and government,"Roman government, expansion, and cultural borrowing",Yes,Mastery of essential standards demonstrated through multiple evidence types plus teacher interaction,Placement team recommendation; Head of School final decision,Advanced progression is permitted after demonstrated mastery and placement-team approval.
FF.G6.SS.20,Social Studies,Ancient Rome,"Explain Roman geography, society, and republican government","Greek geography, city-states, and democratic practices",Roman transition from republic to empire,Yes,Mastery of essential standards demonstrated through multiple evidence types plus teacher interaction,Placement team recommendation; Head of School final decision,Advanced progression is permitted after demonstrated mastery and placement-team approval.
FF.G6.SS.21,Social Studies,Ancient Rome,"Analyze empire, engineering, religion, and diaspora",Roman republican government and society,Division and fall of the Western Roman Empire,Yes,Mastery of essential standards demonstrated through multiple evidence types plus teacher interaction,Placement team recommendation; Head of School final decision,Advanced progression is permitted after demonstrated mastery and placement-team approval.
FF.G6.SS.22,Social Studies,Ancient Rome,Explain division and fall of the Western Roman Empire,Roman imperial expansion and institutions,Grade 7 Byzantine Empire and medieval world,Yes,Mastery of essential standards demonstrated through multiple evidence types plus teacher interaction,Placement team recommendation; Head of School final decision,Advanced progression is permitted after demonstrated mastery and placement-team approval.