Source Crosswalk (Grades 4–6),,,,,,
Many-to-many audit trail. Each row records one relationship between a Forge competency and an external standard.,,,,,,
,,,,,,
Forge Standard ID,Subject,Framework,External Standard Code,Alignment Strength,Alignment Rationale,Source / Locator
FF.G4.ELA.01,English Language Arts,Tennessee Academic Standards,4.FL.F.5,Direct,"Both standards require accurate, purposeful oral reading that supports comprehension.",TN ELA PDF p.13; CCSS ELA Grade 4 RF
FF.G4.ELA.01,English Language Arts,Common Core State Standards,CCSS.ELA-LITERACY.RF.4.4,Direct,"Both standards require accurate, purposeful oral reading that supports comprehension.",TN ELA PDF p.13; CCSS ELA Grade 4 RF
FF.G4.ELA.01,English Language Arts,NSQ Online Courses (2025),B1,Design Alignment,"The competency includes a measurable objective, standards alignment, aligned learning activity, valid assessment evidence, and options for demonstrating mastery.",NSQ Online Courses 2025
FF.G4.ELA.01,English Language Arts,NSQ Online Courses (2025),B2,Design Alignment,"The competency includes a measurable objective, standards alignment, aligned learning activity, valid assessment evidence, and options for demonstrating mastery.",NSQ Online Courses 2025
FF.G4.ELA.01,English Language Arts,NSQ Online Courses (2025),C2,Design Alignment,"The competency includes a measurable objective, standards alignment, aligned learning activity, valid assessment evidence, and options for demonstrating mastery.",NSQ Online Courses 2025
FF.G4.ELA.01,English Language Arts,NSQ Online Courses (2025),D1,Design Alignment,"The competency includes a measurable objective, standards alignment, aligned learning activity, valid assessment evidence, and options for demonstrating mastery.",NSQ Online Courses 2025
FF.G4.ELA.01,English Language Arts,NSQ Online Courses (2025),D2,Design Alignment,"The competency includes a measurable objective, standards alignment, aligned learning activity, valid assessment evidence, and options for demonstrating mastery.",NSQ Online Courses 2025
FF.G4.ELA.01,English Language Arts,NSQ Online Courses (2025),D4,Design Alignment,"The competency includes a measurable objective, standards alignment, aligned learning activity, valid assessment evidence, and options for demonstrating mastery.",NSQ Online Courses 2025
FF.G4.ELA.02,English Language Arts,Tennessee Academic Standards,4.FL.SC.6,Direct,TN and CCSS expectations address command of grade-level grammar and usage.,TN ELA PDF pp.14–15; CCSS ELA Grade 4 L
FF.G4.ELA.02,English Language Arts,Common Core State Standards,CCSS.ELA-LITERACY.L.4.1,Direct,TN and CCSS expectations address command of grade-level grammar and usage.,TN ELA PDF pp.14–15; CCSS ELA Grade 4 L
FF.G4.ELA.02,English Language Arts,NSQ Online Courses (2025),B1,Design Alignment,"The competency includes a measurable objective, standards alignment, aligned learning activity, valid assessment evidence, and options for demonstrating mastery.",NSQ Online Courses 2025
FF.G4.ELA.02,English Language Arts,NSQ Online Courses (2025),B2,Design Alignment,"The competency includes a measurable objective, standards alignment, aligned learning activity, valid assessment evidence, and options for demonstrating mastery.",NSQ Online Courses 2025
FF.G4.ELA.02,English Language Arts,NSQ Online Courses (2025),C2,Design Alignment,"The competency includes a measurable objective, standards alignment, aligned learning activity, valid assessment evidence, and options for demonstrating mastery.",NSQ Online Courses 2025
FF.G4.ELA.02,English Language Arts,NSQ Online Courses (2025),D1,Design Alignment,"The competency includes a measurable objective, standards alignment, aligned learning activity, valid assessment evidence, and options for demonstrating mastery.",NSQ Online Courses 2025
FF.G4.ELA.02,English Language Arts,NSQ Online Courses (2025),D2,Design Alignment,"The competency includes a measurable objective, standards alignment, aligned learning activity, valid assessment evidence, and options for demonstrating mastery.",NSQ Online Courses 2025
FF.G4.ELA.02,English Language Arts,NSQ Online Courses (2025),D4,Design Alignment,"The competency includes a measurable objective, standards alignment, aligned learning activity, valid assessment evidence, and options for demonstrating mastery.",NSQ Online Courses 2025
FF.G4.ELA.03,English Language Arts,Tennessee Academic Standards,4.FL.SC.6,Direct,TN embeds conventions within the language standard; CCSS separates conventions as L.4.2.,TN ELA PDF pp.14–15; CCSS ELA Grade 4 L
FF.G4.ELA.03,English Language Arts,Common Core State Standards,CCSS.ELA-LITERACY.L.4.2,Direct,TN embeds conventions within the language standard; CCSS separates conventions as L.4.2.,TN ELA PDF pp.14–15; CCSS ELA Grade 4 L
FF.G4.ELA.03,English Language Arts,NSQ Online Courses (2025),B1,Design Alignment,"The competency includes a measurable objective, standards alignment, aligned learning activity, valid assessment evidence, and options for demonstrating mastery.",NSQ Online Courses 2025
FF.G4.ELA.03,English Language Arts,NSQ Online Courses (2025),B2,Design Alignment,"The competency includes a measurable objective, standards alignment, aligned learning activity, valid assessment evidence, and options for demonstrating mastery.",NSQ Online Courses 2025
FF.G4.ELA.03,English Language Arts,NSQ Online Courses (2025),C2,Design Alignment,"The competency includes a measurable objective, standards alignment, aligned learning activity, valid assessment evidence, and options for demonstrating mastery.",NSQ Online Courses 2025
FF.G4.ELA.03,English Language Arts,NSQ Online Courses (2025),D1,Design Alignment,"The competency includes a measurable objective, standards alignment, aligned learning activity, valid assessment evidence, and options for demonstrating mastery.",NSQ Online Courses 2025
FF.G4.ELA.03,English Language Arts,NSQ Online Courses (2025),D2,Design Alignment,"The competency includes a measurable objective, standards alignment, aligned learning activity, valid assessment evidence, and options for demonstrating mastery.",NSQ Online Courses 2025
FF.G4.ELA.03,English Language Arts,NSQ Online Courses (2025),D4,Design Alignment,"The competency includes a measurable objective, standards alignment, aligned learning activity, valid assessment evidence, and options for demonstrating mastery.",NSQ Online Courses 2025
FF.G4.ELA.04,English Language Arts,Tennessee Academic Standards,4.FL.VA.7a,Direct,"The frameworks share context, morphology, and reference-tool strategies.",TN ELA PDF p.16; CCSS ELA Grade 4 L
FF.G4.ELA.04,English Language Arts,Common Core State Standards,CCSS.ELA-LITERACY.L.4.4,Direct,"The frameworks share context, morphology, and reference-tool strategies.",TN ELA PDF p.16; CCSS ELA Grade 4 L
FF.G4.ELA.04,English Language Arts,NSQ Online Courses (2025),B1,Design Alignment,"The competency includes a measurable objective, standards alignment, aligned learning activity, valid assessment evidence, and options for demonstrating mastery.",NSQ Online Courses 2025
FF.G4.ELA.04,English Language Arts,NSQ Online Courses (2025),B2,Design Alignment,"The competency includes a measurable objective, standards alignment, aligned learning activity, valid assessment evidence, and options for demonstrating mastery.",NSQ Online Courses 2025
FF.G4.ELA.04,English Language Arts,NSQ Online Courses (2025),C2,Design Alignment,"The competency includes a measurable objective, standards alignment, aligned learning activity, valid assessment evidence, and options for demonstrating mastery.",NSQ Online Courses 2025
FF.G4.ELA.04,English Language Arts,NSQ Online Courses (2025),D1,Design Alignment,"The competency includes a measurable objective, standards alignment, aligned learning activity, valid assessment evidence, and options for demonstrating mastery.",NSQ Online Courses 2025
FF.G4.ELA.04,English Language Arts,NSQ Online Courses (2025),D2,Design Alignment,"The competency includes a measurable objective, standards alignment, aligned learning activity, valid assessment evidence, and options for demonstrating mastery.",NSQ Online Courses 2025
FF.G4.ELA.04,English Language Arts,NSQ Online Courses (2025),D4,Design Alignment,"The competency includes a measurable objective, standards alignment, aligned learning activity, valid assessment evidence, and options for demonstrating mastery.",NSQ Online Courses 2025
FF.G4.ELA.05,English Language Arts,Tennessee Academic Standards,4.FL.VA.7b,Direct,"Both standards address figurative language, relationships, and nuances in meaning.",TN ELA PDF p.16; CCSS ELA Grade 4 L
FF.G4.ELA.05,English Language Arts,Common Core State Standards,CCSS.ELA-LITERACY.L.4.5,Direct,"Both standards address figurative language, relationships, and nuances in meaning.",TN ELA PDF p.16; CCSS ELA Grade 4 L
FF.G4.ELA.05,English Language Arts,NSQ Online Courses (2025),B1,Design Alignment,"The competency includes a measurable objective, standards alignment, aligned learning activity, valid assessment evidence, and options for demonstrating mastery.",NSQ Online Courses 2025
FF.G4.ELA.05,English Language Arts,NSQ Online Courses (2025),B2,Design Alignment,"The competency includes a measurable objective, standards alignment, aligned learning activity, valid assessment evidence, and options for demonstrating mastery.",NSQ Online Courses 2025
FF.G4.ELA.05,English Language Arts,NSQ Online Courses (2025),C2,Design Alignment,"The competency includes a measurable objective, standards alignment, aligned learning activity, valid assessment evidence, and options for demonstrating mastery.",NSQ Online Courses 2025
FF.G4.ELA.05,English Language Arts,NSQ Online Courses (2025),D1,Design Alignment,"The competency includes a measurable objective, standards alignment, aligned learning activity, valid assessment evidence, and options for demonstrating mastery.",NSQ Online Courses 2025
FF.G4.ELA.05,English Language Arts,NSQ Online Courses (2025),D2,Design Alignment,"The competency includes a measurable objective, standards alignment, aligned learning activity, valid assessment evidence, and options for demonstrating mastery.",NSQ Online Courses 2025
FF.G4.ELA.05,English Language Arts,NSQ Online Courses (2025),D4,Design Alignment,"The competency includes a measurable objective, standards alignment, aligned learning activity, valid assessment evidence, and options for demonstrating mastery.",NSQ Online Courses 2025
FF.G4.ELA.06,English Language Arts,Tennessee Academic Standards,4.FL.VA.7c,Direct,Both frameworks require accurate acquisition and use of general academic and domain vocabulary.,TN ELA PDF p.16; CCSS ELA Grade 4 L
FF.G4.ELA.06,English Language Arts,Common Core State Standards,CCSS.ELA-LITERACY.L.4.6,Direct,Both frameworks require accurate acquisition and use of general academic and domain vocabulary.,TN ELA PDF p.16; CCSS ELA Grade 4 L
FF.G4.ELA.06,English Language Arts,NSQ Online Courses (2025),B1,Design Alignment,"The competency includes a measurable objective, standards alignment, aligned learning activity, valid assessment evidence, and options for demonstrating mastery.",NSQ Online Courses 2025
FF.G4.ELA.06,English Language Arts,NSQ Online Courses (2025),B2,Design Alignment,"The competency includes a measurable objective, standards alignment, aligned learning activity, valid assessment evidence, and options for demonstrating mastery.",NSQ Online Courses 2025
FF.G4.ELA.06,English Language Arts,NSQ Online Courses (2025),C2,Design Alignment,"The competency includes a measurable objective, standards alignment, aligned learning activity, valid assessment evidence, and options for demonstrating mastery.",NSQ Online Courses 2025
FF.G4.ELA.06,English Language Arts,NSQ Online Courses (2025),D1,Design Alignment,"The competency includes a measurable objective, standards alignment, aligned learning activity, valid assessment evidence, and options for demonstrating mastery.",NSQ Online Courses 2025
FF.G4.ELA.06,English Language Arts,NSQ Online Courses (2025),D2,Design Alignment,"The competency includes a measurable objective, standards alignment, aligned learning activity, valid assessment evidence, and options for demonstrating mastery.",NSQ Online Courses 2025
FF.G4.ELA.06,English Language Arts,NSQ Online Courses (2025),D4,Design Alignment,"The competency includes a measurable objective, standards alignment, aligned learning activity, valid assessment evidence, and options for demonstrating mastery.",NSQ Online Courses 2025
FF.G4.ELA.07,English Language Arts,Tennessee Academic Standards,4.RL.KID.1,Direct,The standards are substantively equivalent evidence-and-inference expectations.,TN ELA PDF p.29; CCSS ELA Grade 4 RL
FF.G4.ELA.07,English Language Arts,Common Core State Standards,CCSS.ELA-LITERACY.RL.4.1,Direct,The standards are substantively equivalent evidence-and-inference expectations.,TN ELA PDF p.29; CCSS ELA Grade 4 RL
FF.G4.ELA.07,English Language Arts,NSQ Online Courses (2025),B1,Design Alignment,"The competency includes a measurable objective, standards alignment, aligned learning activity, valid assessment evidence, and options for demonstrating mastery.",NSQ Online Courses 2025
FF.G4.ELA.07,English Language Arts,NSQ Online Courses (2025),B2,Design Alignment,"The competency includes a measurable objective, standards alignment, aligned learning activity, valid assessment evidence, and options for demonstrating mastery.",NSQ Online Courses 2025
FF.G4.ELA.07,English Language Arts,NSQ Online Courses (2025),C2,Design Alignment,"The competency includes a measurable objective, standards alignment, aligned learning activity, valid assessment evidence, and options for demonstrating mastery.",NSQ Online Courses 2025
FF.G4.ELA.07,English Language Arts,NSQ Online Courses (2025),D1,Design Alignment,"The competency includes a measurable objective, standards alignment, aligned learning activity, valid assessment evidence, and options for demonstrating mastery.",NSQ Online Courses 2025
FF.G4.ELA.07,English Language Arts,NSQ Online Courses (2025),D2,Design Alignment,"The competency includes a measurable objective, standards alignment, aligned learning activity, valid assessment evidence, and options for demonstrating mastery.",NSQ Online Courses 2025
FF.G4.ELA.07,English Language Arts,NSQ Online Courses (2025),D4,Design Alignment,"The competency includes a measurable objective, standards alignment, aligned learning activity, valid assessment evidence, and options for demonstrating mastery.",NSQ Online Courses 2025
FF.G4.ELA.08,English Language Arts,Tennessee Academic Standards,4.RL.KID.2,Direct,Both require theme determination and summary grounded in details.,TN ELA PDF p.30; CCSS ELA Grade 4 RL
FF.G4.ELA.08,English Language Arts,Common Core State Standards,CCSS.ELA-LITERACY.RL.4.2,Direct,Both require theme determination and summary grounded in details.,TN ELA PDF p.30; CCSS ELA Grade 4 RL
FF.G4.ELA.08,English Language Arts,NSQ Online Courses (2025),B1,Design Alignment,"The competency includes a measurable objective, standards alignment, aligned learning activity, valid assessment evidence, and options for demonstrating mastery.",NSQ Online Courses 2025
FF.G4.ELA.08,English Language Arts,NSQ Online Courses (2025),B2,Design Alignment,"The competency includes a measurable objective, standards alignment, aligned learning activity, valid assessment evidence, and options for demonstrating mastery.",NSQ Online Courses 2025
FF.G4.ELA.08,English Language Arts,NSQ Online Courses (2025),C2,Design Alignment,"The competency includes a measurable objective, standards alignment, aligned learning activity, valid assessment evidence, and options for demonstrating mastery.",NSQ Online Courses 2025
FF.G4.ELA.08,English Language Arts,NSQ Online Courses (2025),D1,Design Alignment,"The competency includes a measurable objective, standards alignment, aligned learning activity, valid assessment evidence, and options for demonstrating mastery.",NSQ Online Courses 2025
FF.G4.ELA.08,English Language Arts,NSQ Online Courses (2025),D2,Design Alignment,"The competency includes a measurable objective, standards alignment, aligned learning activity, valid assessment evidence, and options for demonstrating mastery.",NSQ Online Courses 2025
FF.G4.ELA.08,English Language Arts,NSQ Online Courses (2025),D4,Design Alignment,"The competency includes a measurable objective, standards alignment, aligned learning activity, valid assessment evidence, and options for demonstrating mastery.",NSQ Online Courses 2025
FF.G4.ELA.09,English Language Arts,Tennessee Academic Standards,4.RL.KID.3,Direct,Both focus on in-depth description using textual evidence.,TN ELA PDF p.31; CCSS ELA Grade 4 RL
FF.G4.ELA.09,English Language Arts,Common Core State Standards,CCSS.ELA-LITERACY.RL.4.3,Direct,Both focus on in-depth description using textual evidence.,TN ELA PDF p.31; CCSS ELA Grade 4 RL
FF.G4.ELA.09,English Language Arts,NSQ Online Courses (2025),B1,Design Alignment,"The competency includes a measurable objective, standards alignment, aligned learning activity, valid assessment evidence, and options for demonstrating mastery.",NSQ Online Courses 2025
FF.G4.ELA.09,English Language Arts,NSQ Online Courses (2025),B2,Design Alignment,"The competency includes a measurable objective, standards alignment, aligned learning activity, valid assessment evidence, and options for demonstrating mastery.",NSQ Online Courses 2025
FF.G4.ELA.09,English Language Arts,NSQ Online Courses (2025),C2,Design Alignment,"The competency includes a measurable objective, standards alignment, aligned learning activity, valid assessment evidence, and options for demonstrating mastery.",NSQ Online Courses 2025
FF.G4.ELA.09,English Language Arts,NSQ Online Courses (2025),D1,Design Alignment,"The competency includes a measurable objective, standards alignment, aligned learning activity, valid assessment evidence, and options for demonstrating mastery.",NSQ Online Courses 2025
FF.G4.ELA.09,English Language Arts,NSQ Online Courses (2025),D2,Design Alignment,"The competency includes a measurable objective, standards alignment, aligned learning activity, valid assessment evidence, and options for demonstrating mastery.",NSQ Online Courses 2025
FF.G4.ELA.09,English Language Arts,NSQ Online Courses (2025),D4,Design Alignment,"The competency includes a measurable objective, standards alignment, aligned learning activity, valid assessment evidence, and options for demonstrating mastery.",NSQ Online Courses 2025
FF.G4.ELA.10,English Language Arts,Tennessee Academic Standards,4.RL.CS.4,Direct,"TN and CCSS align across vocabulary, structural form, and narrative point of view.",TN ELA PDF pp.33–35; CCSS ELA Grade 4 RL
FF.G4.ELA.10,English Language Arts,Tennessee Academic Standards,4.RL.CS.5,Direct,"TN and CCSS align across vocabulary, structural form, and narrative point of view.",TN ELA PDF pp.33–35; CCSS ELA Grade 4 RL
FF.G4.ELA.10,English Language Arts,Tennessee Academic Standards,4.RL.CS.6,Direct,"TN and CCSS align across vocabulary, structural form, and narrative point of view.",TN ELA PDF pp.33–35; CCSS ELA Grade 4 RL
FF.G4.ELA.10,English Language Arts,Common Core State Standards,CCSS.ELA-LITERACY.RL.4.4,Direct,"TN and CCSS align across vocabulary, structural form, and narrative point of view.",TN ELA PDF pp.33–35; CCSS ELA Grade 4 RL
FF.G4.ELA.10,English Language Arts,Common Core State Standards,CCSS.ELA-LITERACY.RL.4.5,Direct,"TN and CCSS align across vocabulary, structural form, and narrative point of view.",TN ELA PDF pp.33–35; CCSS ELA Grade 4 RL
FF.G4.ELA.10,English Language Arts,Common Core State Standards,CCSS.ELA-LITERACY.RL.4.6,Direct,"TN and CCSS align across vocabulary, structural form, and narrative point of view.",TN ELA PDF pp.33–35; CCSS ELA Grade 4 RL
FF.G4.ELA.10,English Language Arts,NSQ Online Courses (2025),B1,Design Alignment,"The competency includes a measurable objective, standards alignment, aligned learning activity, valid assessment evidence, and options for demonstrating mastery.",NSQ Online Courses 2025
FF.G4.ELA.10,English Language Arts,NSQ Online Courses (2025),B2,Design Alignment,"The competency includes a measurable objective, standards alignment, aligned learning activity, valid assessment evidence, and options for demonstrating mastery.",NSQ Online Courses 2025
FF.G4.ELA.10,English Language Arts,NSQ Online Courses (2025),C2,Design Alignment,"The competency includes a measurable objective, standards alignment, aligned learning activity, valid assessment evidence, and options for demonstrating mastery.",NSQ Online Courses 2025
FF.G4.ELA.10,English Language Arts,NSQ Online Courses (2025),D1,Design Alignment,"The competency includes a measurable objective, standards alignment, aligned learning activity, valid assessment evidence, and options for demonstrating mastery.",NSQ Online Courses 2025
FF.G4.ELA.10,English Language Arts,NSQ Online Courses (2025),D2,Design Alignment,"The competency includes a measurable objective, standards alignment, aligned learning activity, valid assessment evidence, and options for demonstrating mastery.",NSQ Online Courses 2025
FF.G4.ELA.10,English Language Arts,NSQ Online Courses (2025),D4,Design Alignment,"The competency includes a measurable objective, standards alignment, aligned learning activity, valid assessment evidence, and options for demonstrating mastery.",NSQ Online Courses 2025
FF.G4.ELA.11,English Language Arts,Tennessee Academic Standards,4.RL.IKI.7,Direct,Both frameworks ask learners to integrate versions and compare related literary texts.,"TN ELA PDF pp.36,39; CCSS ELA Grade 4 RL"
FF.G4.ELA.11,English Language Arts,Tennessee Academic Standards,4.RL.IKI.9,Direct,Both frameworks ask learners to integrate versions and compare related literary texts.,"TN ELA PDF pp.36,39; CCSS ELA Grade 4 RL"
FF.G4.ELA.11,English Language Arts,Common Core State Standards,CCSS.ELA-LITERACY.RL.4.7,Direct,Both frameworks ask learners to integrate versions and compare related literary texts.,"TN ELA PDF pp.36,39; CCSS ELA Grade 4 RL"
FF.G4.ELA.11,English Language Arts,Common Core State Standards,CCSS.ELA-LITERACY.RL.4.9,Direct,Both frameworks ask learners to integrate versions and compare related literary texts.,"TN ELA PDF pp.36,39; CCSS ELA Grade 4 RL"
FF.G4.ELA.11,English Language Arts,NSQ Online Courses (2025),B1,Design Alignment,"The competency includes a measurable objective, standards alignment, aligned learning activity, valid assessment evidence, and options for demonstrating mastery.",NSQ Online Courses 2025
FF.G4.ELA.11,English Language Arts,NSQ Online Courses (2025),B2,Design Alignment,"The competency includes a measurable objective, standards alignment, aligned learning activity, valid assessment evidence, and options for demonstrating mastery.",NSQ Online Courses 2025
FF.G4.ELA.11,English Language Arts,NSQ Online Courses (2025),C2,Design Alignment,"The competency includes a measurable objective, standards alignment, aligned learning activity, valid assessment evidence, and options for demonstrating mastery.",NSQ Online Courses 2025
FF.G4.ELA.11,English Language Arts,NSQ Online Courses (2025),D1,Design Alignment,"The competency includes a measurable objective, standards alignment, aligned learning activity, valid assessment evidence, and options for demonstrating mastery.",NSQ Online Courses 2025
FF.G4.ELA.11,English Language Arts,NSQ Online Courses (2025),D2,Design Alignment,"The competency includes a measurable objective, standards alignment, aligned learning activity, valid assessment evidence, and options for demonstrating mastery.",NSQ Online Courses 2025
FF.G4.ELA.11,English Language Arts,NSQ Online Courses (2025),D4,Design Alignment,"The competency includes a measurable objective, standards alignment, aligned learning activity, valid assessment evidence, and options for demonstrating mastery.",NSQ Online Courses 2025
FF.G4.ELA.12,English Language Arts,Tennessee Academic Standards,4.RI.KID.1,Direct,"TN and CCSS expectations align for evidence, main idea, summary, and explanatory relationships.",TN ELA PDF pp.29–31; CCSS ELA Grade 4 RI
FF.G4.ELA.12,English Language Arts,Tennessee Academic Standards,4.RI.KID.2,Direct,"TN and CCSS expectations align for evidence, main idea, summary, and explanatory relationships.",TN ELA PDF pp.29–31; CCSS ELA Grade 4 RI
FF.G4.ELA.12,English Language Arts,Tennessee Academic Standards,4.RI.KID.3,Direct,"TN and CCSS expectations align for evidence, main idea, summary, and explanatory relationships.",TN ELA PDF pp.29–31; CCSS ELA Grade 4 RI
FF.G4.ELA.12,English Language Arts,Common Core State Standards,CCSS.ELA-LITERACY.RI.4.1,Direct,"TN and CCSS expectations align for evidence, main idea, summary, and explanatory relationships.",TN ELA PDF pp.29–31; CCSS ELA Grade 4 RI
FF.G4.ELA.12,English Language Arts,Common Core State Standards,CCSS.ELA-LITERACY.RI.4.2,Direct,"TN and CCSS expectations align for evidence, main idea, summary, and explanatory relationships.",TN ELA PDF pp.29–31; CCSS ELA Grade 4 RI
FF.G4.ELA.12,English Language Arts,Common Core State Standards,CCSS.ELA-LITERACY.RI.4.3,Direct,"TN and CCSS expectations align for evidence, main idea, summary, and explanatory relationships.",TN ELA PDF pp.29–31; CCSS ELA Grade 4 RI
FF.G4.ELA.12,English Language Arts,NSQ Online Courses (2025),B1,Design Alignment,"The competency includes a measurable objective, standards alignment, aligned learning activity, valid assessment evidence, and options for demonstrating mastery.",NSQ Online Courses 2025
FF.G4.ELA.12,English Language Arts,NSQ Online Courses (2025),B2,Design Alignment,"The competency includes a measurable objective, standards alignment, aligned learning activity, valid assessment evidence, and options for demonstrating mastery.",NSQ Online Courses 2025
FF.G4.ELA.12,English Language Arts,NSQ Online Courses (2025),C2,Design Alignment,"The competency includes a measurable objective, standards alignment, aligned learning activity, valid assessment evidence, and options for demonstrating mastery.",NSQ Online Courses 2025
FF.G4.ELA.12,English Language Arts,NSQ Online Courses (2025),D1,Design Alignment,"The competency includes a measurable objective, standards alignment, aligned learning activity, valid assessment evidence, and options for demonstrating mastery.",NSQ Online Courses 2025
FF.G4.ELA.12,English Language Arts,NSQ Online Courses (2025),D2,Design Alignment,"The competency includes a measurable objective, standards alignment, aligned learning activity, valid assessment evidence, and options for demonstrating mastery.",NSQ Online Courses 2025
FF.G4.ELA.12,English Language Arts,NSQ Online Courses (2025),D4,Design Alignment,"The competency includes a measurable objective, standards alignment, aligned learning activity, valid assessment evidence, and options for demonstrating mastery.",NSQ Online Courses 2025
FF.G4.ELA.13,English Language Arts,Tennessee Academic Standards,4.RI.CS.4,Direct,"The standards align on domain vocabulary, common structures, and comparison of accounts.",TN ELA PDF pp.33–35; CCSS ELA Grade 4 RI
FF.G4.ELA.13,English Language Arts,Tennessee Academic Standards,4.RI.CS.5,Direct,"The standards align on domain vocabulary, common structures, and comparison of accounts.",TN ELA PDF pp.33–35; CCSS ELA Grade 4 RI
FF.G4.ELA.13,English Language Arts,Tennessee Academic Standards,4.RI.CS.6,Direct,"The standards align on domain vocabulary, common structures, and comparison of accounts.",TN ELA PDF pp.33–35; CCSS ELA Grade 4 RI
FF.G4.ELA.13,English Language Arts,Common Core State Standards,CCSS.ELA-LITERACY.RI.4.4,Direct,"The standards align on domain vocabulary, common structures, and comparison of accounts.",TN ELA PDF pp.33–35; CCSS ELA Grade 4 RI
FF.G4.ELA.13,English Language Arts,Common Core State Standards,CCSS.ELA-LITERACY.RI.4.5,Direct,"The standards align on domain vocabulary, common structures, and comparison of accounts.",TN ELA PDF pp.33–35; CCSS ELA Grade 4 RI
FF.G4.ELA.13,English Language Arts,Common Core State Standards,CCSS.ELA-LITERACY.RI.4.6,Direct,"The standards align on domain vocabulary, common structures, and comparison of accounts.",TN ELA PDF pp.33–35; CCSS ELA Grade 4 RI
FF.G4.ELA.13,English Language Arts,NSQ Online Courses (2025),B1,Design Alignment,"The competency includes a measurable objective, standards alignment, aligned learning activity, valid assessment evidence, and options for demonstrating mastery.",NSQ Online Courses 2025
FF.G4.ELA.13,English Language Arts,NSQ Online Courses (2025),B2,Design Alignment,"The competency includes a measurable objective, standards alignment, aligned learning activity, valid assessment evidence, and options for demonstrating mastery.",NSQ Online Courses 2025
FF.G4.ELA.13,English Language Arts,NSQ Online Courses (2025),C2,Design Alignment,"The competency includes a measurable objective, standards alignment, aligned learning activity, valid assessment evidence, and options for demonstrating mastery.",NSQ Online Courses 2025
FF.G4.ELA.13,English Language Arts,NSQ Online Courses (2025),D1,Design Alignment,"The competency includes a measurable objective, standards alignment, aligned learning activity, valid assessment evidence, and options for demonstrating mastery.",NSQ Online Courses 2025
FF.G4.ELA.13,English Language Arts,NSQ Online Courses (2025),D2,Design Alignment,"The competency includes a measurable objective, standards alignment, aligned learning activity, valid assessment evidence, and options for demonstrating mastery.",NSQ Online Courses 2025
FF.G4.ELA.13,English Language Arts,NSQ Online Courses (2025),D4,Design Alignment,"The competency includes a measurable objective, standards alignment, aligned learning activity, valid assessment evidence, and options for demonstrating mastery.",NSQ Online Courses 2025
FF.G4.ELA.14,English Language Arts,Tennessee Academic Standards,4.RI.IKI.7,Direct,"Both frameworks require multimodal interpretation, reasoning/evidence analysis, and source integration.","TN ELA PDF pp.36,38–39; CCSS ELA Grade 4 RI"
FF.G4.ELA.14,English Language Arts,Tennessee Academic Standards,4.RI.IKI.8,Direct,"Both frameworks require multimodal interpretation, reasoning/evidence analysis, and source integration.","TN ELA PDF pp.36,38–39; CCSS ELA Grade 4 RI"
FF.G4.ELA.14,English Language Arts,Tennessee Academic Standards,4.RI.IKI.9,Direct,"Both frameworks require multimodal interpretation, reasoning/evidence analysis, and source integration.","TN ELA PDF pp.36,38–39; CCSS ELA Grade 4 RI"
FF.G4.ELA.14,English Language Arts,Common Core State Standards,CCSS.ELA-LITERACY.RI.4.7,Direct,"Both frameworks require multimodal interpretation, reasoning/evidence analysis, and source integration.","TN ELA PDF pp.36,38–39; CCSS ELA Grade 4 RI"
FF.G4.ELA.14,English Language Arts,Common Core State Standards,CCSS.ELA-LITERACY.RI.4.8,Direct,"Both frameworks require multimodal interpretation, reasoning/evidence analysis, and source integration.","TN ELA PDF pp.36,38–39; CCSS ELA Grade 4 RI"
FF.G4.ELA.14,English Language Arts,Common Core State Standards,CCSS.ELA-LITERACY.RI.4.9,Direct,"Both frameworks require multimodal interpretation, reasoning/evidence analysis, and source integration.","TN ELA PDF pp.36,38–39; CCSS ELA Grade 4 RI"
FF.G4.ELA.14,English Language Arts,NSQ Online Courses (2025),B1,Design Alignment,"The competency includes a measurable objective, standards alignment, aligned learning activity, valid assessment evidence, and options for demonstrating mastery.",NSQ Online Courses 2025
FF.G4.ELA.14,English Language Arts,NSQ Online Courses (2025),B2,Design Alignment,"The competency includes a measurable objective, standards alignment, aligned learning activity, valid assessment evidence, and options for demonstrating mastery.",NSQ Online Courses 2025
FF.G4.ELA.14,English Language Arts,NSQ Online Courses (2025),C2,Design Alignment,"The competency includes a measurable objective, standards alignment, aligned learning activity, valid assessment evidence, and options for demonstrating mastery.",NSQ Online Courses 2025
FF.G4.ELA.14,English Language Arts,NSQ Online Courses (2025),D1,Design Alignment,"The competency includes a measurable objective, standards alignment, aligned learning activity, valid assessment evidence, and options for demonstrating mastery.",NSQ Online Courses 2025
FF.G4.ELA.14,English Language Arts,NSQ Online Courses (2025),D2,Design Alignment,"The competency includes a measurable objective, standards alignment, aligned learning activity, valid assessment evidence, and options for demonstrating mastery.",NSQ Online Courses 2025
FF.G4.ELA.14,English Language Arts,NSQ Online Courses (2025),D4,Design Alignment,"The competency includes a measurable objective, standards alignment, aligned learning activity, valid assessment evidence, and options for demonstrating mastery.",NSQ Online Courses 2025
FF.G4.ELA.15,English Language Arts,Tennessee Academic Standards,4.RL.RRTC.10,Direct,"Both frameworks establish range, complexity, and independent comprehension expectations.",TN ELA PDF p.42; CCSS ELA Grade 4 RL/RI
FF.G4.ELA.15,English Language Arts,Tennessee Academic Standards,4.RI.RRTC.10,Direct,"Both frameworks establish range, complexity, and independent comprehension expectations.",TN ELA PDF p.42; CCSS ELA Grade 4 RL/RI
FF.G4.ELA.15,English Language Arts,Common Core State Standards,CCSS.ELA-LITERACY.RL.4.10,Direct,"Both frameworks establish range, complexity, and independent comprehension expectations.",TN ELA PDF p.42; CCSS ELA Grade 4 RL/RI
FF.G4.ELA.15,English Language Arts,Common Core State Standards,CCSS.ELA-LITERACY.RI.4.10,Direct,"Both frameworks establish range, complexity, and independent comprehension expectations.",TN ELA PDF p.42; CCSS ELA Grade 4 RL/RI
FF.G4.ELA.15,English Language Arts,NSQ Online Courses (2025),B1,Design Alignment,"The competency includes a measurable objective, standards alignment, aligned learning activity, valid assessment evidence, and options for demonstrating mastery.",NSQ Online Courses 2025
FF.G4.ELA.15,English Language Arts,NSQ Online Courses (2025),B2,Design Alignment,"The competency includes a measurable objective, standards alignment, aligned learning activity, valid assessment evidence, and options for demonstrating mastery.",NSQ Online Courses 2025
FF.G4.ELA.15,English Language Arts,NSQ Online Courses (2025),C2,Design Alignment,"The competency includes a measurable objective, standards alignment, aligned learning activity, valid assessment evidence, and options for demonstrating mastery.",NSQ Online Courses 2025
FF.G4.ELA.15,English Language Arts,NSQ Online Courses (2025),D1,Design Alignment,"The competency includes a measurable objective, standards alignment, aligned learning activity, valid assessment evidence, and options for demonstrating mastery.",NSQ Online Courses 2025
FF.G4.ELA.15,English Language Arts,NSQ Online Courses (2025),D2,Design Alignment,"The competency includes a measurable objective, standards alignment, aligned learning activity, valid assessment evidence, and options for demonstrating mastery.",NSQ Online Courses 2025
FF.G4.ELA.15,English Language Arts,NSQ Online Courses (2025),D4,Design Alignment,"The competency includes a measurable objective, standards alignment, aligned learning activity, valid assessment evidence, and options for demonstrating mastery.",NSQ Online Courses 2025
FF.G4.ELA.16,English Language Arts,Tennessee Academic Standards,4.SL.CC.1,Direct,"The standards align on collaborative discourse, paraphrasing, and evaluation of reasons/evidence.",TN ELA PDF pp.45–48; CCSS ELA Grade 4 SL
FF.G4.ELA.16,English Language Arts,Tennessee Academic Standards,4.SL.CC.2,Direct,"The standards align on collaborative discourse, paraphrasing, and evaluation of reasons/evidence.",TN ELA PDF pp.45–48; CCSS ELA Grade 4 SL
FF.G4.ELA.16,English Language Arts,Tennessee Academic Standards,4.SL.CC.3,Direct,"The standards align on collaborative discourse, paraphrasing, and evaluation of reasons/evidence.",TN ELA PDF pp.45–48; CCSS ELA Grade 4 SL
FF.G4.ELA.16,English Language Arts,Common Core State Standards,CCSS.ELA-LITERACY.SL.4.1,Direct,"The standards align on collaborative discourse, paraphrasing, and evaluation of reasons/evidence.",TN ELA PDF pp.45–48; CCSS ELA Grade 4 SL
FF.G4.ELA.16,English Language Arts,Common Core State Standards,CCSS.ELA-LITERACY.SL.4.2,Direct,"The standards align on collaborative discourse, paraphrasing, and evaluation of reasons/evidence.",TN ELA PDF pp.45–48; CCSS ELA Grade 4 SL
FF.G4.ELA.16,English Language Arts,Common Core State Standards,CCSS.ELA-LITERACY.SL.4.3,Direct,"The standards align on collaborative discourse, paraphrasing, and evaluation of reasons/evidence.",TN ELA PDF pp.45–48; CCSS ELA Grade 4 SL
FF.G4.ELA.16,English Language Arts,NSQ Online Courses (2025),B1,Design Alignment,"The competency includes a measurable objective, standards alignment, aligned learning activity, valid assessment evidence, and options for demonstrating mastery.",NSQ Online Courses 2025
FF.G4.ELA.16,English Language Arts,NSQ Online Courses (2025),B2,Design Alignment,"The competency includes a measurable objective, standards alignment, aligned learning activity, valid assessment evidence, and options for demonstrating mastery.",NSQ Online Courses 2025
FF.G4.ELA.16,English Language Arts,NSQ Online Courses (2025),C2,Design Alignment,"The competency includes a measurable objective, standards alignment, aligned learning activity, valid assessment evidence, and options for demonstrating mastery.",NSQ Online Courses 2025
FF.G4.ELA.16,English Language Arts,NSQ Online Courses (2025),D1,Design Alignment,"The competency includes a measurable objective, standards alignment, aligned learning activity, valid assessment evidence, and options for demonstrating mastery.",NSQ Online Courses 2025
FF.G4.ELA.16,English Language Arts,NSQ Online Courses (2025),D2,Design Alignment,"The competency includes a measurable objective, standards alignment, aligned learning activity, valid assessment evidence, and options for demonstrating mastery.",NSQ Online Courses 2025
FF.G4.ELA.16,English Language Arts,NSQ Online Courses (2025),D4,Design Alignment,"The competency includes a measurable objective, standards alignment, aligned learning activity, valid assessment evidence, and options for demonstrating mastery.",NSQ Online Courses 2025
FF.G4.ELA.17,English Language Arts,Tennessee Academic Standards,4.SL.PKI.4,Direct,"TN and CCSS align for organized presentation, multimedia support, and register.",TN ELA PDF pp.49–51; CCSS ELA Grade 4 SL
FF.G4.ELA.17,English Language Arts,Tennessee Academic Standards,4.SL.PKI.5,Direct,"TN and CCSS align for organized presentation, multimedia support, and register.",TN ELA PDF pp.49–51; CCSS ELA Grade 4 SL
FF.G4.ELA.17,English Language Arts,Tennessee Academic Standards,4.SL.PKI.6,Direct,"TN and CCSS align for organized presentation, multimedia support, and register.",TN ELA PDF pp.49–51; CCSS ELA Grade 4 SL
FF.G4.ELA.17,English Language Arts,Common Core State Standards,CCSS.ELA-LITERACY.SL.4.4,Direct,"TN and CCSS align for organized presentation, multimedia support, and register.",TN ELA PDF pp.49–51; CCSS ELA Grade 4 SL
FF.G4.ELA.17,English Language Arts,Common Core State Standards,CCSS.ELA-LITERACY.SL.4.5,Direct,"TN and CCSS align for organized presentation, multimedia support, and register.",TN ELA PDF pp.49–51; CCSS ELA Grade 4 SL
FF.G4.ELA.17,English Language Arts,Common Core State Standards,CCSS.ELA-LITERACY.SL.4.6,Direct,"TN and CCSS align for organized presentation, multimedia support, and register.",TN ELA PDF pp.49–51; CCSS ELA Grade 4 SL
FF.G4.ELA.17,English Language Arts,NSQ Online Courses (2025),B1,Design Alignment,"The competency includes a measurable objective, standards alignment, aligned learning activity, valid assessment evidence, and options for demonstrating mastery.",NSQ Online Courses 2025
FF.G4.ELA.17,English Language Arts,NSQ Online Courses (2025),B2,Design Alignment,"The competency includes a measurable objective, standards alignment, aligned learning activity, valid assessment evidence, and options for demonstrating mastery.",NSQ Online Courses 2025
FF.G4.ELA.17,English Language Arts,NSQ Online Courses (2025),C2,Design Alignment,"The competency includes a measurable objective, standards alignment, aligned learning activity, valid assessment evidence, and options for demonstrating mastery.",NSQ Online Courses 2025
FF.G4.ELA.17,English Language Arts,NSQ Online Courses (2025),D1,Design Alignment,"The competency includes a measurable objective, standards alignment, aligned learning activity, valid assessment evidence, and options for demonstrating mastery.",NSQ Online Courses 2025
FF.G4.ELA.17,English Language Arts,NSQ Online Courses (2025),D2,Design Alignment,"The competency includes a measurable objective, standards alignment, aligned learning activity, valid assessment evidence, and options for demonstrating mastery.",NSQ Online Courses 2025
FF.G4.ELA.17,English Language Arts,NSQ Online Courses (2025),D4,Design Alignment,"The competency includes a measurable objective, standards alignment, aligned learning activity, valid assessment evidence, and options for demonstrating mastery.",NSQ Online Courses 2025
FF.G4.ELA.18,English Language Arts,Tennessee Academic Standards,4.W.TTP.1,Direct,"Both standards specify claim, reasons, evidence, organization, and closure.",TN ELA PDF pp.55–57; CCSS ELA Grade 4 W
FF.G4.ELA.18,English Language Arts,Common Core State Standards,CCSS.ELA-LITERACY.W.4.1,Direct,"Both standards specify claim, reasons, evidence, organization, and closure.",TN ELA PDF pp.55–57; CCSS ELA Grade 4 W
FF.G4.ELA.18,English Language Arts,NSQ Online Courses (2025),B1,Design Alignment,"The competency includes a measurable objective, standards alignment, aligned learning activity, valid assessment evidence, and options for demonstrating mastery.",NSQ Online Courses 2025
FF.G4.ELA.18,English Language Arts,NSQ Online Courses (2025),B2,Design Alignment,"The competency includes a measurable objective, standards alignment, aligned learning activity, valid assessment evidence, and options for demonstrating mastery.",NSQ Online Courses 2025
FF.G4.ELA.18,English Language Arts,NSQ Online Courses (2025),C2,Design Alignment,"The competency includes a measurable objective, standards alignment, aligned learning activity, valid assessment evidence, and options for demonstrating mastery.",NSQ Online Courses 2025
FF.G4.ELA.18,English Language Arts,NSQ Online Courses (2025),D1,Design Alignment,"The competency includes a measurable objective, standards alignment, aligned learning activity, valid assessment evidence, and options for demonstrating mastery.",NSQ Online Courses 2025
FF.G4.ELA.18,English Language Arts,NSQ Online Courses (2025),D2,Design Alignment,"The competency includes a measurable objective, standards alignment, aligned learning activity, valid assessment evidence, and options for demonstrating mastery.",NSQ Online Courses 2025
FF.G4.ELA.18,English Language Arts,NSQ Online Courses (2025),D4,Design Alignment,"The competency includes a measurable objective, standards alignment, aligned learning activity, valid assessment evidence, and options for demonstrating mastery.",NSQ Online Courses 2025
FF.G4.ELA.19,English Language Arts,Tennessee Academic Standards,4.W.TTP.2,Direct,"TN and CCSS align on informative organization, development, language, and closure.",TN ELA PDF pp.58–60; CCSS ELA Grade 4 W
FF.G4.ELA.19,English Language Arts,Common Core State Standards,CCSS.ELA-LITERACY.W.4.2,Direct,"TN and CCSS align on informative organization, development, language, and closure.",TN ELA PDF pp.58–60; CCSS ELA Grade 4 W
FF.G4.ELA.19,English Language Arts,NSQ Online Courses (2025),B1,Design Alignment,"The competency includes a measurable objective, standards alignment, aligned learning activity, valid assessment evidence, and options for demonstrating mastery.",NSQ Online Courses 2025
FF.G4.ELA.19,English Language Arts,NSQ Online Courses (2025),B2,Design Alignment,"The competency includes a measurable objective, standards alignment, aligned learning activity, valid assessment evidence, and options for demonstrating mastery.",NSQ Online Courses 2025
FF.G4.ELA.19,English Language Arts,NSQ Online Courses (2025),C2,Design Alignment,"The competency includes a measurable objective, standards alignment, aligned learning activity, valid assessment evidence, and options for demonstrating mastery.",NSQ Online Courses 2025
FF.G4.ELA.19,English Language Arts,NSQ Online Courses (2025),D1,Design Alignment,"The competency includes a measurable objective, standards alignment, aligned learning activity, valid assessment evidence, and options for demonstrating mastery.",NSQ Online Courses 2025
FF.G4.ELA.19,English Language Arts,NSQ Online Courses (2025),D2,Design Alignment,"The competency includes a measurable objective, standards alignment, aligned learning activity, valid assessment evidence, and options for demonstrating mastery.",NSQ Online Courses 2025
FF.G4.ELA.19,English Language Arts,NSQ Online Courses (2025),D4,Design Alignment,"The competency includes a measurable objective, standards alignment, aligned learning activity, valid assessment evidence, and options for demonstrating mastery.",NSQ Online Courses 2025
FF.G4.ELA.20,English Language Arts,Tennessee Academic Standards,4.W.TTP.3,Direct,"Both standards describe narrative technique, sequence, detail, and closure.",TN ELA PDF pp.61–62; CCSS ELA Grade 4 W
FF.G4.ELA.20,English Language Arts,Common Core State Standards,CCSS.ELA-LITERACY.W.4.3,Direct,"Both standards describe narrative technique, sequence, detail, and closure.",TN ELA PDF pp.61–62; CCSS ELA Grade 4 W
FF.G4.ELA.20,English Language Arts,NSQ Online Courses (2025),B1,Design Alignment,"The competency includes a measurable objective, standards alignment, aligned learning activity, valid assessment evidence, and options for demonstrating mastery.",NSQ Online Courses 2025
FF.G4.ELA.20,English Language Arts,NSQ Online Courses (2025),B2,Design Alignment,"The competency includes a measurable objective, standards alignment, aligned learning activity, valid assessment evidence, and options for demonstrating mastery.",NSQ Online Courses 2025
FF.G4.ELA.20,English Language Arts,NSQ Online Courses (2025),C2,Design Alignment,"The competency includes a measurable objective, standards alignment, aligned learning activity, valid assessment evidence, and options for demonstrating mastery.",NSQ Online Courses 2025
FF.G4.ELA.20,English Language Arts,NSQ Online Courses (2025),D1,Design Alignment,"The competency includes a measurable objective, standards alignment, aligned learning activity, valid assessment evidence, and options for demonstrating mastery.",NSQ Online Courses 2025
FF.G4.ELA.20,English Language Arts,NSQ Online Courses (2025),D2,Design Alignment,"The competency includes a measurable objective, standards alignment, aligned learning activity, valid assessment evidence, and options for demonstrating mastery.",NSQ Online Courses 2025
FF.G4.ELA.20,English Language Arts,NSQ Online Courses (2025),D4,Design Alignment,"The competency includes a measurable objective, standards alignment, aligned learning activity, valid assessment evidence, and options for demonstrating mastery.",NSQ Online Courses 2025
FF.G4.ELA.21,English Language Arts,Tennessee Academic Standards,4.W.PDW.4,Direct,The frameworks align on coherent production and revision; CCSS explicitly names digital production.,TN ELA PDF pp.63–64; CCSS ELA Grade 4 W
FF.G4.ELA.21,English Language Arts,Tennessee Academic Standards,4.W.PDW.5,Direct,The frameworks align on coherent production and revision; CCSS explicitly names digital production.,TN ELA PDF pp.63–64; CCSS ELA Grade 4 W
FF.G4.ELA.21,English Language Arts,Common Core State Standards,CCSS.ELA-LITERACY.W.4.4,Direct,The frameworks align on coherent production and revision; CCSS explicitly names digital production.,TN ELA PDF pp.63–64; CCSS ELA Grade 4 W
FF.G4.ELA.21,English Language Arts,Common Core State Standards,CCSS.ELA-LITERACY.W.4.5,Direct,The frameworks align on coherent production and revision; CCSS explicitly names digital production.,TN ELA PDF pp.63–64; CCSS ELA Grade 4 W
FF.G4.ELA.21,English Language Arts,Common Core State Standards,CCSS.ELA-LITERACY.W.4.6,Direct,The frameworks align on coherent production and revision; CCSS explicitly names digital production.,TN ELA PDF pp.63–64; CCSS ELA Grade 4 W
FF.G4.ELA.21,English Language Arts,NSQ Online Courses (2025),B1,Design Alignment,"The competency includes a measurable objective, standards alignment, aligned learning activity, valid assessment evidence, and options for demonstrating mastery.",NSQ Online Courses 2025
FF.G4.ELA.21,English Language Arts,NSQ Online Courses (2025),B2,Design Alignment,"The competency includes a measurable objective, standards alignment, aligned learning activity, valid assessment evidence, and options for demonstrating mastery.",NSQ Online Courses 2025
FF.G4.ELA.21,English Language Arts,NSQ Online Courses (2025),C2,Design Alignment,"The competency includes a measurable objective, standards alignment, aligned learning activity, valid assessment evidence, and options for demonstrating mastery.",NSQ Online Courses 2025
FF.G4.ELA.21,English Language Arts,NSQ Online Courses (2025),D1,Design Alignment,"The competency includes a measurable objective, standards alignment, aligned learning activity, valid assessment evidence, and options for demonstrating mastery.",NSQ Online Courses 2025
FF.G4.ELA.21,English Language Arts,NSQ Online Courses (2025),D2,Design Alignment,"The competency includes a measurable objective, standards alignment, aligned learning activity, valid assessment evidence, and options for demonstrating mastery.",NSQ Online Courses 2025
FF.G4.ELA.21,English Language Arts,NSQ Online Courses (2025),D4,Design Alignment,"The competency includes a measurable objective, standards alignment, aligned learning activity, valid assessment evidence, and options for demonstrating mastery.",NSQ Online Courses 2025
FF.G4.ELA.22,English Language Arts,Tennessee Academic Standards,4.W.RBPK.7,Direct,"TN and CCSS share research, note-taking, source use, and text-evidence expectations.",TN ELA PDF pp.66–68; CCSS ELA Grade 4 W
FF.G4.ELA.22,English Language Arts,Tennessee Academic Standards,4.W.RBPK.8,Direct,"TN and CCSS share research, note-taking, source use, and text-evidence expectations.",TN ELA PDF pp.66–68; CCSS ELA Grade 4 W
FF.G4.ELA.22,English Language Arts,Tennessee Academic Standards,4.W.RBPK.9,Direct,"TN and CCSS share research, note-taking, source use, and text-evidence expectations.",TN ELA PDF pp.66–68; CCSS ELA Grade 4 W
FF.G4.ELA.22,English Language Arts,Common Core State Standards,CCSS.ELA-LITERACY.W.4.7,Direct,"TN and CCSS share research, note-taking, source use, and text-evidence expectations.",TN ELA PDF pp.66–68; CCSS ELA Grade 4 W
FF.G4.ELA.22,English Language Arts,Common Core State Standards,CCSS.ELA-LITERACY.W.4.8,Direct,"TN and CCSS share research, note-taking, source use, and text-evidence expectations.",TN ELA PDF pp.66–68; CCSS ELA Grade 4 W
FF.G4.ELA.22,English Language Arts,Common Core State Standards,CCSS.ELA-LITERACY.W.4.9,Direct,"TN and CCSS share research, note-taking, source use, and text-evidence expectations.",TN ELA PDF pp.66–68; CCSS ELA Grade 4 W
FF.G4.ELA.22,English Language Arts,NSQ Online Courses (2025),B1,Design Alignment,"The competency includes a measurable objective, standards alignment, aligned learning activity, valid assessment evidence, and options for demonstrating mastery.",NSQ Online Courses 2025
FF.G4.ELA.22,English Language Arts,NSQ Online Courses (2025),B2,Design Alignment,"The competency includes a measurable objective, standards alignment, aligned learning activity, valid assessment evidence, and options for demonstrating mastery.",NSQ Online Courses 2025
FF.G4.ELA.22,English Language Arts,NSQ Online Courses (2025),C2,Design Alignment,"The competency includes a measurable objective, standards alignment, aligned learning activity, valid assessment evidence, and options for demonstrating mastery.",NSQ Online Courses 2025
FF.G4.ELA.22,English Language Arts,NSQ Online Courses (2025),D1,Design Alignment,"The competency includes a measurable objective, standards alignment, aligned learning activity, valid assessment evidence, and options for demonstrating mastery.",NSQ Online Courses 2025
FF.G4.ELA.22,English Language Arts,NSQ Online Courses (2025),D2,Design Alignment,"The competency includes a measurable objective, standards alignment, aligned learning activity, valid assessment evidence, and options for demonstrating mastery.",NSQ Online Courses 2025
FF.G4.ELA.22,English Language Arts,NSQ Online Courses (2025),D4,Design Alignment,"The competency includes a measurable objective, standards alignment, aligned learning activity, valid assessment evidence, and options for demonstrating mastery.",NSQ Online Courses 2025
FF.G4.ELA.23,English Language Arts,Tennessee Academic Standards,4.W.RW.10,Direct,"Both standards require routine writing across time frames, purposes, and audiences.",TN ELA PDF p.69; CCSS ELA Grade 4 W
FF.G4.ELA.23,English Language Arts,Common Core State Standards,CCSS.ELA-LITERACY.W.4.10,Direct,"Both standards require routine writing across time frames, purposes, and audiences.",TN ELA PDF p.69; CCSS ELA Grade 4 W
FF.G4.ELA.23,English Language Arts,NSQ Online Courses (2025),B1,Design Alignment,"The competency includes a measurable objective, standards alignment, aligned learning activity, valid assessment evidence, and options for demonstrating mastery.",NSQ Online Courses 2025
FF.G4.ELA.23,English Language Arts,NSQ Online Courses (2025),B2,Design Alignment,"The competency includes a measurable objective, standards alignment, aligned learning activity, valid assessment evidence, and options for demonstrating mastery.",NSQ Online Courses 2025
FF.G4.ELA.23,English Language Arts,NSQ Online Courses (2025),C2,Design Alignment,"The competency includes a measurable objective, standards alignment, aligned learning activity, valid assessment evidence, and options for demonstrating mastery.",NSQ Online Courses 2025
FF.G4.ELA.23,English Language Arts,NSQ Online Courses (2025),D1,Design Alignment,"The competency includes a measurable objective, standards alignment, aligned learning activity, valid assessment evidence, and options for demonstrating mastery.",NSQ Online Courses 2025
FF.G4.ELA.23,English Language Arts,NSQ Online Courses (2025),D2,Design Alignment,"The competency includes a measurable objective, standards alignment, aligned learning activity, valid assessment evidence, and options for demonstrating mastery.",NSQ Online Courses 2025
FF.G4.ELA.23,English Language Arts,NSQ Online Courses (2025),D4,Design Alignment,"The competency includes a measurable objective, standards alignment, aligned learning activity, valid assessment evidence, and options for demonstrating mastery.",NSQ Online Courses 2025
FF.G4.MATH.01,Mathematics,Tennessee Academic Standards,4.OA.A.1,Direct,The Tennessee and Common Core Grade 4 standards share the same domain and substantially aligned performance expectation.,TN Math 2021 PDF p.48
FF.G4.MATH.01,Mathematics,Common Core State Standards,CCSS.MATH.CONTENT.4.OA.A.1,Direct,The Tennessee and Common Core Grade 4 standards share the same domain and substantially aligned performance expectation.,TN Math 2021 PDF p.48
FF.G4.MATH.01,Mathematics,NSQ Online Courses (2025),B1,Design Alignment,"The competency includes a measurable objective, standards alignment, aligned learning activity, valid assessment evidence, and options for demonstrating mastery.",NSQ Online Courses 2025
FF.G4.MATH.01,Mathematics,NSQ Online Courses (2025),B2,Design Alignment,"The competency includes a measurable objective, standards alignment, aligned learning activity, valid assessment evidence, and options for demonstrating mastery.",NSQ Online Courses 2025
FF.G4.MATH.01,Mathematics,NSQ Online Courses (2025),C2,Design Alignment,"The competency includes a measurable objective, standards alignment, aligned learning activity, valid assessment evidence, and options for demonstrating mastery.",NSQ Online Courses 2025
FF.G4.MATH.01,Mathematics,NSQ Online Courses (2025),D1,Design Alignment,"The competency includes a measurable objective, standards alignment, aligned learning activity, valid assessment evidence, and options for demonstrating mastery.",NSQ Online Courses 2025
FF.G4.MATH.01,Mathematics,NSQ Online Courses (2025),D2,Design Alignment,"The competency includes a measurable objective, standards alignment, aligned learning activity, valid assessment evidence, and options for demonstrating mastery.",NSQ Online Courses 2025
FF.G4.MATH.01,Mathematics,NSQ Online Courses (2025),D4,Design Alignment,"The competency includes a measurable objective, standards alignment, aligned learning activity, valid assessment evidence, and options for demonstrating mastery.",NSQ Online Courses 2025
FF.G4.MATH.02,Mathematics,Tennessee Academic Standards,4.OA.A.2,Direct,The Tennessee and Common Core Grade 4 standards share the same domain and substantially aligned performance expectation.,TN Math 2021 PDF p.48
FF.G4.MATH.02,Mathematics,Common Core State Standards,CCSS.MATH.CONTENT.4.OA.A.2,Direct,The Tennessee and Common Core Grade 4 standards share the same domain and substantially aligned performance expectation.,TN Math 2021 PDF p.48
FF.G4.MATH.02,Mathematics,NSQ Online Courses (2025),B1,Design Alignment,"The competency includes a measurable objective, standards alignment, aligned learning activity, valid assessment evidence, and options for demonstrating mastery.",NSQ Online Courses 2025
FF.G4.MATH.02,Mathematics,NSQ Online Courses (2025),B2,Design Alignment,"The competency includes a measurable objective, standards alignment, aligned learning activity, valid assessment evidence, and options for demonstrating mastery.",NSQ Online Courses 2025
FF.G4.MATH.02,Mathematics,NSQ Online Courses (2025),C2,Design Alignment,"The competency includes a measurable objective, standards alignment, aligned learning activity, valid assessment evidence, and options for demonstrating mastery.",NSQ Online Courses 2025
FF.G4.MATH.02,Mathematics,NSQ Online Courses (2025),D1,Design Alignment,"The competency includes a measurable objective, standards alignment, aligned learning activity, valid assessment evidence, and options for demonstrating mastery.",NSQ Online Courses 2025
FF.G4.MATH.02,Mathematics,NSQ Online Courses (2025),D2,Design Alignment,"The competency includes a measurable objective, standards alignment, aligned learning activity, valid assessment evidence, and options for demonstrating mastery.",NSQ Online Courses 2025
FF.G4.MATH.02,Mathematics,NSQ Online Courses (2025),D4,Design Alignment,"The competency includes a measurable objective, standards alignment, aligned learning activity, valid assessment evidence, and options for demonstrating mastery.",NSQ Online Courses 2025
FF.G4.MATH.03,Mathematics,Tennessee Academic Standards,4.OA.A.3,Direct,The Tennessee and Common Core Grade 4 standards share the same domain and substantially aligned performance expectation.,TN Math 2021 PDF p.48
FF.G4.MATH.03,Mathematics,Common Core State Standards,CCSS.MATH.CONTENT.4.OA.A.3,Direct,The Tennessee and Common Core Grade 4 standards share the same domain and substantially aligned performance expectation.,TN Math 2021 PDF p.48
FF.G4.MATH.03,Mathematics,NSQ Online Courses (2025),B1,Design Alignment,"The competency includes a measurable objective, standards alignment, aligned learning activity, valid assessment evidence, and options for demonstrating mastery.",NSQ Online Courses 2025
FF.G4.MATH.03,Mathematics,NSQ Online Courses (2025),B2,Design Alignment,"The competency includes a measurable objective, standards alignment, aligned learning activity, valid assessment evidence, and options for demonstrating mastery.",NSQ Online Courses 2025
FF.G4.MATH.03,Mathematics,NSQ Online Courses (2025),C2,Design Alignment,"The competency includes a measurable objective, standards alignment, aligned learning activity, valid assessment evidence, and options for demonstrating mastery.",NSQ Online Courses 2025
FF.G4.MATH.03,Mathematics,NSQ Online Courses (2025),D1,Design Alignment,"The competency includes a measurable objective, standards alignment, aligned learning activity, valid assessment evidence, and options for demonstrating mastery.",NSQ Online Courses 2025
FF.G4.MATH.03,Mathematics,NSQ Online Courses (2025),D2,Design Alignment,"The competency includes a measurable objective, standards alignment, aligned learning activity, valid assessment evidence, and options for demonstrating mastery.",NSQ Online Courses 2025
FF.G4.MATH.03,Mathematics,NSQ Online Courses (2025),D4,Design Alignment,"The competency includes a measurable objective, standards alignment, aligned learning activity, valid assessment evidence, and options for demonstrating mastery.",NSQ Online Courses 2025
FF.G4.MATH.04,Mathematics,Tennessee Academic Standards,4.OA.B.4,Direct,The Tennessee and Common Core Grade 4 standards share the same domain and substantially aligned performance expectation.,TN Math 2021 PDF p.48
FF.G4.MATH.04,Mathematics,Common Core State Standards,CCSS.MATH.CONTENT.4.OA.B.4,Direct,The Tennessee and Common Core Grade 4 standards share the same domain and substantially aligned performance expectation.,TN Math 2021 PDF p.48
FF.G4.MATH.04,Mathematics,NSQ Online Courses (2025),B1,Design Alignment,"The competency includes a measurable objective, standards alignment, aligned learning activity, valid assessment evidence, and options for demonstrating mastery.",NSQ Online Courses 2025
FF.G4.MATH.04,Mathematics,NSQ Online Courses (2025),B2,Design Alignment,"The competency includes a measurable objective, standards alignment, aligned learning activity, valid assessment evidence, and options for demonstrating mastery.",NSQ Online Courses 2025
FF.G4.MATH.04,Mathematics,NSQ Online Courses (2025),C2,Design Alignment,"The competency includes a measurable objective, standards alignment, aligned learning activity, valid assessment evidence, and options for demonstrating mastery.",NSQ Online Courses 2025
FF.G4.MATH.04,Mathematics,NSQ Online Courses (2025),D1,Design Alignment,"The competency includes a measurable objective, standards alignment, aligned learning activity, valid assessment evidence, and options for demonstrating mastery.",NSQ Online Courses 2025
FF.G4.MATH.04,Mathematics,NSQ Online Courses (2025),D2,Design Alignment,"The competency includes a measurable objective, standards alignment, aligned learning activity, valid assessment evidence, and options for demonstrating mastery.",NSQ Online Courses 2025
FF.G4.MATH.04,Mathematics,NSQ Online Courses (2025),D4,Design Alignment,"The competency includes a measurable objective, standards alignment, aligned learning activity, valid assessment evidence, and options for demonstrating mastery.",NSQ Online Courses 2025
FF.G4.MATH.05,Mathematics,Tennessee Academic Standards,4.OA.C.5,Direct,The Tennessee and Common Core Grade 4 standards share the same domain and substantially aligned performance expectation.,TN Math 2021 PDF p.48
FF.G4.MATH.05,Mathematics,Common Core State Standards,CCSS.MATH.CONTENT.4.OA.C.5,Direct,The Tennessee and Common Core Grade 4 standards share the same domain and substantially aligned performance expectation.,TN Math 2021 PDF p.48
FF.G4.MATH.05,Mathematics,NSQ Online Courses (2025),B1,Design Alignment,"The competency includes a measurable objective, standards alignment, aligned learning activity, valid assessment evidence, and options for demonstrating mastery.",NSQ Online Courses 2025
FF.G4.MATH.05,Mathematics,NSQ Online Courses (2025),B2,Design Alignment,"The competency includes a measurable objective, standards alignment, aligned learning activity, valid assessment evidence, and options for demonstrating mastery.",NSQ Online Courses 2025
FF.G4.MATH.05,Mathematics,NSQ Online Courses (2025),C2,Design Alignment,"The competency includes a measurable objective, standards alignment, aligned learning activity, valid assessment evidence, and options for demonstrating mastery.",NSQ Online Courses 2025
FF.G4.MATH.05,Mathematics,NSQ Online Courses (2025),D1,Design Alignment,"The competency includes a measurable objective, standards alignment, aligned learning activity, valid assessment evidence, and options for demonstrating mastery.",NSQ Online Courses 2025
FF.G4.MATH.05,Mathematics,NSQ Online Courses (2025),D2,Design Alignment,"The competency includes a measurable objective, standards alignment, aligned learning activity, valid assessment evidence, and options for demonstrating mastery.",NSQ Online Courses 2025
FF.G4.MATH.05,Mathematics,NSQ Online Courses (2025),D4,Design Alignment,"The competency includes a measurable objective, standards alignment, aligned learning activity, valid assessment evidence, and options for demonstrating mastery.",NSQ Online Courses 2025
FF.G4.MATH.06,Mathematics,Tennessee Academic Standards,4.NBT.A.1,Direct,The Tennessee and Common Core Grade 4 standards share the same domain and substantially aligned performance expectation.,TN Math 2021 PDF p.49
FF.G4.MATH.06,Mathematics,Common Core State Standards,CCSS.MATH.CONTENT.4.NBT.A.1,Direct,The Tennessee and Common Core Grade 4 standards share the same domain and substantially aligned performance expectation.,TN Math 2021 PDF p.49
FF.G4.MATH.06,Mathematics,NSQ Online Courses (2025),B1,Design Alignment,"The competency includes a measurable objective, standards alignment, aligned learning activity, valid assessment evidence, and options for demonstrating mastery.",NSQ Online Courses 2025
FF.G4.MATH.06,Mathematics,NSQ Online Courses (2025),B2,Design Alignment,"The competency includes a measurable objective, standards alignment, aligned learning activity, valid assessment evidence, and options for demonstrating mastery.",NSQ Online Courses 2025
FF.G4.MATH.06,Mathematics,NSQ Online Courses (2025),C2,Design Alignment,"The competency includes a measurable objective, standards alignment, aligned learning activity, valid assessment evidence, and options for demonstrating mastery.",NSQ Online Courses 2025
FF.G4.MATH.06,Mathematics,NSQ Online Courses (2025),D1,Design Alignment,"The competency includes a measurable objective, standards alignment, aligned learning activity, valid assessment evidence, and options for demonstrating mastery.",NSQ Online Courses 2025
FF.G4.MATH.06,Mathematics,NSQ Online Courses (2025),D2,Design Alignment,"The competency includes a measurable objective, standards alignment, aligned learning activity, valid assessment evidence, and options for demonstrating mastery.",NSQ Online Courses 2025
FF.G4.MATH.06,Mathematics,NSQ Online Courses (2025),D4,Design Alignment,"The competency includes a measurable objective, standards alignment, aligned learning activity, valid assessment evidence, and options for demonstrating mastery.",NSQ Online Courses 2025
FF.G4.MATH.07,Mathematics,Tennessee Academic Standards,4.NBT.A.2,Direct,The Tennessee and Common Core Grade 4 standards share the same domain and substantially aligned performance expectation.,TN Math 2021 PDF p.49
FF.G4.MATH.07,Mathematics,Common Core State Standards,CCSS.MATH.CONTENT.4.NBT.A.2,Direct,The Tennessee and Common Core Grade 4 standards share the same domain and substantially aligned performance expectation.,TN Math 2021 PDF p.49
FF.G4.MATH.07,Mathematics,NSQ Online Courses (2025),B1,Design Alignment,"The competency includes a measurable objective, standards alignment, aligned learning activity, valid assessment evidence, and options for demonstrating mastery.",NSQ Online Courses 2025
FF.G4.MATH.07,Mathematics,NSQ Online Courses (2025),B2,Design Alignment,"The competency includes a measurable objective, standards alignment, aligned learning activity, valid assessment evidence, and options for demonstrating mastery.",NSQ Online Courses 2025
FF.G4.MATH.07,Mathematics,NSQ Online Courses (2025),C2,Design Alignment,"The competency includes a measurable objective, standards alignment, aligned learning activity, valid assessment evidence, and options for demonstrating mastery.",NSQ Online Courses 2025
FF.G4.MATH.07,Mathematics,NSQ Online Courses (2025),D1,Design Alignment,"The competency includes a measurable objective, standards alignment, aligned learning activity, valid assessment evidence, and options for demonstrating mastery.",NSQ Online Courses 2025
FF.G4.MATH.07,Mathematics,NSQ Online Courses (2025),D2,Design Alignment,"The competency includes a measurable objective, standards alignment, aligned learning activity, valid assessment evidence, and options for demonstrating mastery.",NSQ Online Courses 2025
FF.G4.MATH.07,Mathematics,NSQ Online Courses (2025),D4,Design Alignment,"The competency includes a measurable objective, standards alignment, aligned learning activity, valid assessment evidence, and options for demonstrating mastery.",NSQ Online Courses 2025
FF.G4.MATH.08,Mathematics,Tennessee Academic Standards,4.NBT.A.3,Direct,The Tennessee and Common Core Grade 4 standards share the same domain and substantially aligned performance expectation.,TN Math 2021 PDF p.49
FF.G4.MATH.08,Mathematics,Common Core State Standards,CCSS.MATH.CONTENT.4.NBT.A.3,Direct,The Tennessee and Common Core Grade 4 standards share the same domain and substantially aligned performance expectation.,TN Math 2021 PDF p.49
FF.G4.MATH.08,Mathematics,NSQ Online Courses (2025),B1,Design Alignment,"The competency includes a measurable objective, standards alignment, aligned learning activity, valid assessment evidence, and options for demonstrating mastery.",NSQ Online Courses 2025
FF.G4.MATH.08,Mathematics,NSQ Online Courses (2025),B2,Design Alignment,"The competency includes a measurable objective, standards alignment, aligned learning activity, valid assessment evidence, and options for demonstrating mastery.",NSQ Online Courses 2025
FF.G4.MATH.08,Mathematics,NSQ Online Courses (2025),C2,Design Alignment,"The competency includes a measurable objective, standards alignment, aligned learning activity, valid assessment evidence, and options for demonstrating mastery.",NSQ Online Courses 2025
FF.G4.MATH.08,Mathematics,NSQ Online Courses (2025),D1,Design Alignment,"The competency includes a measurable objective, standards alignment, aligned learning activity, valid assessment evidence, and options for demonstrating mastery.",NSQ Online Courses 2025
FF.G4.MATH.08,Mathematics,NSQ Online Courses (2025),D2,Design Alignment,"The competency includes a measurable objective, standards alignment, aligned learning activity, valid assessment evidence, and options for demonstrating mastery.",NSQ Online Courses 2025
FF.G4.MATH.08,Mathematics,NSQ Online Courses (2025),D4,Design Alignment,"The competency includes a measurable objective, standards alignment, aligned learning activity, valid assessment evidence, and options for demonstrating mastery.",NSQ Online Courses 2025
FF.G4.MATH.09,Mathematics,Tennessee Academic Standards,4.NBT.B.4,Direct,The Tennessee and Common Core Grade 4 standards share the same domain and substantially aligned performance expectation.,TN Math 2021 PDF p.49
FF.G4.MATH.09,Mathematics,Common Core State Standards,CCSS.MATH.CONTENT.4.NBT.B.4,Direct,The Tennessee and Common Core Grade 4 standards share the same domain and substantially aligned performance expectation.,TN Math 2021 PDF p.49
FF.G4.MATH.09,Mathematics,NSQ Online Courses (2025),B1,Design Alignment,"The competency includes a measurable objective, standards alignment, aligned learning activity, valid assessment evidence, and options for demonstrating mastery.",NSQ Online Courses 2025
FF.G4.MATH.09,Mathematics,NSQ Online Courses (2025),B2,Design Alignment,"The competency includes a measurable objective, standards alignment, aligned learning activity, valid assessment evidence, and options for demonstrating mastery.",NSQ Online Courses 2025
FF.G4.MATH.09,Mathematics,NSQ Online Courses (2025),C2,Design Alignment,"The competency includes a measurable objective, standards alignment, aligned learning activity, valid assessment evidence, and options for demonstrating mastery.",NSQ Online Courses 2025
FF.G4.MATH.09,Mathematics,NSQ Online Courses (2025),D1,Design Alignment,"The competency includes a measurable objective, standards alignment, aligned learning activity, valid assessment evidence, and options for demonstrating mastery.",NSQ Online Courses 2025
FF.G4.MATH.09,Mathematics,NSQ Online Courses (2025),D2,Design Alignment,"The competency includes a measurable objective, standards alignment, aligned learning activity, valid assessment evidence, and options for demonstrating mastery.",NSQ Online Courses 2025
FF.G4.MATH.09,Mathematics,NSQ Online Courses (2025),D4,Design Alignment,"The competency includes a measurable objective, standards alignment, aligned learning activity, valid assessment evidence, and options for demonstrating mastery.",NSQ Online Courses 2025
FF.G4.MATH.10,Mathematics,Tennessee Academic Standards,4.NBT.B.5,Direct,The Tennessee and Common Core Grade 4 standards share the same domain and substantially aligned performance expectation.,TN Math 2021 PDF p.49
FF.G4.MATH.10,Mathematics,Common Core State Standards,CCSS.MATH.CONTENT.4.NBT.B.5,Direct,The Tennessee and Common Core Grade 4 standards share the same domain and substantially aligned performance expectation.,TN Math 2021 PDF p.49
FF.G4.MATH.10,Mathematics,NSQ Online Courses (2025),B1,Design Alignment,"The competency includes a measurable objective, standards alignment, aligned learning activity, valid assessment evidence, and options for demonstrating mastery.",NSQ Online Courses 2025
FF.G4.MATH.10,Mathematics,NSQ Online Courses (2025),B2,Design Alignment,"The competency includes a measurable objective, standards alignment, aligned learning activity, valid assessment evidence, and options for demonstrating mastery.",NSQ Online Courses 2025
FF.G4.MATH.10,Mathematics,NSQ Online Courses (2025),C2,Design Alignment,"The competency includes a measurable objective, standards alignment, aligned learning activity, valid assessment evidence, and options for demonstrating mastery.",NSQ Online Courses 2025
FF.G4.MATH.10,Mathematics,NSQ Online Courses (2025),D1,Design Alignment,"The competency includes a measurable objective, standards alignment, aligned learning activity, valid assessment evidence, and options for demonstrating mastery.",NSQ Online Courses 2025
FF.G4.MATH.10,Mathematics,NSQ Online Courses (2025),D2,Design Alignment,"The competency includes a measurable objective, standards alignment, aligned learning activity, valid assessment evidence, and options for demonstrating mastery.",NSQ Online Courses 2025
FF.G4.MATH.10,Mathematics,NSQ Online Courses (2025),D4,Design Alignment,"The competency includes a measurable objective, standards alignment, aligned learning activity, valid assessment evidence, and options for demonstrating mastery.",NSQ Online Courses 2025
FF.G4.MATH.11,Mathematics,Tennessee Academic Standards,4.NBT.B.6,Direct,The Tennessee and Common Core Grade 4 standards share the same domain and substantially aligned performance expectation.,TN Math 2021 PDF p.49
FF.G4.MATH.11,Mathematics,Common Core State Standards,CCSS.MATH.CONTENT.4.NBT.B.6,Direct,The Tennessee and Common Core Grade 4 standards share the same domain and substantially aligned performance expectation.,TN Math 2021 PDF p.49
FF.G4.MATH.11,Mathematics,NSQ Online Courses (2025),B1,Design Alignment,"The competency includes a measurable objective, standards alignment, aligned learning activity, valid assessment evidence, and options for demonstrating mastery.",NSQ Online Courses 2025
FF.G4.MATH.11,Mathematics,NSQ Online Courses (2025),B2,Design Alignment,"The competency includes a measurable objective, standards alignment, aligned learning activity, valid assessment evidence, and options for demonstrating mastery.",NSQ Online Courses 2025
FF.G4.MATH.11,Mathematics,NSQ Online Courses (2025),C2,Design Alignment,"The competency includes a measurable objective, standards alignment, aligned learning activity, valid assessment evidence, and options for demonstrating mastery.",NSQ Online Courses 2025
FF.G4.MATH.11,Mathematics,NSQ Online Courses (2025),D1,Design Alignment,"The competency includes a measurable objective, standards alignment, aligned learning activity, valid assessment evidence, and options for demonstrating mastery.",NSQ Online Courses 2025
FF.G4.MATH.11,Mathematics,NSQ Online Courses (2025),D2,Design Alignment,"The competency includes a measurable objective, standards alignment, aligned learning activity, valid assessment evidence, and options for demonstrating mastery.",NSQ Online Courses 2025
FF.G4.MATH.11,Mathematics,NSQ Online Courses (2025),D4,Design Alignment,"The competency includes a measurable objective, standards alignment, aligned learning activity, valid assessment evidence, and options for demonstrating mastery.",NSQ Online Courses 2025
FF.G4.MATH.12,Mathematics,Tennessee Academic Standards,4.NF.A.1,Direct,The Tennessee and Common Core Grade 4 standards share the same domain and substantially aligned performance expectation.,TN Math 2021 PDF p.50
FF.G4.MATH.12,Mathematics,Common Core State Standards,CCSS.MATH.CONTENT.4.NF.A.1,Direct,The Tennessee and Common Core Grade 4 standards share the same domain and substantially aligned performance expectation.,TN Math 2021 PDF p.50
FF.G4.MATH.12,Mathematics,NSQ Online Courses (2025),B1,Design Alignment,"The competency includes a measurable objective, standards alignment, aligned learning activity, valid assessment evidence, and options for demonstrating mastery.",NSQ Online Courses 2025
FF.G4.MATH.12,Mathematics,NSQ Online Courses (2025),B2,Design Alignment,"The competency includes a measurable objective, standards alignment, aligned learning activity, valid assessment evidence, and options for demonstrating mastery.",NSQ Online Courses 2025
FF.G4.MATH.12,Mathematics,NSQ Online Courses (2025),C2,Design Alignment,"The competency includes a measurable objective, standards alignment, aligned learning activity, valid assessment evidence, and options for demonstrating mastery.",NSQ Online Courses 2025
FF.G4.MATH.12,Mathematics,NSQ Online Courses (2025),D1,Design Alignment,"The competency includes a measurable objective, standards alignment, aligned learning activity, valid assessment evidence, and options for demonstrating mastery.",NSQ Online Courses 2025
FF.G4.MATH.12,Mathematics,NSQ Online Courses (2025),D2,Design Alignment,"The competency includes a measurable objective, standards alignment, aligned learning activity, valid assessment evidence, and options for demonstrating mastery.",NSQ Online Courses 2025
FF.G4.MATH.12,Mathematics,NSQ Online Courses (2025),D4,Design Alignment,"The competency includes a measurable objective, standards alignment, aligned learning activity, valid assessment evidence, and options for demonstrating mastery.",NSQ Online Courses 2025
FF.G4.MATH.13,Mathematics,Tennessee Academic Standards,4.NF.A.2,Direct,The Tennessee and Common Core Grade 4 standards share the same domain and substantially aligned performance expectation.,TN Math 2021 PDF p.50
FF.G4.MATH.13,Mathematics,Common Core State Standards,CCSS.MATH.CONTENT.4.NF.A.2,Direct,The Tennessee and Common Core Grade 4 standards share the same domain and substantially aligned performance expectation.,TN Math 2021 PDF p.50
FF.G4.MATH.13,Mathematics,NSQ Online Courses (2025),B1,Design Alignment,"The competency includes a measurable objective, standards alignment, aligned learning activity, valid assessment evidence, and options for demonstrating mastery.",NSQ Online Courses 2025
FF.G4.MATH.13,Mathematics,NSQ Online Courses (2025),B2,Design Alignment,"The competency includes a measurable objective, standards alignment, aligned learning activity, valid assessment evidence, and options for demonstrating mastery.",NSQ Online Courses 2025
FF.G4.MATH.13,Mathematics,NSQ Online Courses (2025),C2,Design Alignment,"The competency includes a measurable objective, standards alignment, aligned learning activity, valid assessment evidence, and options for demonstrating mastery.",NSQ Online Courses 2025
FF.G4.MATH.13,Mathematics,NSQ Online Courses (2025),D1,Design Alignment,"The competency includes a measurable objective, standards alignment, aligned learning activity, valid assessment evidence, and options for demonstrating mastery.",NSQ Online Courses 2025
FF.G4.MATH.13,Mathematics,NSQ Online Courses (2025),D2,Design Alignment,"The competency includes a measurable objective, standards alignment, aligned learning activity, valid assessment evidence, and options for demonstrating mastery.",NSQ Online Courses 2025
FF.G4.MATH.13,Mathematics,NSQ Online Courses (2025),D4,Design Alignment,"The competency includes a measurable objective, standards alignment, aligned learning activity, valid assessment evidence, and options for demonstrating mastery.",NSQ Online Courses 2025
FF.G4.MATH.14,Mathematics,Tennessee Academic Standards,4.NF.B.3,Direct,The Tennessee and Common Core Grade 4 standards share the same domain and substantially aligned performance expectation.,TN Math 2021 PDF pp.50–51
FF.G4.MATH.14,Mathematics,Common Core State Standards,CCSS.MATH.CONTENT.4.NF.B.3,Direct,The Tennessee and Common Core Grade 4 standards share the same domain and substantially aligned performance expectation.,TN Math 2021 PDF pp.50–51
FF.G4.MATH.14,Mathematics,NSQ Online Courses (2025),B1,Design Alignment,"The competency includes a measurable objective, standards alignment, aligned learning activity, valid assessment evidence, and options for demonstrating mastery.",NSQ Online Courses 2025
FF.G4.MATH.14,Mathematics,NSQ Online Courses (2025),B2,Design Alignment,"The competency includes a measurable objective, standards alignment, aligned learning activity, valid assessment evidence, and options for demonstrating mastery.",NSQ Online Courses 2025
FF.G4.MATH.14,Mathematics,NSQ Online Courses (2025),C2,Design Alignment,"The competency includes a measurable objective, standards alignment, aligned learning activity, valid assessment evidence, and options for demonstrating mastery.",NSQ Online Courses 2025
FF.G4.MATH.14,Mathematics,NSQ Online Courses (2025),D1,Design Alignment,"The competency includes a measurable objective, standards alignment, aligned learning activity, valid assessment evidence, and options for demonstrating mastery.",NSQ Online Courses 2025
FF.G4.MATH.14,Mathematics,NSQ Online Courses (2025),D2,Design Alignment,"The competency includes a measurable objective, standards alignment, aligned learning activity, valid assessment evidence, and options for demonstrating mastery.",NSQ Online Courses 2025
FF.G4.MATH.14,Mathematics,NSQ Online Courses (2025),D4,Design Alignment,"The competency includes a measurable objective, standards alignment, aligned learning activity, valid assessment evidence, and options for demonstrating mastery.",NSQ Online Courses 2025
FF.G4.MATH.15,Mathematics,Tennessee Academic Standards,4.NF.B.4,Direct,The Tennessee and Common Core Grade 4 standards share the same domain and substantially aligned performance expectation.,TN Math 2021 PDF pp.50–51
FF.G4.MATH.15,Mathematics,Common Core State Standards,CCSS.MATH.CONTENT.4.NF.B.4,Direct,The Tennessee and Common Core Grade 4 standards share the same domain and substantially aligned performance expectation.,TN Math 2021 PDF pp.50–51
FF.G4.MATH.15,Mathematics,NSQ Online Courses (2025),B1,Design Alignment,"The competency includes a measurable objective, standards alignment, aligned learning activity, valid assessment evidence, and options for demonstrating mastery.",NSQ Online Courses 2025
FF.G4.MATH.15,Mathematics,NSQ Online Courses (2025),B2,Design Alignment,"The competency includes a measurable objective, standards alignment, aligned learning activity, valid assessment evidence, and options for demonstrating mastery.",NSQ Online Courses 2025
FF.G4.MATH.15,Mathematics,NSQ Online Courses (2025),C2,Design Alignment,"The competency includes a measurable objective, standards alignment, aligned learning activity, valid assessment evidence, and options for demonstrating mastery.",NSQ Online Courses 2025
FF.G4.MATH.15,Mathematics,NSQ Online Courses (2025),D1,Design Alignment,"The competency includes a measurable objective, standards alignment, aligned learning activity, valid assessment evidence, and options for demonstrating mastery.",NSQ Online Courses 2025
FF.G4.MATH.15,Mathematics,NSQ Online Courses (2025),D2,Design Alignment,"The competency includes a measurable objective, standards alignment, aligned learning activity, valid assessment evidence, and options for demonstrating mastery.",NSQ Online Courses 2025
FF.G4.MATH.15,Mathematics,NSQ Online Courses (2025),D4,Design Alignment,"The competency includes a measurable objective, standards alignment, aligned learning activity, valid assessment evidence, and options for demonstrating mastery.",NSQ Online Courses 2025
FF.G4.MATH.16,Mathematics,Tennessee Academic Standards,4.NF.C.5,Direct,The Tennessee and Common Core Grade 4 standards share the same domain and substantially aligned performance expectation.,TN Math 2021 PDF p.51
FF.G4.MATH.16,Mathematics,Common Core State Standards,CCSS.MATH.CONTENT.4.NF.C.5,Direct,The Tennessee and Common Core Grade 4 standards share the same domain and substantially aligned performance expectation.,TN Math 2021 PDF p.51
FF.G4.MATH.16,Mathematics,NSQ Online Courses (2025),B1,Design Alignment,"The competency includes a measurable objective, standards alignment, aligned learning activity, valid assessment evidence, and options for demonstrating mastery.",NSQ Online Courses 2025
FF.G4.MATH.16,Mathematics,NSQ Online Courses (2025),B2,Design Alignment,"The competency includes a measurable objective, standards alignment, aligned learning activity, valid assessment evidence, and options for demonstrating mastery.",NSQ Online Courses 2025
FF.G4.MATH.16,Mathematics,NSQ Online Courses (2025),C2,Design Alignment,"The competency includes a measurable objective, standards alignment, aligned learning activity, valid assessment evidence, and options for demonstrating mastery.",NSQ Online Courses 2025
FF.G4.MATH.16,Mathematics,NSQ Online Courses (2025),D1,Design Alignment,"The competency includes a measurable objective, standards alignment, aligned learning activity, valid assessment evidence, and options for demonstrating mastery.",NSQ Online Courses 2025
FF.G4.MATH.16,Mathematics,NSQ Online Courses (2025),D2,Design Alignment,"The competency includes a measurable objective, standards alignment, aligned learning activity, valid assessment evidence, and options for demonstrating mastery.",NSQ Online Courses 2025
FF.G4.MATH.16,Mathematics,NSQ Online Courses (2025),D4,Design Alignment,"The competency includes a measurable objective, standards alignment, aligned learning activity, valid assessment evidence, and options for demonstrating mastery.",NSQ Online Courses 2025
FF.G4.MATH.17,Mathematics,Tennessee Academic Standards,4.NF.C.6,Direct,The Tennessee and Common Core Grade 4 standards share the same domain and substantially aligned performance expectation.,TN Math 2021 PDF p.51
FF.G4.MATH.17,Mathematics,Common Core State Standards,CCSS.MATH.CONTENT.4.NF.C.6,Direct,The Tennessee and Common Core Grade 4 standards share the same domain and substantially aligned performance expectation.,TN Math 2021 PDF p.51
FF.G4.MATH.17,Mathematics,NSQ Online Courses (2025),B1,Design Alignment,"The competency includes a measurable objective, standards alignment, aligned learning activity, valid assessment evidence, and options for demonstrating mastery.",NSQ Online Courses 2025
FF.G4.MATH.17,Mathematics,NSQ Online Courses (2025),B2,Design Alignment,"The competency includes a measurable objective, standards alignment, aligned learning activity, valid assessment evidence, and options for demonstrating mastery.",NSQ Online Courses 2025
FF.G4.MATH.17,Mathematics,NSQ Online Courses (2025),C2,Design Alignment,"The competency includes a measurable objective, standards alignment, aligned learning activity, valid assessment evidence, and options for demonstrating mastery.",NSQ Online Courses 2025
FF.G4.MATH.17,Mathematics,NSQ Online Courses (2025),D1,Design Alignment,"The competency includes a measurable objective, standards alignment, aligned learning activity, valid assessment evidence, and options for demonstrating mastery.",NSQ Online Courses 2025
FF.G4.MATH.17,Mathematics,NSQ Online Courses (2025),D2,Design Alignment,"The competency includes a measurable objective, standards alignment, aligned learning activity, valid assessment evidence, and options for demonstrating mastery.",NSQ Online Courses 2025
FF.G4.MATH.17,Mathematics,NSQ Online Courses (2025),D4,Design Alignment,"The competency includes a measurable objective, standards alignment, aligned learning activity, valid assessment evidence, and options for demonstrating mastery.",NSQ Online Courses 2025
FF.G4.MATH.18,Mathematics,Tennessee Academic Standards,4.NF.C.7,Direct,The Tennessee and Common Core Grade 4 standards share the same domain and substantially aligned performance expectation.,TN Math 2021 PDF p.51
FF.G4.MATH.18,Mathematics,Common Core State Standards,CCSS.MATH.CONTENT.4.NF.C.7,Direct,The Tennessee and Common Core Grade 4 standards share the same domain and substantially aligned performance expectation.,TN Math 2021 PDF p.51
FF.G4.MATH.18,Mathematics,NSQ Online Courses (2025),B1,Design Alignment,"The competency includes a measurable objective, standards alignment, aligned learning activity, valid assessment evidence, and options for demonstrating mastery.",NSQ Online Courses 2025
FF.G4.MATH.18,Mathematics,NSQ Online Courses (2025),B2,Design Alignment,"The competency includes a measurable objective, standards alignment, aligned learning activity, valid assessment evidence, and options for demonstrating mastery.",NSQ Online Courses 2025
FF.G4.MATH.18,Mathematics,NSQ Online Courses (2025),C2,Design Alignment,"The competency includes a measurable objective, standards alignment, aligned learning activity, valid assessment evidence, and options for demonstrating mastery.",NSQ Online Courses 2025
FF.G4.MATH.18,Mathematics,NSQ Online Courses (2025),D1,Design Alignment,"The competency includes a measurable objective, standards alignment, aligned learning activity, valid assessment evidence, and options for demonstrating mastery.",NSQ Online Courses 2025
FF.G4.MATH.18,Mathematics,NSQ Online Courses (2025),D2,Design Alignment,"The competency includes a measurable objective, standards alignment, aligned learning activity, valid assessment evidence, and options for demonstrating mastery.",NSQ Online Courses 2025
FF.G4.MATH.18,Mathematics,NSQ Online Courses (2025),D4,Design Alignment,"The competency includes a measurable objective, standards alignment, aligned learning activity, valid assessment evidence, and options for demonstrating mastery.",NSQ Online Courses 2025
FF.G4.MATH.19,Mathematics,Tennessee Academic Standards,4.MD.A.1,Direct,The Tennessee and Common Core Grade 4 standards share the same domain and substantially aligned performance expectation.,TN Math 2021 PDF p.51
FF.G4.MATH.19,Mathematics,Common Core State Standards,CCSS.MATH.CONTENT.4.MD.A.1,Direct,The Tennessee and Common Core Grade 4 standards share the same domain and substantially aligned performance expectation.,TN Math 2021 PDF p.51
FF.G4.MATH.19,Mathematics,NSQ Online Courses (2025),B1,Design Alignment,"The competency includes a measurable objective, standards alignment, aligned learning activity, valid assessment evidence, and options for demonstrating mastery.",NSQ Online Courses 2025
FF.G4.MATH.19,Mathematics,NSQ Online Courses (2025),B2,Design Alignment,"The competency includes a measurable objective, standards alignment, aligned learning activity, valid assessment evidence, and options for demonstrating mastery.",NSQ Online Courses 2025
FF.G4.MATH.19,Mathematics,NSQ Online Courses (2025),C2,Design Alignment,"The competency includes a measurable objective, standards alignment, aligned learning activity, valid assessment evidence, and options for demonstrating mastery.",NSQ Online Courses 2025
FF.G4.MATH.19,Mathematics,NSQ Online Courses (2025),D1,Design Alignment,"The competency includes a measurable objective, standards alignment, aligned learning activity, valid assessment evidence, and options for demonstrating mastery.",NSQ Online Courses 2025
FF.G4.MATH.19,Mathematics,NSQ Online Courses (2025),D2,Design Alignment,"The competency includes a measurable objective, standards alignment, aligned learning activity, valid assessment evidence, and options for demonstrating mastery.",NSQ Online Courses 2025
FF.G4.MATH.19,Mathematics,NSQ Online Courses (2025),D4,Design Alignment,"The competency includes a measurable objective, standards alignment, aligned learning activity, valid assessment evidence, and options for demonstrating mastery.",NSQ Online Courses 2025
FF.G4.MATH.20,Mathematics,Tennessee Academic Standards,4.MD.A.2,Direct,The Tennessee and Common Core Grade 4 standards share the same domain and substantially aligned performance expectation.,TN Math 2021 PDF p.51
FF.G4.MATH.20,Mathematics,Common Core State Standards,CCSS.MATH.CONTENT.4.MD.A.2,Direct,The Tennessee and Common Core Grade 4 standards share the same domain and substantially aligned performance expectation.,TN Math 2021 PDF p.51
FF.G4.MATH.20,Mathematics,NSQ Online Courses (2025),B1,Design Alignment,"The competency includes a measurable objective, standards alignment, aligned learning activity, valid assessment evidence, and options for demonstrating mastery.",NSQ Online Courses 2025
FF.G4.MATH.20,Mathematics,NSQ Online Courses (2025),B2,Design Alignment,"The competency includes a measurable objective, standards alignment, aligned learning activity, valid assessment evidence, and options for demonstrating mastery.",NSQ Online Courses 2025
FF.G4.MATH.20,Mathematics,NSQ Online Courses (2025),C2,Design Alignment,"The competency includes a measurable objective, standards alignment, aligned learning activity, valid assessment evidence, and options for demonstrating mastery.",NSQ Online Courses 2025
FF.G4.MATH.20,Mathematics,NSQ Online Courses (2025),D1,Design Alignment,"The competency includes a measurable objective, standards alignment, aligned learning activity, valid assessment evidence, and options for demonstrating mastery.",NSQ Online Courses 2025
FF.G4.MATH.20,Mathematics,NSQ Online Courses (2025),D2,Design Alignment,"The competency includes a measurable objective, standards alignment, aligned learning activity, valid assessment evidence, and options for demonstrating mastery.",NSQ Online Courses 2025
FF.G4.MATH.20,Mathematics,NSQ Online Courses (2025),D4,Design Alignment,"The competency includes a measurable objective, standards alignment, aligned learning activity, valid assessment evidence, and options for demonstrating mastery.",NSQ Online Courses 2025
FF.G4.MATH.21,Mathematics,Tennessee Academic Standards,4.MD.A.3,Direct,The Tennessee and Common Core Grade 4 standards share the same domain and substantially aligned performance expectation.,TN Math 2021 PDF p.51
FF.G4.MATH.21,Mathematics,Common Core State Standards,CCSS.MATH.CONTENT.4.MD.A.3,Direct,The Tennessee and Common Core Grade 4 standards share the same domain and substantially aligned performance expectation.,TN Math 2021 PDF p.51
FF.G4.MATH.21,Mathematics,NSQ Online Courses (2025),B1,Design Alignment,"The competency includes a measurable objective, standards alignment, aligned learning activity, valid assessment evidence, and options for demonstrating mastery.",NSQ Online Courses 2025
FF.G4.MATH.21,Mathematics,NSQ Online Courses (2025),B2,Design Alignment,"The competency includes a measurable objective, standards alignment, aligned learning activity, valid assessment evidence, and options for demonstrating mastery.",NSQ Online Courses 2025
FF.G4.MATH.21,Mathematics,NSQ Online Courses (2025),C2,Design Alignment,"The competency includes a measurable objective, standards alignment, aligned learning activity, valid assessment evidence, and options for demonstrating mastery.",NSQ Online Courses 2025
FF.G4.MATH.21,Mathematics,NSQ Online Courses (2025),D1,Design Alignment,"The competency includes a measurable objective, standards alignment, aligned learning activity, valid assessment evidence, and options for demonstrating mastery.",NSQ Online Courses 2025
FF.G4.MATH.21,Mathematics,NSQ Online Courses (2025),D2,Design Alignment,"The competency includes a measurable objective, standards alignment, aligned learning activity, valid assessment evidence, and options for demonstrating mastery.",NSQ Online Courses 2025
FF.G4.MATH.21,Mathematics,NSQ Online Courses (2025),D4,Design Alignment,"The competency includes a measurable objective, standards alignment, aligned learning activity, valid assessment evidence, and options for demonstrating mastery.",NSQ Online Courses 2025
FF.G4.MATH.22,Mathematics,Tennessee Academic Standards,4.MD.B.4,Direct,The Tennessee and Common Core Grade 4 standards share the same domain and substantially aligned performance expectation.,TN Math 2021 PDF p.51
FF.G4.MATH.22,Mathematics,Common Core State Standards,CCSS.MATH.CONTENT.4.MD.B.4,Direct,The Tennessee and Common Core Grade 4 standards share the same domain and substantially aligned performance expectation.,TN Math 2021 PDF p.51
FF.G4.MATH.22,Mathematics,NSQ Online Courses (2025),B1,Design Alignment,"The competency includes a measurable objective, standards alignment, aligned learning activity, valid assessment evidence, and options for demonstrating mastery.",NSQ Online Courses 2025
FF.G4.MATH.22,Mathematics,NSQ Online Courses (2025),B2,Design Alignment,"The competency includes a measurable objective, standards alignment, aligned learning activity, valid assessment evidence, and options for demonstrating mastery.",NSQ Online Courses 2025
FF.G4.MATH.22,Mathematics,NSQ Online Courses (2025),C2,Design Alignment,"The competency includes a measurable objective, standards alignment, aligned learning activity, valid assessment evidence, and options for demonstrating mastery.",NSQ Online Courses 2025
FF.G4.MATH.22,Mathematics,NSQ Online Courses (2025),D1,Design Alignment,"The competency includes a measurable objective, standards alignment, aligned learning activity, valid assessment evidence, and options for demonstrating mastery.",NSQ Online Courses 2025
FF.G4.MATH.22,Mathematics,NSQ Online Courses (2025),D2,Design Alignment,"The competency includes a measurable objective, standards alignment, aligned learning activity, valid assessment evidence, and options for demonstrating mastery.",NSQ Online Courses 2025
FF.G4.MATH.22,Mathematics,NSQ Online Courses (2025),D4,Design Alignment,"The competency includes a measurable objective, standards alignment, aligned learning activity, valid assessment evidence, and options for demonstrating mastery.",NSQ Online Courses 2025
FF.G4.MATH.23,Mathematics,Tennessee Academic Standards,4.MD.C.5,Direct,The Tennessee and Common Core Grade 4 standards share the same domain and substantially aligned performance expectation.,TN Math 2021 PDF p.52
FF.G4.MATH.23,Mathematics,Common Core State Standards,CCSS.MATH.CONTENT.4.MD.C.5,Direct,The Tennessee and Common Core Grade 4 standards share the same domain and substantially aligned performance expectation.,TN Math 2021 PDF p.52
FF.G4.MATH.23,Mathematics,NSQ Online Courses (2025),B1,Design Alignment,"The competency includes a measurable objective, standards alignment, aligned learning activity, valid assessment evidence, and options for demonstrating mastery.",NSQ Online Courses 2025
FF.G4.MATH.23,Mathematics,NSQ Online Courses (2025),B2,Design Alignment,"The competency includes a measurable objective, standards alignment, aligned learning activity, valid assessment evidence, and options for demonstrating mastery.",NSQ Online Courses 2025
FF.G4.MATH.23,Mathematics,NSQ Online Courses (2025),C2,Design Alignment,"The competency includes a measurable objective, standards alignment, aligned learning activity, valid assessment evidence, and options for demonstrating mastery.",NSQ Online Courses 2025
FF.G4.MATH.23,Mathematics,NSQ Online Courses (2025),D1,Design Alignment,"The competency includes a measurable objective, standards alignment, aligned learning activity, valid assessment evidence, and options for demonstrating mastery.",NSQ Online Courses 2025
FF.G4.MATH.23,Mathematics,NSQ Online Courses (2025),D2,Design Alignment,"The competency includes a measurable objective, standards alignment, aligned learning activity, valid assessment evidence, and options for demonstrating mastery.",NSQ Online Courses 2025
FF.G4.MATH.23,Mathematics,NSQ Online Courses (2025),D4,Design Alignment,"The competency includes a measurable objective, standards alignment, aligned learning activity, valid assessment evidence, and options for demonstrating mastery.",NSQ Online Courses 2025
FF.G4.MATH.24,Mathematics,Tennessee Academic Standards,4.MD.C.6,Direct,The Tennessee and Common Core Grade 4 standards share the same domain and substantially aligned performance expectation.,TN Math 2021 PDF p.52
FF.G4.MATH.24,Mathematics,Common Core State Standards,CCSS.MATH.CONTENT.4.MD.C.6,Direct,The Tennessee and Common Core Grade 4 standards share the same domain and substantially aligned performance expectation.,TN Math 2021 PDF p.52
FF.G4.MATH.24,Mathematics,NSQ Online Courses (2025),B1,Design Alignment,"The competency includes a measurable objective, standards alignment, aligned learning activity, valid assessment evidence, and options for demonstrating mastery.",NSQ Online Courses 2025
FF.G4.MATH.24,Mathematics,NSQ Online Courses (2025),B2,Design Alignment,"The competency includes a measurable objective, standards alignment, aligned learning activity, valid assessment evidence, and options for demonstrating mastery.",NSQ Online Courses 2025
FF.G4.MATH.24,Mathematics,NSQ Online Courses (2025),C2,Design Alignment,"The competency includes a measurable objective, standards alignment, aligned learning activity, valid assessment evidence, and options for demonstrating mastery.",NSQ Online Courses 2025
FF.G4.MATH.24,Mathematics,NSQ Online Courses (2025),D1,Design Alignment,"The competency includes a measurable objective, standards alignment, aligned learning activity, valid assessment evidence, and options for demonstrating mastery.",NSQ Online Courses 2025
FF.G4.MATH.24,Mathematics,NSQ Online Courses (2025),D2,Design Alignment,"The competency includes a measurable objective, standards alignment, aligned learning activity, valid assessment evidence, and options for demonstrating mastery.",NSQ Online Courses 2025
FF.G4.MATH.24,Mathematics,NSQ Online Courses (2025),D4,Design Alignment,"The competency includes a measurable objective, standards alignment, aligned learning activity, valid assessment evidence, and options for demonstrating mastery.",NSQ Online Courses 2025
FF.G4.MATH.25,Mathematics,Tennessee Academic Standards,4.MD.C.7,Direct,The Tennessee and Common Core Grade 4 standards share the same domain and substantially aligned performance expectation.,TN Math 2021 PDF p.52
FF.G4.MATH.25,Mathematics,Common Core State Standards,CCSS.MATH.CONTENT.4.MD.C.7,Direct,The Tennessee and Common Core Grade 4 standards share the same domain and substantially aligned performance expectation.,TN Math 2021 PDF p.52
FF.G4.MATH.25,Mathematics,NSQ Online Courses (2025),B1,Design Alignment,"The competency includes a measurable objective, standards alignment, aligned learning activity, valid assessment evidence, and options for demonstrating mastery.",NSQ Online Courses 2025
FF.G4.MATH.25,Mathematics,NSQ Online Courses (2025),B2,Design Alignment,"The competency includes a measurable objective, standards alignment, aligned learning activity, valid assessment evidence, and options for demonstrating mastery.",NSQ Online Courses 2025
FF.G4.MATH.25,Mathematics,NSQ Online Courses (2025),C2,Design Alignment,"The competency includes a measurable objective, standards alignment, aligned learning activity, valid assessment evidence, and options for demonstrating mastery.",NSQ Online Courses 2025
FF.G4.MATH.25,Mathematics,NSQ Online Courses (2025),D1,Design Alignment,"The competency includes a measurable objective, standards alignment, aligned learning activity, valid assessment evidence, and options for demonstrating mastery.",NSQ Online Courses 2025
FF.G4.MATH.25,Mathematics,NSQ Online Courses (2025),D2,Design Alignment,"The competency includes a measurable objective, standards alignment, aligned learning activity, valid assessment evidence, and options for demonstrating mastery.",NSQ Online Courses 2025
FF.G4.MATH.25,Mathematics,NSQ Online Courses (2025),D4,Design Alignment,"The competency includes a measurable objective, standards alignment, aligned learning activity, valid assessment evidence, and options for demonstrating mastery.",NSQ Online Courses 2025
FF.G4.MATH.26,Mathematics,Tennessee Academic Standards,4.G.A.1,Direct,The Tennessee and Common Core Grade 4 standards share the same domain and substantially aligned performance expectation.,TN Math 2021 PDF p.52
FF.G4.MATH.26,Mathematics,Common Core State Standards,CCSS.MATH.CONTENT.4.G.A.1,Direct,The Tennessee and Common Core Grade 4 standards share the same domain and substantially aligned performance expectation.,TN Math 2021 PDF p.52
FF.G4.MATH.26,Mathematics,NSQ Online Courses (2025),B1,Design Alignment,"The competency includes a measurable objective, standards alignment, aligned learning activity, valid assessment evidence, and options for demonstrating mastery.",NSQ Online Courses 2025
FF.G4.MATH.26,Mathematics,NSQ Online Courses (2025),B2,Design Alignment,"The competency includes a measurable objective, standards alignment, aligned learning activity, valid assessment evidence, and options for demonstrating mastery.",NSQ Online Courses 2025
FF.G4.MATH.26,Mathematics,NSQ Online Courses (2025),C2,Design Alignment,"The competency includes a measurable objective, standards alignment, aligned learning activity, valid assessment evidence, and options for demonstrating mastery.",NSQ Online Courses 2025
FF.G4.MATH.26,Mathematics,NSQ Online Courses (2025),D1,Design Alignment,"The competency includes a measurable objective, standards alignment, aligned learning activity, valid assessment evidence, and options for demonstrating mastery.",NSQ Online Courses 2025
FF.G4.MATH.26,Mathematics,NSQ Online Courses (2025),D2,Design Alignment,"The competency includes a measurable objective, standards alignment, aligned learning activity, valid assessment evidence, and options for demonstrating mastery.",NSQ Online Courses 2025
FF.G4.MATH.26,Mathematics,NSQ Online Courses (2025),D4,Design Alignment,"The competency includes a measurable objective, standards alignment, aligned learning activity, valid assessment evidence, and options for demonstrating mastery.",NSQ Online Courses 2025
FF.G4.MATH.27,Mathematics,Tennessee Academic Standards,4.G.A.2,Direct,The Tennessee and Common Core Grade 4 standards share the same domain and substantially aligned performance expectation.,TN Math 2021 PDF p.52
FF.G4.MATH.27,Mathematics,Common Core State Standards,CCSS.MATH.CONTENT.4.G.A.2,Direct,The Tennessee and Common Core Grade 4 standards share the same domain and substantially aligned performance expectation.,TN Math 2021 PDF p.52
FF.G4.MATH.27,Mathematics,NSQ Online Courses (2025),B1,Design Alignment,"The competency includes a measurable objective, standards alignment, aligned learning activity, valid assessment evidence, and options for demonstrating mastery.",NSQ Online Courses 2025
FF.G4.MATH.27,Mathematics,NSQ Online Courses (2025),B2,Design Alignment,"The competency includes a measurable objective, standards alignment, aligned learning activity, valid assessment evidence, and options for demonstrating mastery.",NSQ Online Courses 2025
FF.G4.MATH.27,Mathematics,NSQ Online Courses (2025),C2,Design Alignment,"The competency includes a measurable objective, standards alignment, aligned learning activity, valid assessment evidence, and options for demonstrating mastery.",NSQ Online Courses 2025
FF.G4.MATH.27,Mathematics,NSQ Online Courses (2025),D1,Design Alignment,"The competency includes a measurable objective, standards alignment, aligned learning activity, valid assessment evidence, and options for demonstrating mastery.",NSQ Online Courses 2025
FF.G4.MATH.27,Mathematics,NSQ Online Courses (2025),D2,Design Alignment,"The competency includes a measurable objective, standards alignment, aligned learning activity, valid assessment evidence, and options for demonstrating mastery.",NSQ Online Courses 2025
FF.G4.MATH.27,Mathematics,NSQ Online Courses (2025),D4,Design Alignment,"The competency includes a measurable objective, standards alignment, aligned learning activity, valid assessment evidence, and options for demonstrating mastery.",NSQ Online Courses 2025
FF.G4.MATH.28,Mathematics,Tennessee Academic Standards,4.G.A.3,Direct,The Tennessee and Common Core Grade 4 standards share the same domain and substantially aligned performance expectation.,TN Math 2021 PDF p.52
FF.G4.MATH.28,Mathematics,Common Core State Standards,CCSS.MATH.CONTENT.4.G.A.3,Direct,The Tennessee and Common Core Grade 4 standards share the same domain and substantially aligned performance expectation.,TN Math 2021 PDF p.52
FF.G4.MATH.28,Mathematics,NSQ Online Courses (2025),B1,Design Alignment,"The competency includes a measurable objective, standards alignment, aligned learning activity, valid assessment evidence, and options for demonstrating mastery.",NSQ Online Courses 2025
FF.G4.MATH.28,Mathematics,NSQ Online Courses (2025),B2,Design Alignment,"The competency includes a measurable objective, standards alignment, aligned learning activity, valid assessment evidence, and options for demonstrating mastery.",NSQ Online Courses 2025
FF.G4.MATH.28,Mathematics,NSQ Online Courses (2025),C2,Design Alignment,"The competency includes a measurable objective, standards alignment, aligned learning activity, valid assessment evidence, and options for demonstrating mastery.",NSQ Online Courses 2025
FF.G4.MATH.28,Mathematics,NSQ Online Courses (2025),D1,Design Alignment,"The competency includes a measurable objective, standards alignment, aligned learning activity, valid assessment evidence, and options for demonstrating mastery.",NSQ Online Courses 2025
FF.G4.MATH.28,Mathematics,NSQ Online Courses (2025),D2,Design Alignment,"The competency includes a measurable objective, standards alignment, aligned learning activity, valid assessment evidence, and options for demonstrating mastery.",NSQ Online Courses 2025
FF.G4.MATH.28,Mathematics,NSQ Online Courses (2025),D4,Design Alignment,"The competency includes a measurable objective, standards alignment, aligned learning activity, valid assessment evidence, and options for demonstrating mastery.",NSQ Online Courses 2025
FF.G4.SCI.01,Science,Tennessee Academic Standards,4.PS3.1,Direct,"The Tennessee expectation is mapped to the closest NGSS 3–5 performance expectation; where grade labels differ, the shared DCI/practice is documented.",TN Science 2022 PDF p.41
FF.G4.SCI.01,Science,Next Generation Science Standards,4-PS3-1,Direct,"The Tennessee expectation is mapped to the closest NGSS 3–5 performance expectation; where grade labels differ, the shared DCI/practice is documented.",TN Science 2022 PDF p.41
FF.G4.SCI.01,Science,NSQ Online Courses (2025),B1,Design Alignment,"The competency includes a measurable objective, standards alignment, aligned learning activity, valid assessment evidence, and options for demonstrating mastery.",NSQ Online Courses 2025
FF.G4.SCI.01,Science,NSQ Online Courses (2025),B2,Design Alignment,"The competency includes a measurable objective, standards alignment, aligned learning activity, valid assessment evidence, and options for demonstrating mastery.",NSQ Online Courses 2025
FF.G4.SCI.01,Science,NSQ Online Courses (2025),C2,Design Alignment,"The competency includes a measurable objective, standards alignment, aligned learning activity, valid assessment evidence, and options for demonstrating mastery.",NSQ Online Courses 2025
FF.G4.SCI.01,Science,NSQ Online Courses (2025),D1,Design Alignment,"The competency includes a measurable objective, standards alignment, aligned learning activity, valid assessment evidence, and options for demonstrating mastery.",NSQ Online Courses 2025
FF.G4.SCI.01,Science,NSQ Online Courses (2025),D2,Design Alignment,"The competency includes a measurable objective, standards alignment, aligned learning activity, valid assessment evidence, and options for demonstrating mastery.",NSQ Online Courses 2025
FF.G4.SCI.01,Science,NSQ Online Courses (2025),D4,Design Alignment,"The competency includes a measurable objective, standards alignment, aligned learning activity, valid assessment evidence, and options for demonstrating mastery.",NSQ Online Courses 2025
FF.G4.SCI.02,Science,Tennessee Academic Standards,4.PS3.2,Direct,"The Tennessee expectation is mapped to the closest NGSS 3–5 performance expectation; where grade labels differ, the shared DCI/practice is documented.",TN Science 2022 PDF p.41
FF.G4.SCI.02,Science,Next Generation Science Standards,4-PS3-3,Direct,"The Tennessee expectation is mapped to the closest NGSS 3–5 performance expectation; where grade labels differ, the shared DCI/practice is documented.",TN Science 2022 PDF p.41
FF.G4.SCI.02,Science,NSQ Online Courses (2025),B1,Design Alignment,"The competency includes a measurable objective, standards alignment, aligned learning activity, valid assessment evidence, and options for demonstrating mastery.",NSQ Online Courses 2025
FF.G4.SCI.02,Science,NSQ Online Courses (2025),B2,Design Alignment,"The competency includes a measurable objective, standards alignment, aligned learning activity, valid assessment evidence, and options for demonstrating mastery.",NSQ Online Courses 2025
FF.G4.SCI.02,Science,NSQ Online Courses (2025),C2,Design Alignment,"The competency includes a measurable objective, standards alignment, aligned learning activity, valid assessment evidence, and options for demonstrating mastery.",NSQ Online Courses 2025
FF.G4.SCI.02,Science,NSQ Online Courses (2025),D1,Design Alignment,"The competency includes a measurable objective, standards alignment, aligned learning activity, valid assessment evidence, and options for demonstrating mastery.",NSQ Online Courses 2025
FF.G4.SCI.02,Science,NSQ Online Courses (2025),D2,Design Alignment,"The competency includes a measurable objective, standards alignment, aligned learning activity, valid assessment evidence, and options for demonstrating mastery.",NSQ Online Courses 2025
FF.G4.SCI.02,Science,NSQ Online Courses (2025),D4,Design Alignment,"The competency includes a measurable objective, standards alignment, aligned learning activity, valid assessment evidence, and options for demonstrating mastery.",NSQ Online Courses 2025
FF.G4.SCI.03,Science,Tennessee Academic Standards,4.PS3.3,Direct,"The Tennessee expectation is mapped to the closest NGSS 3–5 performance expectation; where grade labels differ, the shared DCI/practice is documented.",TN Science 2022 PDF p.41
FF.G4.SCI.03,Science,Next Generation Science Standards,4-PS3-4,Direct,"The Tennessee expectation is mapped to the closest NGSS 3–5 performance expectation; where grade labels differ, the shared DCI/practice is documented.",TN Science 2022 PDF p.41
FF.G4.SCI.03,Science,NSQ Online Courses (2025),B1,Design Alignment,"The competency includes a measurable objective, standards alignment, aligned learning activity, valid assessment evidence, and options for demonstrating mastery.",NSQ Online Courses 2025
FF.G4.SCI.03,Science,NSQ Online Courses (2025),B2,Design Alignment,"The competency includes a measurable objective, standards alignment, aligned learning activity, valid assessment evidence, and options for demonstrating mastery.",NSQ Online Courses 2025
FF.G4.SCI.03,Science,NSQ Online Courses (2025),C2,Design Alignment,"The competency includes a measurable objective, standards alignment, aligned learning activity, valid assessment evidence, and options for demonstrating mastery.",NSQ Online Courses 2025
FF.G4.SCI.03,Science,NSQ Online Courses (2025),D1,Design Alignment,"The competency includes a measurable objective, standards alignment, aligned learning activity, valid assessment evidence, and options for demonstrating mastery.",NSQ Online Courses 2025
FF.G4.SCI.03,Science,NSQ Online Courses (2025),D2,Design Alignment,"The competency includes a measurable objective, standards alignment, aligned learning activity, valid assessment evidence, and options for demonstrating mastery.",NSQ Online Courses 2025
FF.G4.SCI.03,Science,NSQ Online Courses (2025),D4,Design Alignment,"The competency includes a measurable objective, standards alignment, aligned learning activity, valid assessment evidence, and options for demonstrating mastery.",NSQ Online Courses 2025
FF.G4.SCI.04,Science,Tennessee Academic Standards,4.PS4.1,Direct,"The Tennessee expectation is mapped to the closest NGSS 3–5 performance expectation; where grade labels differ, the shared DCI/practice is documented.",TN Science 2022 PDF p.41
FF.G4.SCI.04,Science,Next Generation Science Standards,4-PS4-1,Direct,"The Tennessee expectation is mapped to the closest NGSS 3–5 performance expectation; where grade labels differ, the shared DCI/practice is documented.",TN Science 2022 PDF p.41
FF.G4.SCI.04,Science,NSQ Online Courses (2025),B1,Design Alignment,"The competency includes a measurable objective, standards alignment, aligned learning activity, valid assessment evidence, and options for demonstrating mastery.",NSQ Online Courses 2025
FF.G4.SCI.04,Science,NSQ Online Courses (2025),B2,Design Alignment,"The competency includes a measurable objective, standards alignment, aligned learning activity, valid assessment evidence, and options for demonstrating mastery.",NSQ Online Courses 2025
FF.G4.SCI.04,Science,NSQ Online Courses (2025),C2,Design Alignment,"The competency includes a measurable objective, standards alignment, aligned learning activity, valid assessment evidence, and options for demonstrating mastery.",NSQ Online Courses 2025
FF.G4.SCI.04,Science,NSQ Online Courses (2025),D1,Design Alignment,"The competency includes a measurable objective, standards alignment, aligned learning activity, valid assessment evidence, and options for demonstrating mastery.",NSQ Online Courses 2025
FF.G4.SCI.04,Science,NSQ Online Courses (2025),D2,Design Alignment,"The competency includes a measurable objective, standards alignment, aligned learning activity, valid assessment evidence, and options for demonstrating mastery.",NSQ Online Courses 2025
FF.G4.SCI.04,Science,NSQ Online Courses (2025),D4,Design Alignment,"The competency includes a measurable objective, standards alignment, aligned learning activity, valid assessment evidence, and options for demonstrating mastery.",NSQ Online Courses 2025
FF.G4.SCI.05,Science,Tennessee Academic Standards,4.PS4.2,Direct,"The Tennessee expectation is mapped to the closest NGSS 3–5 performance expectation; where grade labels differ, the shared DCI/practice is documented.",TN Science 2022 PDF p.41
FF.G4.SCI.05,Science,Next Generation Science Standards,4-PS4-2,Direct,"The Tennessee expectation is mapped to the closest NGSS 3–5 performance expectation; where grade labels differ, the shared DCI/practice is documented.",TN Science 2022 PDF p.41
FF.G4.SCI.05,Science,NSQ Online Courses (2025),B1,Design Alignment,"The competency includes a measurable objective, standards alignment, aligned learning activity, valid assessment evidence, and options for demonstrating mastery.",NSQ Online Courses 2025
FF.G4.SCI.05,Science,NSQ Online Courses (2025),B2,Design Alignment,"The competency includes a measurable objective, standards alignment, aligned learning activity, valid assessment evidence, and options for demonstrating mastery.",NSQ Online Courses 2025
FF.G4.SCI.05,Science,NSQ Online Courses (2025),C2,Design Alignment,"The competency includes a measurable objective, standards alignment, aligned learning activity, valid assessment evidence, and options for demonstrating mastery.",NSQ Online Courses 2025
FF.G4.SCI.05,Science,NSQ Online Courses (2025),D1,Design Alignment,"The competency includes a measurable objective, standards alignment, aligned learning activity, valid assessment evidence, and options for demonstrating mastery.",NSQ Online Courses 2025
FF.G4.SCI.05,Science,NSQ Online Courses (2025),D2,Design Alignment,"The competency includes a measurable objective, standards alignment, aligned learning activity, valid assessment evidence, and options for demonstrating mastery.",NSQ Online Courses 2025
FF.G4.SCI.05,Science,NSQ Online Courses (2025),D4,Design Alignment,"The competency includes a measurable objective, standards alignment, aligned learning activity, valid assessment evidence, and options for demonstrating mastery.",NSQ Online Courses 2025
FF.G4.SCI.06,Science,Tennessee Academic Standards,4.PS4.3,Direct,"The Tennessee expectation is mapped to the closest NGSS 3–5 performance expectation; where grade labels differ, the shared DCI/practice is documented.",TN Science 2022 PDF p.41
FF.G4.SCI.06,Science,Next Generation Science Standards,4-PS4-3,Direct,"The Tennessee expectation is mapped to the closest NGSS 3–5 performance expectation; where grade labels differ, the shared DCI/practice is documented.",TN Science 2022 PDF p.41
FF.G4.SCI.06,Science,NSQ Online Courses (2025),B1,Design Alignment,"The competency includes a measurable objective, standards alignment, aligned learning activity, valid assessment evidence, and options for demonstrating mastery.",NSQ Online Courses 2025
FF.G4.SCI.06,Science,NSQ Online Courses (2025),B2,Design Alignment,"The competency includes a measurable objective, standards alignment, aligned learning activity, valid assessment evidence, and options for demonstrating mastery.",NSQ Online Courses 2025
FF.G4.SCI.06,Science,NSQ Online Courses (2025),C2,Design Alignment,"The competency includes a measurable objective, standards alignment, aligned learning activity, valid assessment evidence, and options for demonstrating mastery.",NSQ Online Courses 2025
FF.G4.SCI.06,Science,NSQ Online Courses (2025),D1,Design Alignment,"The competency includes a measurable objective, standards alignment, aligned learning activity, valid assessment evidence, and options for demonstrating mastery.",NSQ Online Courses 2025
FF.G4.SCI.06,Science,NSQ Online Courses (2025),D2,Design Alignment,"The competency includes a measurable objective, standards alignment, aligned learning activity, valid assessment evidence, and options for demonstrating mastery.",NSQ Online Courses 2025
FF.G4.SCI.06,Science,NSQ Online Courses (2025),D4,Design Alignment,"The competency includes a measurable objective, standards alignment, aligned learning activity, valid assessment evidence, and options for demonstrating mastery.",NSQ Online Courses 2025
FF.G4.SCI.07,Science,Tennessee Academic Standards,4.LS2.1,Direct,"The Tennessee expectation is mapped to the closest NGSS 3–5 performance expectation; where grade labels differ, the shared DCI/practice is documented.",TN Science 2022 PDF p.41
FF.G4.SCI.07,Science,Next Generation Science Standards,5-LS2-1,Direct,"The Tennessee expectation is mapped to the closest NGSS 3–5 performance expectation; where grade labels differ, the shared DCI/practice is documented.",TN Science 2022 PDF p.41
FF.G4.SCI.07,Science,NSQ Online Courses (2025),B1,Design Alignment,"The competency includes a measurable objective, standards alignment, aligned learning activity, valid assessment evidence, and options for demonstrating mastery.",NSQ Online Courses 2025
FF.G4.SCI.07,Science,NSQ Online Courses (2025),B2,Design Alignment,"The competency includes a measurable objective, standards alignment, aligned learning activity, valid assessment evidence, and options for demonstrating mastery.",NSQ Online Courses 2025
FF.G4.SCI.07,Science,NSQ Online Courses (2025),C2,Design Alignment,"The competency includes a measurable objective, standards alignment, aligned learning activity, valid assessment evidence, and options for demonstrating mastery.",NSQ Online Courses 2025
FF.G4.SCI.07,Science,NSQ Online Courses (2025),D1,Design Alignment,"The competency includes a measurable objective, standards alignment, aligned learning activity, valid assessment evidence, and options for demonstrating mastery.",NSQ Online Courses 2025
FF.G4.SCI.07,Science,NSQ Online Courses (2025),D2,Design Alignment,"The competency includes a measurable objective, standards alignment, aligned learning activity, valid assessment evidence, and options for demonstrating mastery.",NSQ Online Courses 2025
FF.G4.SCI.07,Science,NSQ Online Courses (2025),D4,Design Alignment,"The competency includes a measurable objective, standards alignment, aligned learning activity, valid assessment evidence, and options for demonstrating mastery.",NSQ Online Courses 2025
FF.G4.SCI.08,Science,Tennessee Academic Standards,4.LS2.2,Direct,"The Tennessee expectation is mapped to the closest NGSS 3–5 performance expectation; where grade labels differ, the shared DCI/practice is documented.",TN Science 2022 PDF p.41
FF.G4.SCI.08,Science,Next Generation Science Standards,5-LS2-1,Direct,"The Tennessee expectation is mapped to the closest NGSS 3–5 performance expectation; where grade labels differ, the shared DCI/practice is documented.",TN Science 2022 PDF p.41
FF.G4.SCI.08,Science,NSQ Online Courses (2025),B1,Design Alignment,"The competency includes a measurable objective, standards alignment, aligned learning activity, valid assessment evidence, and options for demonstrating mastery.",NSQ Online Courses 2025
FF.G4.SCI.08,Science,NSQ Online Courses (2025),B2,Design Alignment,"The competency includes a measurable objective, standards alignment, aligned learning activity, valid assessment evidence, and options for demonstrating mastery.",NSQ Online Courses 2025
FF.G4.SCI.08,Science,NSQ Online Courses (2025),C2,Design Alignment,"The competency includes a measurable objective, standards alignment, aligned learning activity, valid assessment evidence, and options for demonstrating mastery.",NSQ Online Courses 2025
FF.G4.SCI.08,Science,NSQ Online Courses (2025),D1,Design Alignment,"The competency includes a measurable objective, standards alignment, aligned learning activity, valid assessment evidence, and options for demonstrating mastery.",NSQ Online Courses 2025
FF.G4.SCI.08,Science,NSQ Online Courses (2025),D2,Design Alignment,"The competency includes a measurable objective, standards alignment, aligned learning activity, valid assessment evidence, and options for demonstrating mastery.",NSQ Online Courses 2025
FF.G4.SCI.08,Science,NSQ Online Courses (2025),D4,Design Alignment,"The competency includes a measurable objective, standards alignment, aligned learning activity, valid assessment evidence, and options for demonstrating mastery.",NSQ Online Courses 2025
FF.G4.SCI.09,Science,Tennessee Academic Standards,4.LS2.3,Direct,"The Tennessee expectation is mapped to the closest NGSS 3–5 performance expectation; where grade labels differ, the shared DCI/practice is documented.",TN Science 2022 PDF p.41
FF.G4.SCI.09,Science,Next Generation Science Standards,3-LS4-4,Direct,"The Tennessee expectation is mapped to the closest NGSS 3–5 performance expectation; where grade labels differ, the shared DCI/practice is documented.",TN Science 2022 PDF p.41
FF.G4.SCI.09,Science,NSQ Online Courses (2025),B1,Design Alignment,"The competency includes a measurable objective, standards alignment, aligned learning activity, valid assessment evidence, and options for demonstrating mastery.",NSQ Online Courses 2025
FF.G4.SCI.09,Science,NSQ Online Courses (2025),B2,Design Alignment,"The competency includes a measurable objective, standards alignment, aligned learning activity, valid assessment evidence, and options for demonstrating mastery.",NSQ Online Courses 2025
FF.G4.SCI.09,Science,NSQ Online Courses (2025),C2,Design Alignment,"The competency includes a measurable objective, standards alignment, aligned learning activity, valid assessment evidence, and options for demonstrating mastery.",NSQ Online Courses 2025
FF.G4.SCI.09,Science,NSQ Online Courses (2025),D1,Design Alignment,"The competency includes a measurable objective, standards alignment, aligned learning activity, valid assessment evidence, and options for demonstrating mastery.",NSQ Online Courses 2025
FF.G4.SCI.09,Science,NSQ Online Courses (2025),D2,Design Alignment,"The competency includes a measurable objective, standards alignment, aligned learning activity, valid assessment evidence, and options for demonstrating mastery.",NSQ Online Courses 2025
FF.G4.SCI.09,Science,NSQ Online Courses (2025),D4,Design Alignment,"The competency includes a measurable objective, standards alignment, aligned learning activity, valid assessment evidence, and options for demonstrating mastery.",NSQ Online Courses 2025
FF.G4.SCI.10,Science,Tennessee Academic Standards,4.LS2.4,Direct,"The Tennessee expectation is mapped to the closest NGSS 3–5 performance expectation; where grade labels differ, the shared DCI/practice is documented.",TN Science 2022 PDF p.41
FF.G4.SCI.10,Science,Next Generation Science Standards,3-LS4-4,Direct,"The Tennessee expectation is mapped to the closest NGSS 3–5 performance expectation; where grade labels differ, the shared DCI/practice is documented.",TN Science 2022 PDF p.41
FF.G4.SCI.10,Science,NSQ Online Courses (2025),B1,Design Alignment,"The competency includes a measurable objective, standards alignment, aligned learning activity, valid assessment evidence, and options for demonstrating mastery.",NSQ Online Courses 2025
FF.G4.SCI.10,Science,NSQ Online Courses (2025),B2,Design Alignment,"The competency includes a measurable objective, standards alignment, aligned learning activity, valid assessment evidence, and options for demonstrating mastery.",NSQ Online Courses 2025
FF.G4.SCI.10,Science,NSQ Online Courses (2025),C2,Design Alignment,"The competency includes a measurable objective, standards alignment, aligned learning activity, valid assessment evidence, and options for demonstrating mastery.",NSQ Online Courses 2025
FF.G4.SCI.10,Science,NSQ Online Courses (2025),D1,Design Alignment,"The competency includes a measurable objective, standards alignment, aligned learning activity, valid assessment evidence, and options for demonstrating mastery.",NSQ Online Courses 2025
FF.G4.SCI.10,Science,NSQ Online Courses (2025),D2,Design Alignment,"The competency includes a measurable objective, standards alignment, aligned learning activity, valid assessment evidence, and options for demonstrating mastery.",NSQ Online Courses 2025
FF.G4.SCI.10,Science,NSQ Online Courses (2025),D4,Design Alignment,"The competency includes a measurable objective, standards alignment, aligned learning activity, valid assessment evidence, and options for demonstrating mastery.",NSQ Online Courses 2025
FF.G4.SCI.11,Science,Tennessee Academic Standards,4.LS4.1,Direct,"The Tennessee expectation is mapped to the closest NGSS 3–5 performance expectation; where grade labels differ, the shared DCI/practice is documented.",TN Science 2022 PDF p.42
FF.G4.SCI.11,Science,Next Generation Science Standards,3-LS4-1,Direct,"The Tennessee expectation is mapped to the closest NGSS 3–5 performance expectation; where grade labels differ, the shared DCI/practice is documented.",TN Science 2022 PDF p.42
FF.G4.SCI.11,Science,NSQ Online Courses (2025),B1,Design Alignment,"The competency includes a measurable objective, standards alignment, aligned learning activity, valid assessment evidence, and options for demonstrating mastery.",NSQ Online Courses 2025
FF.G4.SCI.11,Science,NSQ Online Courses (2025),B2,Design Alignment,"The competency includes a measurable objective, standards alignment, aligned learning activity, valid assessment evidence, and options for demonstrating mastery.",NSQ Online Courses 2025
FF.G4.SCI.11,Science,NSQ Online Courses (2025),C2,Design Alignment,"The competency includes a measurable objective, standards alignment, aligned learning activity, valid assessment evidence, and options for demonstrating mastery.",NSQ Online Courses 2025
FF.G4.SCI.11,Science,NSQ Online Courses (2025),D1,Design Alignment,"The competency includes a measurable objective, standards alignment, aligned learning activity, valid assessment evidence, and options for demonstrating mastery.",NSQ Online Courses 2025
FF.G4.SCI.11,Science,NSQ Online Courses (2025),D2,Design Alignment,"The competency includes a measurable objective, standards alignment, aligned learning activity, valid assessment evidence, and options for demonstrating mastery.",NSQ Online Courses 2025
FF.G4.SCI.11,Science,NSQ Online Courses (2025),D4,Design Alignment,"The competency includes a measurable objective, standards alignment, aligned learning activity, valid assessment evidence, and options for demonstrating mastery.",NSQ Online Courses 2025
FF.G4.SCI.12,Science,Tennessee Academic Standards,4.ESS1.1,Direct,"The Tennessee expectation is mapped to the closest NGSS 3–5 performance expectation; where grade labels differ, the shared DCI/practice is documented.",TN Science 2022 PDF p.42
FF.G4.SCI.12,Science,Next Generation Science Standards,4-ESS1-1,Direct,"The Tennessee expectation is mapped to the closest NGSS 3–5 performance expectation; where grade labels differ, the shared DCI/practice is documented.",TN Science 2022 PDF p.42
FF.G4.SCI.12,Science,NSQ Online Courses (2025),B1,Design Alignment,"The competency includes a measurable objective, standards alignment, aligned learning activity, valid assessment evidence, and options for demonstrating mastery.",NSQ Online Courses 2025
FF.G4.SCI.12,Science,NSQ Online Courses (2025),B2,Design Alignment,"The competency includes a measurable objective, standards alignment, aligned learning activity, valid assessment evidence, and options for demonstrating mastery.",NSQ Online Courses 2025
FF.G4.SCI.12,Science,NSQ Online Courses (2025),C2,Design Alignment,"The competency includes a measurable objective, standards alignment, aligned learning activity, valid assessment evidence, and options for demonstrating mastery.",NSQ Online Courses 2025
FF.G4.SCI.12,Science,NSQ Online Courses (2025),D1,Design Alignment,"The competency includes a measurable objective, standards alignment, aligned learning activity, valid assessment evidence, and options for demonstrating mastery.",NSQ Online Courses 2025
FF.G4.SCI.12,Science,NSQ Online Courses (2025),D2,Design Alignment,"The competency includes a measurable objective, standards alignment, aligned learning activity, valid assessment evidence, and options for demonstrating mastery.",NSQ Online Courses 2025
FF.G4.SCI.12,Science,NSQ Online Courses (2025),D4,Design Alignment,"The competency includes a measurable objective, standards alignment, aligned learning activity, valid assessment evidence, and options for demonstrating mastery.",NSQ Online Courses 2025
FF.G4.SCI.13,Science,Tennessee Academic Standards,4.ESS1.2,Direct,"The Tennessee expectation is mapped to the closest NGSS 3–5 performance expectation; where grade labels differ, the shared DCI/practice is documented.",TN Science 2022 PDF p.42
FF.G4.SCI.13,Science,Next Generation Science Standards,4-ESS1-1,Direct,"The Tennessee expectation is mapped to the closest NGSS 3–5 performance expectation; where grade labels differ, the shared DCI/practice is documented.",TN Science 2022 PDF p.42
FF.G4.SCI.13,Science,NSQ Online Courses (2025),B1,Design Alignment,"The competency includes a measurable objective, standards alignment, aligned learning activity, valid assessment evidence, and options for demonstrating mastery.",NSQ Online Courses 2025
FF.G4.SCI.13,Science,NSQ Online Courses (2025),B2,Design Alignment,"The competency includes a measurable objective, standards alignment, aligned learning activity, valid assessment evidence, and options for demonstrating mastery.",NSQ Online Courses 2025
FF.G4.SCI.13,Science,NSQ Online Courses (2025),C2,Design Alignment,"The competency includes a measurable objective, standards alignment, aligned learning activity, valid assessment evidence, and options for demonstrating mastery.",NSQ Online Courses 2025
FF.G4.SCI.13,Science,NSQ Online Courses (2025),D1,Design Alignment,"The competency includes a measurable objective, standards alignment, aligned learning activity, valid assessment evidence, and options for demonstrating mastery.",NSQ Online Courses 2025
FF.G4.SCI.13,Science,NSQ Online Courses (2025),D2,Design Alignment,"The competency includes a measurable objective, standards alignment, aligned learning activity, valid assessment evidence, and options for demonstrating mastery.",NSQ Online Courses 2025
FF.G4.SCI.13,Science,NSQ Online Courses (2025),D4,Design Alignment,"The competency includes a measurable objective, standards alignment, aligned learning activity, valid assessment evidence, and options for demonstrating mastery.",NSQ Online Courses 2025
FF.G4.SCI.14,Science,Tennessee Academic Standards,4.ESS2.1,Direct,"The Tennessee expectation is mapped to the closest NGSS 3–5 performance expectation; where grade labels differ, the shared DCI/practice is documented.",TN Science 2022 PDF p.42
FF.G4.SCI.14,Science,Next Generation Science Standards,4-ESS2-1,Direct,"The Tennessee expectation is mapped to the closest NGSS 3–5 performance expectation; where grade labels differ, the shared DCI/practice is documented.",TN Science 2022 PDF p.42
FF.G4.SCI.14,Science,NSQ Online Courses (2025),B1,Design Alignment,"The competency includes a measurable objective, standards alignment, aligned learning activity, valid assessment evidence, and options for demonstrating mastery.",NSQ Online Courses 2025
FF.G4.SCI.14,Science,NSQ Online Courses (2025),B2,Design Alignment,"The competency includes a measurable objective, standards alignment, aligned learning activity, valid assessment evidence, and options for demonstrating mastery.",NSQ Online Courses 2025
FF.G4.SCI.14,Science,NSQ Online Courses (2025),C2,Design Alignment,"The competency includes a measurable objective, standards alignment, aligned learning activity, valid assessment evidence, and options for demonstrating mastery.",NSQ Online Courses 2025
FF.G4.SCI.14,Science,NSQ Online Courses (2025),D1,Design Alignment,"The competency includes a measurable objective, standards alignment, aligned learning activity, valid assessment evidence, and options for demonstrating mastery.",NSQ Online Courses 2025
FF.G4.SCI.14,Science,NSQ Online Courses (2025),D2,Design Alignment,"The competency includes a measurable objective, standards alignment, aligned learning activity, valid assessment evidence, and options for demonstrating mastery.",NSQ Online Courses 2025
FF.G4.SCI.14,Science,NSQ Online Courses (2025),D4,Design Alignment,"The competency includes a measurable objective, standards alignment, aligned learning activity, valid assessment evidence, and options for demonstrating mastery.",NSQ Online Courses 2025
FF.G4.SCI.15,Science,Tennessee Academic Standards,4.ESS2.2,Direct,"The Tennessee expectation is mapped to the closest NGSS 3–5 performance expectation; where grade labels differ, the shared DCI/practice is documented.",TN Science 2022 PDF p.42
FF.G4.SCI.15,Science,Next Generation Science Standards,4-ESS2-2,Direct,"The Tennessee expectation is mapped to the closest NGSS 3–5 performance expectation; where grade labels differ, the shared DCI/practice is documented.",TN Science 2022 PDF p.42
FF.G4.SCI.15,Science,NSQ Online Courses (2025),B1,Design Alignment,"The competency includes a measurable objective, standards alignment, aligned learning activity, valid assessment evidence, and options for demonstrating mastery.",NSQ Online Courses 2025
FF.G4.SCI.15,Science,NSQ Online Courses (2025),B2,Design Alignment,"The competency includes a measurable objective, standards alignment, aligned learning activity, valid assessment evidence, and options for demonstrating mastery.",NSQ Online Courses 2025
FF.G4.SCI.15,Science,NSQ Online Courses (2025),C2,Design Alignment,"The competency includes a measurable objective, standards alignment, aligned learning activity, valid assessment evidence, and options for demonstrating mastery.",NSQ Online Courses 2025
FF.G4.SCI.15,Science,NSQ Online Courses (2025),D1,Design Alignment,"The competency includes a measurable objective, standards alignment, aligned learning activity, valid assessment evidence, and options for demonstrating mastery.",NSQ Online Courses 2025
FF.G4.SCI.15,Science,NSQ Online Courses (2025),D2,Design Alignment,"The competency includes a measurable objective, standards alignment, aligned learning activity, valid assessment evidence, and options for demonstrating mastery.",NSQ Online Courses 2025
FF.G4.SCI.15,Science,NSQ Online Courses (2025),D4,Design Alignment,"The competency includes a measurable objective, standards alignment, aligned learning activity, valid assessment evidence, and options for demonstrating mastery.",NSQ Online Courses 2025
FF.G4.SCI.16,Science,Tennessee Academic Standards,4.ESS2.3,Direct,"The Tennessee expectation is mapped to the closest NGSS 3–5 performance expectation; where grade labels differ, the shared DCI/practice is documented.",TN Science 2022 PDF p.42
FF.G4.SCI.16,Science,Next Generation Science Standards,5-ESS2-1,Direct,"The Tennessee expectation is mapped to the closest NGSS 3–5 performance expectation; where grade labels differ, the shared DCI/practice is documented.",TN Science 2022 PDF p.42
FF.G4.SCI.16,Science,NSQ Online Courses (2025),B1,Design Alignment,"The competency includes a measurable objective, standards alignment, aligned learning activity, valid assessment evidence, and options for demonstrating mastery.",NSQ Online Courses 2025
FF.G4.SCI.16,Science,NSQ Online Courses (2025),B2,Design Alignment,"The competency includes a measurable objective, standards alignment, aligned learning activity, valid assessment evidence, and options for demonstrating mastery.",NSQ Online Courses 2025
FF.G4.SCI.16,Science,NSQ Online Courses (2025),C2,Design Alignment,"The competency includes a measurable objective, standards alignment, aligned learning activity, valid assessment evidence, and options for demonstrating mastery.",NSQ Online Courses 2025
FF.G4.SCI.16,Science,NSQ Online Courses (2025),D1,Design Alignment,"The competency includes a measurable objective, standards alignment, aligned learning activity, valid assessment evidence, and options for demonstrating mastery.",NSQ Online Courses 2025
FF.G4.SCI.16,Science,NSQ Online Courses (2025),D2,Design Alignment,"The competency includes a measurable objective, standards alignment, aligned learning activity, valid assessment evidence, and options for demonstrating mastery.",NSQ Online Courses 2025
FF.G4.SCI.16,Science,NSQ Online Courses (2025),D4,Design Alignment,"The competency includes a measurable objective, standards alignment, aligned learning activity, valid assessment evidence, and options for demonstrating mastery.",NSQ Online Courses 2025
FF.G4.SCI.17,Science,Tennessee Academic Standards,4.ESS3.1,Direct,"The Tennessee expectation is mapped to the closest NGSS 3–5 performance expectation; where grade labels differ, the shared DCI/practice is documented.",TN Science 2022 PDF p.42
FF.G4.SCI.17,Science,Next Generation Science Standards,4-ESS3-1,Direct,"The Tennessee expectation is mapped to the closest NGSS 3–5 performance expectation; where grade labels differ, the shared DCI/practice is documented.",TN Science 2022 PDF p.42
FF.G4.SCI.17,Science,NSQ Online Courses (2025),B1,Design Alignment,"The competency includes a measurable objective, standards alignment, aligned learning activity, valid assessment evidence, and options for demonstrating mastery.",NSQ Online Courses 2025
FF.G4.SCI.17,Science,NSQ Online Courses (2025),B2,Design Alignment,"The competency includes a measurable objective, standards alignment, aligned learning activity, valid assessment evidence, and options for demonstrating mastery.",NSQ Online Courses 2025
FF.G4.SCI.17,Science,NSQ Online Courses (2025),C2,Design Alignment,"The competency includes a measurable objective, standards alignment, aligned learning activity, valid assessment evidence, and options for demonstrating mastery.",NSQ Online Courses 2025
FF.G4.SCI.17,Science,NSQ Online Courses (2025),D1,Design Alignment,"The competency includes a measurable objective, standards alignment, aligned learning activity, valid assessment evidence, and options for demonstrating mastery.",NSQ Online Courses 2025
FF.G4.SCI.17,Science,NSQ Online Courses (2025),D2,Design Alignment,"The competency includes a measurable objective, standards alignment, aligned learning activity, valid assessment evidence, and options for demonstrating mastery.",NSQ Online Courses 2025
FF.G4.SCI.17,Science,NSQ Online Courses (2025),D4,Design Alignment,"The competency includes a measurable objective, standards alignment, aligned learning activity, valid assessment evidence, and options for demonstrating mastery.",NSQ Online Courses 2025
FF.G4.SCI.18,Science,Tennessee Academic Standards,4.ESS3.2,Direct,"The Tennessee expectation is mapped to the closest NGSS 3–5 performance expectation; where grade labels differ, the shared DCI/practice is documented.",TN Science 2022 PDF p.42
FF.G4.SCI.18,Science,Next Generation Science Standards,4-ESS3-2,Direct,"The Tennessee expectation is mapped to the closest NGSS 3–5 performance expectation; where grade labels differ, the shared DCI/practice is documented.",TN Science 2022 PDF p.42
FF.G4.SCI.18,Science,NSQ Online Courses (2025),B1,Design Alignment,"The competency includes a measurable objective, standards alignment, aligned learning activity, valid assessment evidence, and options for demonstrating mastery.",NSQ Online Courses 2025
FF.G4.SCI.18,Science,NSQ Online Courses (2025),B2,Design Alignment,"The competency includes a measurable objective, standards alignment, aligned learning activity, valid assessment evidence, and options for demonstrating mastery.",NSQ Online Courses 2025
FF.G4.SCI.18,Science,NSQ Online Courses (2025),C2,Design Alignment,"The competency includes a measurable objective, standards alignment, aligned learning activity, valid assessment evidence, and options for demonstrating mastery.",NSQ Online Courses 2025
FF.G4.SCI.18,Science,NSQ Online Courses (2025),D1,Design Alignment,"The competency includes a measurable objective, standards alignment, aligned learning activity, valid assessment evidence, and options for demonstrating mastery.",NSQ Online Courses 2025
FF.G4.SCI.18,Science,NSQ Online Courses (2025),D2,Design Alignment,"The competency includes a measurable objective, standards alignment, aligned learning activity, valid assessment evidence, and options for demonstrating mastery.",NSQ Online Courses 2025
FF.G4.SCI.18,Science,NSQ Online Courses (2025),D4,Design Alignment,"The competency includes a measurable objective, standards alignment, aligned learning activity, valid assessment evidence, and options for demonstrating mastery.",NSQ Online Courses 2025
FF.G4.SCI.19,Science,Tennessee Academic Standards,4.ETS1.1,Direct,"The Tennessee expectation is mapped to the closest NGSS 3–5 performance expectation; where grade labels differ, the shared DCI/practice is documented.",TN Science 2022 PDF p.42
FF.G4.SCI.19,Science,Next Generation Science Standards,3-5-ETS1-3,Direct,"The Tennessee expectation is mapped to the closest NGSS 3–5 performance expectation; where grade labels differ, the shared DCI/practice is documented.",TN Science 2022 PDF p.42
FF.G4.SCI.19,Science,NSQ Online Courses (2025),B1,Design Alignment,"The competency includes a measurable objective, standards alignment, aligned learning activity, valid assessment evidence, and options for demonstrating mastery.",NSQ Online Courses 2025
FF.G4.SCI.19,Science,NSQ Online Courses (2025),B2,Design Alignment,"The competency includes a measurable objective, standards alignment, aligned learning activity, valid assessment evidence, and options for demonstrating mastery.",NSQ Online Courses 2025
FF.G4.SCI.19,Science,NSQ Online Courses (2025),C2,Design Alignment,"The competency includes a measurable objective, standards alignment, aligned learning activity, valid assessment evidence, and options for demonstrating mastery.",NSQ Online Courses 2025
FF.G4.SCI.19,Science,NSQ Online Courses (2025),D1,Design Alignment,"The competency includes a measurable objective, standards alignment, aligned learning activity, valid assessment evidence, and options for demonstrating mastery.",NSQ Online Courses 2025
FF.G4.SCI.19,Science,NSQ Online Courses (2025),D2,Design Alignment,"The competency includes a measurable objective, standards alignment, aligned learning activity, valid assessment evidence, and options for demonstrating mastery.",NSQ Online Courses 2025
FF.G4.SCI.19,Science,NSQ Online Courses (2025),D4,Design Alignment,"The competency includes a measurable objective, standards alignment, aligned learning activity, valid assessment evidence, and options for demonstrating mastery.",NSQ Online Courses 2025
FF.G4.SCI.20,Science,Tennessee Academic Standards,4.ETS2.1,Direct,"The Tennessee expectation is mapped to the closest NGSS 3–5 performance expectation; where grade labels differ, the shared DCI/practice is documented.",TN Science 2022 PDF p.43
FF.G4.SCI.20,Science,Next Generation Science Standards,3-5-ETS1-1,Direct,"The Tennessee expectation is mapped to the closest NGSS 3–5 performance expectation; where grade labels differ, the shared DCI/practice is documented.",TN Science 2022 PDF p.43
FF.G4.SCI.20,Science,NSQ Online Courses (2025),B1,Design Alignment,"The competency includes a measurable objective, standards alignment, aligned learning activity, valid assessment evidence, and options for demonstrating mastery.",NSQ Online Courses 2025
FF.G4.SCI.20,Science,NSQ Online Courses (2025),B2,Design Alignment,"The competency includes a measurable objective, standards alignment, aligned learning activity, valid assessment evidence, and options for demonstrating mastery.",NSQ Online Courses 2025
FF.G4.SCI.20,Science,NSQ Online Courses (2025),C2,Design Alignment,"The competency includes a measurable objective, standards alignment, aligned learning activity, valid assessment evidence, and options for demonstrating mastery.",NSQ Online Courses 2025
FF.G4.SCI.20,Science,NSQ Online Courses (2025),D1,Design Alignment,"The competency includes a measurable objective, standards alignment, aligned learning activity, valid assessment evidence, and options for demonstrating mastery.",NSQ Online Courses 2025
FF.G4.SCI.20,Science,NSQ Online Courses (2025),D2,Design Alignment,"The competency includes a measurable objective, standards alignment, aligned learning activity, valid assessment evidence, and options for demonstrating mastery.",NSQ Online Courses 2025
FF.G4.SCI.20,Science,NSQ Online Courses (2025),D4,Design Alignment,"The competency includes a measurable objective, standards alignment, aligned learning activity, valid assessment evidence, and options for demonstrating mastery.",NSQ Online Courses 2025
FF.G4.SS.01,Social Studies,Tennessee Academic Standards,SSP.01,Direct,"Tennessee content is primary; Common Core ELA standards support disciplinary reading, writing, speaking, and inquiry. NGSS is not applicable.",TN Social Studies 2024 PDF p.55
FF.G4.SS.01,Social Studies,Common Core State Standards,CCSS.ELA-LITERACY.RI.4.7,Supporting,"Tennessee content is primary; Common Core ELA standards support disciplinary reading, writing, speaking, and inquiry. NGSS is not applicable.",TN Social Studies 2024 PDF p.55
FF.G4.SS.01,Social Studies,Common Core State Standards,CCSS.ELA-LITERACY.W.4.7,Supporting,"Tennessee content is primary; Common Core ELA standards support disciplinary reading, writing, speaking, and inquiry. NGSS is not applicable.",TN Social Studies 2024 PDF p.55
FF.G4.SS.01,Social Studies,NSQ Online Courses (2025),B1,Design Alignment,"The competency includes a measurable objective, standards alignment, aligned learning activity, valid assessment evidence, and options for demonstrating mastery.",NSQ Online Courses 2025
FF.G4.SS.01,Social Studies,NSQ Online Courses (2025),B2,Design Alignment,"The competency includes a measurable objective, standards alignment, aligned learning activity, valid assessment evidence, and options for demonstrating mastery.",NSQ Online Courses 2025
FF.G4.SS.01,Social Studies,NSQ Online Courses (2025),C2,Design Alignment,"The competency includes a measurable objective, standards alignment, aligned learning activity, valid assessment evidence, and options for demonstrating mastery.",NSQ Online Courses 2025
FF.G4.SS.01,Social Studies,NSQ Online Courses (2025),D1,Design Alignment,"The competency includes a measurable objective, standards alignment, aligned learning activity, valid assessment evidence, and options for demonstrating mastery.",NSQ Online Courses 2025
FF.G4.SS.01,Social Studies,NSQ Online Courses (2025),D2,Design Alignment,"The competency includes a measurable objective, standards alignment, aligned learning activity, valid assessment evidence, and options for demonstrating mastery.",NSQ Online Courses 2025
FF.G4.SS.01,Social Studies,NSQ Online Courses (2025),D4,Design Alignment,"The competency includes a measurable objective, standards alignment, aligned learning activity, valid assessment evidence, and options for demonstrating mastery.",NSQ Online Courses 2025
FF.G4.SS.02,Social Studies,Tennessee Academic Standards,SSP.02,Direct,"Tennessee content is primary; Common Core ELA standards support disciplinary reading, writing, speaking, and inquiry. NGSS is not applicable.",TN Social Studies 2024 PDF p.55
FF.G4.SS.02,Social Studies,Common Core State Standards,CCSS.ELA-LITERACY.RI.4.1,Supporting,"Tennessee content is primary; Common Core ELA standards support disciplinary reading, writing, speaking, and inquiry. NGSS is not applicable.",TN Social Studies 2024 PDF p.55
FF.G4.SS.02,Social Studies,Common Core State Standards,CCSS.ELA-LITERACY.RI.4.6,Supporting,"Tennessee content is primary; Common Core ELA standards support disciplinary reading, writing, speaking, and inquiry. NGSS is not applicable.",TN Social Studies 2024 PDF p.55
FF.G4.SS.02,Social Studies,Common Core State Standards,CCSS.ELA-LITERACY.RI.4.8,Supporting,"Tennessee content is primary; Common Core ELA standards support disciplinary reading, writing, speaking, and inquiry. NGSS is not applicable.",TN Social Studies 2024 PDF p.55
FF.G4.SS.02,Social Studies,NSQ Online Courses (2025),B1,Design Alignment,"The competency includes a measurable objective, standards alignment, aligned learning activity, valid assessment evidence, and options for demonstrating mastery.",NSQ Online Courses 2025
FF.G4.SS.02,Social Studies,NSQ Online Courses (2025),B2,Design Alignment,"The competency includes a measurable objective, standards alignment, aligned learning activity, valid assessment evidence, and options for demonstrating mastery.",NSQ Online Courses 2025
FF.G4.SS.02,Social Studies,NSQ Online Courses (2025),C2,Design Alignment,"The competency includes a measurable objective, standards alignment, aligned learning activity, valid assessment evidence, and options for demonstrating mastery.",NSQ Online Courses 2025
FF.G4.SS.02,Social Studies,NSQ Online Courses (2025),D1,Design Alignment,"The competency includes a measurable objective, standards alignment, aligned learning activity, valid assessment evidence, and options for demonstrating mastery.",NSQ Online Courses 2025
FF.G4.SS.02,Social Studies,NSQ Online Courses (2025),D2,Design Alignment,"The competency includes a measurable objective, standards alignment, aligned learning activity, valid assessment evidence, and options for demonstrating mastery.",NSQ Online Courses 2025
FF.G4.SS.02,Social Studies,NSQ Online Courses (2025),D4,Design Alignment,"The competency includes a measurable objective, standards alignment, aligned learning activity, valid assessment evidence, and options for demonstrating mastery.",NSQ Online Courses 2025
FF.G4.SS.03,Social Studies,Tennessee Academic Standards,SSP.03,Direct,"Tennessee content is primary; Common Core ELA standards support disciplinary reading, writing, speaking, and inquiry. NGSS is not applicable.",TN Social Studies 2024 PDF p.55
FF.G4.SS.03,Social Studies,Common Core State Standards,CCSS.ELA-LITERACY.RI.4.9,Supporting,"Tennessee content is primary; Common Core ELA standards support disciplinary reading, writing, speaking, and inquiry. NGSS is not applicable.",TN Social Studies 2024 PDF p.55
FF.G4.SS.03,Social Studies,Common Core State Standards,CCSS.ELA-LITERACY.W.4.8,Supporting,"Tennessee content is primary; Common Core ELA standards support disciplinary reading, writing, speaking, and inquiry. NGSS is not applicable.",TN Social Studies 2024 PDF p.55
FF.G4.SS.03,Social Studies,NSQ Online Courses (2025),B1,Design Alignment,"The competency includes a measurable objective, standards alignment, aligned learning activity, valid assessment evidence, and options for demonstrating mastery.",NSQ Online Courses 2025
FF.G4.SS.03,Social Studies,NSQ Online Courses (2025),B2,Design Alignment,"The competency includes a measurable objective, standards alignment, aligned learning activity, valid assessment evidence, and options for demonstrating mastery.",NSQ Online Courses 2025
FF.G4.SS.03,Social Studies,NSQ Online Courses (2025),C2,Design Alignment,"The competency includes a measurable objective, standards alignment, aligned learning activity, valid assessment evidence, and options for demonstrating mastery.",NSQ Online Courses 2025
FF.G4.SS.03,Social Studies,NSQ Online Courses (2025),D1,Design Alignment,"The competency includes a measurable objective, standards alignment, aligned learning activity, valid assessment evidence, and options for demonstrating mastery.",NSQ Online Courses 2025
FF.G4.SS.03,Social Studies,NSQ Online Courses (2025),D2,Design Alignment,"The competency includes a measurable objective, standards alignment, aligned learning activity, valid assessment evidence, and options for demonstrating mastery.",NSQ Online Courses 2025
FF.G4.SS.03,Social Studies,NSQ Online Courses (2025),D4,Design Alignment,"The competency includes a measurable objective, standards alignment, aligned learning activity, valid assessment evidence, and options for demonstrating mastery.",NSQ Online Courses 2025
FF.G4.SS.04,Social Studies,Tennessee Academic Standards,SSP.04,Direct,"Tennessee content is primary; Common Core ELA standards support disciplinary reading, writing, speaking, and inquiry. NGSS is not applicable.",TN Social Studies 2024 PDF p.56
FF.G4.SS.04,Social Studies,Common Core State Standards,CCSS.ELA-LITERACY.W.4.1,Supporting,"Tennessee content is primary; Common Core ELA standards support disciplinary reading, writing, speaking, and inquiry. NGSS is not applicable.",TN Social Studies 2024 PDF p.56
FF.G4.SS.04,Social Studies,Common Core State Standards,CCSS.ELA-LITERACY.SL.4.1,Supporting,"Tennessee content is primary; Common Core ELA standards support disciplinary reading, writing, speaking, and inquiry. NGSS is not applicable.",TN Social Studies 2024 PDF p.56
FF.G4.SS.04,Social Studies,Common Core State Standards,CCSS.ELA-LITERACY.SL.4.4,Supporting,"Tennessee content is primary; Common Core ELA standards support disciplinary reading, writing, speaking, and inquiry. NGSS is not applicable.",TN Social Studies 2024 PDF p.56
FF.G4.SS.04,Social Studies,NSQ Online Courses (2025),B1,Design Alignment,"The competency includes a measurable objective, standards alignment, aligned learning activity, valid assessment evidence, and options for demonstrating mastery.",NSQ Online Courses 2025
FF.G4.SS.04,Social Studies,NSQ Online Courses (2025),B2,Design Alignment,"The competency includes a measurable objective, standards alignment, aligned learning activity, valid assessment evidence, and options for demonstrating mastery.",NSQ Online Courses 2025
FF.G4.SS.04,Social Studies,NSQ Online Courses (2025),C2,Design Alignment,"The competency includes a measurable objective, standards alignment, aligned learning activity, valid assessment evidence, and options for demonstrating mastery.",NSQ Online Courses 2025
FF.G4.SS.04,Social Studies,NSQ Online Courses (2025),D1,Design Alignment,"The competency includes a measurable objective, standards alignment, aligned learning activity, valid assessment evidence, and options for demonstrating mastery.",NSQ Online Courses 2025
FF.G4.SS.04,Social Studies,NSQ Online Courses (2025),D2,Design Alignment,"The competency includes a measurable objective, standards alignment, aligned learning activity, valid assessment evidence, and options for demonstrating mastery.",NSQ Online Courses 2025
FF.G4.SS.04,Social Studies,NSQ Online Courses (2025),D4,Design Alignment,"The competency includes a measurable objective, standards alignment, aligned learning activity, valid assessment evidence, and options for demonstrating mastery.",NSQ Online Courses 2025
FF.G4.SS.05,Social Studies,Tennessee Academic Standards,SSP.05,Direct,"Tennessee content is primary; Common Core ELA standards support disciplinary reading, writing, speaking, and inquiry. NGSS is not applicable.",TN Social Studies 2024 PDF p.56
FF.G4.SS.05,Social Studies,Common Core State Standards,CCSS.ELA-LITERACY.RI.4.6,Supporting,"Tennessee content is primary; Common Core ELA standards support disciplinary reading, writing, speaking, and inquiry. NGSS is not applicable.",TN Social Studies 2024 PDF p.56
FF.G4.SS.05,Social Studies,Common Core State Standards,CCSS.ELA-LITERACY.RI.4.9,Supporting,"Tennessee content is primary; Common Core ELA standards support disciplinary reading, writing, speaking, and inquiry. NGSS is not applicable.",TN Social Studies 2024 PDF p.56
FF.G4.SS.05,Social Studies,NSQ Online Courses (2025),B1,Design Alignment,"The competency includes a measurable objective, standards alignment, aligned learning activity, valid assessment evidence, and options for demonstrating mastery.",NSQ Online Courses 2025
FF.G4.SS.05,Social Studies,NSQ Online Courses (2025),B2,Design Alignment,"The competency includes a measurable objective, standards alignment, aligned learning activity, valid assessment evidence, and options for demonstrating mastery.",NSQ Online Courses 2025
FF.G4.SS.05,Social Studies,NSQ Online Courses (2025),C2,Design Alignment,"The competency includes a measurable objective, standards alignment, aligned learning activity, valid assessment evidence, and options for demonstrating mastery.",NSQ Online Courses 2025
FF.G4.SS.05,Social Studies,NSQ Online Courses (2025),D1,Design Alignment,"The competency includes a measurable objective, standards alignment, aligned learning activity, valid assessment evidence, and options for demonstrating mastery.",NSQ Online Courses 2025
FF.G4.SS.05,Social Studies,NSQ Online Courses (2025),D2,Design Alignment,"The competency includes a measurable objective, standards alignment, aligned learning activity, valid assessment evidence, and options for demonstrating mastery.",NSQ Online Courses 2025
FF.G4.SS.05,Social Studies,NSQ Online Courses (2025),D4,Design Alignment,"The competency includes a measurable objective, standards alignment, aligned learning activity, valid assessment evidence, and options for demonstrating mastery.",NSQ Online Courses 2025
FF.G4.SS.06,Social Studies,Tennessee Academic Standards,SSP.06,Direct,"Tennessee content is primary; Common Core ELA standards support disciplinary reading, writing, speaking, and inquiry. NGSS is not applicable.",TN Social Studies 2024 PDF p.56
FF.G4.SS.06,Social Studies,Common Core State Standards,CCSS.ELA-LITERACY.RI.4.7,Supporting,"Tennessee content is primary; Common Core ELA standards support disciplinary reading, writing, speaking, and inquiry. NGSS is not applicable.",TN Social Studies 2024 PDF p.56
FF.G4.SS.06,Social Studies,NSQ Online Courses (2025),B1,Design Alignment,"The competency includes a measurable objective, standards alignment, aligned learning activity, valid assessment evidence, and options for demonstrating mastery.",NSQ Online Courses 2025
FF.G4.SS.06,Social Studies,NSQ Online Courses (2025),B2,Design Alignment,"The competency includes a measurable objective, standards alignment, aligned learning activity, valid assessment evidence, and options for demonstrating mastery.",NSQ Online Courses 2025
FF.G4.SS.06,Social Studies,NSQ Online Courses (2025),C2,Design Alignment,"The competency includes a measurable objective, standards alignment, aligned learning activity, valid assessment evidence, and options for demonstrating mastery.",NSQ Online Courses 2025
FF.G4.SS.06,Social Studies,NSQ Online Courses (2025),D1,Design Alignment,"The competency includes a measurable objective, standards alignment, aligned learning activity, valid assessment evidence, and options for demonstrating mastery.",NSQ Online Courses 2025
FF.G4.SS.06,Social Studies,NSQ Online Courses (2025),D2,Design Alignment,"The competency includes a measurable objective, standards alignment, aligned learning activity, valid assessment evidence, and options for demonstrating mastery.",NSQ Online Courses 2025
FF.G4.SS.06,Social Studies,NSQ Online Courses (2025),D4,Design Alignment,"The competency includes a measurable objective, standards alignment, aligned learning activity, valid assessment evidence, and options for demonstrating mastery.",NSQ Online Courses 2025
FF.G4.SS.07,Social Studies,Tennessee Academic Standards,4.01,Direct,"Tennessee content is primary; Common Core ELA standards support disciplinary reading, writing, speaking, and inquiry. NGSS is not applicable.",TN Social Studies 2024 PDF pp.57–58
FF.G4.SS.07,Social Studies,Tennessee Academic Standards,4.02,Direct,"Tennessee content is primary; Common Core ELA standards support disciplinary reading, writing, speaking, and inquiry. NGSS is not applicable.",TN Social Studies 2024 PDF pp.57–58
FF.G4.SS.07,Social Studies,Tennessee Academic Standards,4.03,Direct,"Tennessee content is primary; Common Core ELA standards support disciplinary reading, writing, speaking, and inquiry. NGSS is not applicable.",TN Social Studies 2024 PDF pp.57–58
FF.G4.SS.07,Social Studies,Tennessee Academic Standards,4.04,Direct,"Tennessee content is primary; Common Core ELA standards support disciplinary reading, writing, speaking, and inquiry. NGSS is not applicable.",TN Social Studies 2024 PDF pp.57–58
FF.G4.SS.07,Social Studies,Tennessee Academic Standards,4.05,Direct,"Tennessee content is primary; Common Core ELA standards support disciplinary reading, writing, speaking, and inquiry. NGSS is not applicable.",TN Social Studies 2024 PDF pp.57–58
FF.G4.SS.07,Social Studies,Common Core State Standards,CCSS.ELA-LITERACY.RI.4.1,Supporting,"Tennessee content is primary; Common Core ELA standards support disciplinary reading, writing, speaking, and inquiry. NGSS is not applicable.",TN Social Studies 2024 PDF pp.57–58
FF.G4.SS.07,Social Studies,Common Core State Standards,CCSS.ELA-LITERACY.RI.4.9,Supporting,"Tennessee content is primary; Common Core ELA standards support disciplinary reading, writing, speaking, and inquiry. NGSS is not applicable.",TN Social Studies 2024 PDF pp.57–58
FF.G4.SS.07,Social Studies,Common Core State Standards,CCSS.ELA-LITERACY.W.4.2,Supporting,"Tennessee content is primary; Common Core ELA standards support disciplinary reading, writing, speaking, and inquiry. NGSS is not applicable.",TN Social Studies 2024 PDF pp.57–58
FF.G4.SS.07,Social Studies,NSQ Online Courses (2025),B1,Design Alignment,"The competency includes a measurable objective, standards alignment, aligned learning activity, valid assessment evidence, and options for demonstrating mastery.",NSQ Online Courses 2025
FF.G4.SS.07,Social Studies,NSQ Online Courses (2025),B2,Design Alignment,"The competency includes a measurable objective, standards alignment, aligned learning activity, valid assessment evidence, and options for demonstrating mastery.",NSQ Online Courses 2025
FF.G4.SS.07,Social Studies,NSQ Online Courses (2025),C2,Design Alignment,"The competency includes a measurable objective, standards alignment, aligned learning activity, valid assessment evidence, and options for demonstrating mastery.",NSQ Online Courses 2025
FF.G4.SS.07,Social Studies,NSQ Online Courses (2025),D1,Design Alignment,"The competency includes a measurable objective, standards alignment, aligned learning activity, valid assessment evidence, and options for demonstrating mastery.",NSQ Online Courses 2025
FF.G4.SS.07,Social Studies,NSQ Online Courses (2025),D2,Design Alignment,"The competency includes a measurable objective, standards alignment, aligned learning activity, valid assessment evidence, and options for demonstrating mastery.",NSQ Online Courses 2025
FF.G4.SS.07,Social Studies,NSQ Online Courses (2025),D4,Design Alignment,"The competency includes a measurable objective, standards alignment, aligned learning activity, valid assessment evidence, and options for demonstrating mastery.",NSQ Online Courses 2025
FF.G4.SS.08,Social Studies,Tennessee Academic Standards,4.06,Direct,"Tennessee content is primary; Common Core ELA standards support disciplinary reading, writing, speaking, and inquiry. NGSS is not applicable.",TN Social Studies 2024 PDF p.59
FF.G4.SS.08,Social Studies,Tennessee Academic Standards,4.07,Direct,"Tennessee content is primary; Common Core ELA standards support disciplinary reading, writing, speaking, and inquiry. NGSS is not applicable.",TN Social Studies 2024 PDF p.59
FF.G4.SS.08,Social Studies,Tennessee Academic Standards,4.08,Direct,"Tennessee content is primary; Common Core ELA standards support disciplinary reading, writing, speaking, and inquiry. NGSS is not applicable.",TN Social Studies 2024 PDF p.59
FF.G4.SS.08,Social Studies,Tennessee Academic Standards,4.09,Direct,"Tennessee content is primary; Common Core ELA standards support disciplinary reading, writing, speaking, and inquiry. NGSS is not applicable.",TN Social Studies 2024 PDF p.59
FF.G4.SS.08,Social Studies,Tennessee Academic Standards,4.10,Direct,"Tennessee content is primary; Common Core ELA standards support disciplinary reading, writing, speaking, and inquiry. NGSS is not applicable.",TN Social Studies 2024 PDF p.59
FF.G4.SS.08,Social Studies,Tennessee Academic Standards,4.11,Direct,"Tennessee content is primary; Common Core ELA standards support disciplinary reading, writing, speaking, and inquiry. NGSS is not applicable.",TN Social Studies 2024 PDF p.59
FF.G4.SS.08,Social Studies,Tennessee Academic Standards,4.12,Direct,"Tennessee content is primary; Common Core ELA standards support disciplinary reading, writing, speaking, and inquiry. NGSS is not applicable.",TN Social Studies 2024 PDF p.59
FF.G4.SS.08,Social Studies,Tennessee Academic Standards,4.13,Direct,"Tennessee content is primary; Common Core ELA standards support disciplinary reading, writing, speaking, and inquiry. NGSS is not applicable.",TN Social Studies 2024 PDF p.59
FF.G4.SS.08,Social Studies,Common Core State Standards,CCSS.ELA-LITERACY.RI.4.3,Supporting,"Tennessee content is primary; Common Core ELA standards support disciplinary reading, writing, speaking, and inquiry. NGSS is not applicable.",TN Social Studies 2024 PDF p.59
FF.G4.SS.08,Social Studies,Common Core State Standards,CCSS.ELA-LITERACY.RI.4.7,Supporting,"Tennessee content is primary; Common Core ELA standards support disciplinary reading, writing, speaking, and inquiry. NGSS is not applicable.",TN Social Studies 2024 PDF p.59
FF.G4.SS.08,Social Studies,Common Core State Standards,CCSS.ELA-LITERACY.W.4.2,Supporting,"Tennessee content is primary; Common Core ELA standards support disciplinary reading, writing, speaking, and inquiry. NGSS is not applicable.",TN Social Studies 2024 PDF p.59
FF.G4.SS.08,Social Studies,NSQ Online Courses (2025),B1,Design Alignment,"The competency includes a measurable objective, standards alignment, aligned learning activity, valid assessment evidence, and options for demonstrating mastery.",NSQ Online Courses 2025
FF.G4.SS.08,Social Studies,NSQ Online Courses (2025),B2,Design Alignment,"The competency includes a measurable objective, standards alignment, aligned learning activity, valid assessment evidence, and options for demonstrating mastery.",NSQ Online Courses 2025
FF.G4.SS.08,Social Studies,NSQ Online Courses (2025),C2,Design Alignment,"The competency includes a measurable objective, standards alignment, aligned learning activity, valid assessment evidence, and options for demonstrating mastery.",NSQ Online Courses 2025
FF.G4.SS.08,Social Studies,NSQ Online Courses (2025),D1,Design Alignment,"The competency includes a measurable objective, standards alignment, aligned learning activity, valid assessment evidence, and options for demonstrating mastery.",NSQ Online Courses 2025
FF.G4.SS.08,Social Studies,NSQ Online Courses (2025),D2,Design Alignment,"The competency includes a measurable objective, standards alignment, aligned learning activity, valid assessment evidence, and options for demonstrating mastery.",NSQ Online Courses 2025
FF.G4.SS.08,Social Studies,NSQ Online Courses (2025),D4,Design Alignment,"The competency includes a measurable objective, standards alignment, aligned learning activity, valid assessment evidence, and options for demonstrating mastery.",NSQ Online Courses 2025
FF.G4.SS.09,Social Studies,Tennessee Academic Standards,4.14,Direct,"Tennessee content is primary; Common Core ELA standards support disciplinary reading, writing, speaking, and inquiry. NGSS is not applicable.",TN Social Studies 2024 PDF p.60
FF.G4.SS.09,Social Studies,Tennessee Academic Standards,4.15,Direct,"Tennessee content is primary; Common Core ELA standards support disciplinary reading, writing, speaking, and inquiry. NGSS is not applicable.",TN Social Studies 2024 PDF p.60
FF.G4.SS.09,Social Studies,Tennessee Academic Standards,4.16,Direct,"Tennessee content is primary; Common Core ELA standards support disciplinary reading, writing, speaking, and inquiry. NGSS is not applicable.",TN Social Studies 2024 PDF p.60
FF.G4.SS.09,Social Studies,Tennessee Academic Standards,4.17,Direct,"Tennessee content is primary; Common Core ELA standards support disciplinary reading, writing, speaking, and inquiry. NGSS is not applicable.",TN Social Studies 2024 PDF p.60
FF.G4.SS.09,Social Studies,Tennessee Academic Standards,4.18,Direct,"Tennessee content is primary; Common Core ELA standards support disciplinary reading, writing, speaking, and inquiry. NGSS is not applicable.",TN Social Studies 2024 PDF p.60
FF.G4.SS.09,Social Studies,Common Core State Standards,CCSS.ELA-LITERACY.RI.4.1,Supporting,"Tennessee content is primary; Common Core ELA standards support disciplinary reading, writing, speaking, and inquiry. NGSS is not applicable.",TN Social Studies 2024 PDF p.60
FF.G4.SS.09,Social Studies,Common Core State Standards,CCSS.ELA-LITERACY.RI.4.9,Supporting,"Tennessee content is primary; Common Core ELA standards support disciplinary reading, writing, speaking, and inquiry. NGSS is not applicable.",TN Social Studies 2024 PDF p.60
FF.G4.SS.09,Social Studies,Common Core State Standards,CCSS.ELA-LITERACY.W.4.1,Supporting,"Tennessee content is primary; Common Core ELA standards support disciplinary reading, writing, speaking, and inquiry. NGSS is not applicable.",TN Social Studies 2024 PDF p.60
FF.G4.SS.09,Social Studies,NSQ Online Courses (2025),B1,Design Alignment,"The competency includes a measurable objective, standards alignment, aligned learning activity, valid assessment evidence, and options for demonstrating mastery.",NSQ Online Courses 2025
FF.G4.SS.09,Social Studies,NSQ Online Courses (2025),B2,Design Alignment,"The competency includes a measurable objective, standards alignment, aligned learning activity, valid assessment evidence, and options for demonstrating mastery.",NSQ Online Courses 2025
FF.G4.SS.09,Social Studies,NSQ Online Courses (2025),C2,Design Alignment,"The competency includes a measurable objective, standards alignment, aligned learning activity, valid assessment evidence, and options for demonstrating mastery.",NSQ Online Courses 2025
FF.G4.SS.09,Social Studies,NSQ Online Courses (2025),D1,Design Alignment,"The competency includes a measurable objective, standards alignment, aligned learning activity, valid assessment evidence, and options for demonstrating mastery.",NSQ Online Courses 2025
FF.G4.SS.09,Social Studies,NSQ Online Courses (2025),D2,Design Alignment,"The competency includes a measurable objective, standards alignment, aligned learning activity, valid assessment evidence, and options for demonstrating mastery.",NSQ Online Courses 2025
FF.G4.SS.09,Social Studies,NSQ Online Courses (2025),D4,Design Alignment,"The competency includes a measurable objective, standards alignment, aligned learning activity, valid assessment evidence, and options for demonstrating mastery.",NSQ Online Courses 2025
FF.G4.SS.10,Social Studies,Tennessee Academic Standards,4.19,Direct,"Tennessee content is primary; Common Core ELA standards support disciplinary reading, writing, speaking, and inquiry. NGSS is not applicable.",TN Social Studies 2024 PDF p.61
FF.G4.SS.10,Social Studies,Tennessee Academic Standards,4.20,Direct,"Tennessee content is primary; Common Core ELA standards support disciplinary reading, writing, speaking, and inquiry. NGSS is not applicable.",TN Social Studies 2024 PDF p.61
FF.G4.SS.10,Social Studies,Tennessee Academic Standards,4.21,Direct,"Tennessee content is primary; Common Core ELA standards support disciplinary reading, writing, speaking, and inquiry. NGSS is not applicable.",TN Social Studies 2024 PDF p.61
FF.G4.SS.10,Social Studies,Tennessee Academic Standards,4.22,Direct,"Tennessee content is primary; Common Core ELA standards support disciplinary reading, writing, speaking, and inquiry. NGSS is not applicable.",TN Social Studies 2024 PDF p.61
FF.G4.SS.10,Social Studies,Tennessee Academic Standards,4.23,Direct,"Tennessee content is primary; Common Core ELA standards support disciplinary reading, writing, speaking, and inquiry. NGSS is not applicable.",TN Social Studies 2024 PDF p.61
FF.G4.SS.10,Social Studies,Tennessee Academic Standards,4.24,Direct,"Tennessee content is primary; Common Core ELA standards support disciplinary reading, writing, speaking, and inquiry. NGSS is not applicable.",TN Social Studies 2024 PDF p.61
FF.G4.SS.10,Social Studies,Common Core State Standards,CCSS.ELA-LITERACY.RI.4.3,Supporting,"Tennessee content is primary; Common Core ELA standards support disciplinary reading, writing, speaking, and inquiry. NGSS is not applicable.",TN Social Studies 2024 PDF p.61
FF.G4.SS.10,Social Studies,Common Core State Standards,CCSS.ELA-LITERACY.RI.4.9,Supporting,"Tennessee content is primary; Common Core ELA standards support disciplinary reading, writing, speaking, and inquiry. NGSS is not applicable.",TN Social Studies 2024 PDF p.61
FF.G4.SS.10,Social Studies,NSQ Online Courses (2025),B1,Design Alignment,"The competency includes a measurable objective, standards alignment, aligned learning activity, valid assessment evidence, and options for demonstrating mastery.",NSQ Online Courses 2025
FF.G4.SS.10,Social Studies,NSQ Online Courses (2025),B2,Design Alignment,"The competency includes a measurable objective, standards alignment, aligned learning activity, valid assessment evidence, and options for demonstrating mastery.",NSQ Online Courses 2025
FF.G4.SS.10,Social Studies,NSQ Online Courses (2025),C2,Design Alignment,"The competency includes a measurable objective, standards alignment, aligned learning activity, valid assessment evidence, and options for demonstrating mastery.",NSQ Online Courses 2025
FF.G4.SS.10,Social Studies,NSQ Online Courses (2025),D1,Design Alignment,"The competency includes a measurable objective, standards alignment, aligned learning activity, valid assessment evidence, and options for demonstrating mastery.",NSQ Online Courses 2025
FF.G4.SS.10,Social Studies,NSQ Online Courses (2025),D2,Design Alignment,"The competency includes a measurable objective, standards alignment, aligned learning activity, valid assessment evidence, and options for demonstrating mastery.",NSQ Online Courses 2025
FF.G4.SS.10,Social Studies,NSQ Online Courses (2025),D4,Design Alignment,"The competency includes a measurable objective, standards alignment, aligned learning activity, valid assessment evidence, and options for demonstrating mastery.",NSQ Online Courses 2025
FF.G4.SS.11,Social Studies,Tennessee Academic Standards,4.25,Direct,"Tennessee content is primary; Common Core ELA standards support disciplinary reading, writing, speaking, and inquiry. NGSS is not applicable.",TN Social Studies 2024 PDF pp.61–62
FF.G4.SS.11,Social Studies,Tennessee Academic Standards,4.26,Direct,"Tennessee content is primary; Common Core ELA standards support disciplinary reading, writing, speaking, and inquiry. NGSS is not applicable.",TN Social Studies 2024 PDF pp.61–62
FF.G4.SS.11,Social Studies,Tennessee Academic Standards,4.27,Direct,"Tennessee content is primary; Common Core ELA standards support disciplinary reading, writing, speaking, and inquiry. NGSS is not applicable.",TN Social Studies 2024 PDF pp.61–62
FF.G4.SS.11,Social Studies,Common Core State Standards,CCSS.ELA-LITERACY.RI.4.6,Supporting,"Tennessee content is primary; Common Core ELA standards support disciplinary reading, writing, speaking, and inquiry. NGSS is not applicable.",TN Social Studies 2024 PDF pp.61–62
FF.G4.SS.11,Social Studies,Common Core State Standards,CCSS.ELA-LITERACY.RI.4.9,Supporting,"Tennessee content is primary; Common Core ELA standards support disciplinary reading, writing, speaking, and inquiry. NGSS is not applicable.",TN Social Studies 2024 PDF pp.61–62
FF.G4.SS.11,Social Studies,Common Core State Standards,CCSS.ELA-LITERACY.W.4.1,Supporting,"Tennessee content is primary; Common Core ELA standards support disciplinary reading, writing, speaking, and inquiry. NGSS is not applicable.",TN Social Studies 2024 PDF pp.61–62
FF.G4.SS.11,Social Studies,NSQ Online Courses (2025),B1,Design Alignment,"The competency includes a measurable objective, standards alignment, aligned learning activity, valid assessment evidence, and options for demonstrating mastery.",NSQ Online Courses 2025
FF.G4.SS.11,Social Studies,NSQ Online Courses (2025),B2,Design Alignment,"The competency includes a measurable objective, standards alignment, aligned learning activity, valid assessment evidence, and options for demonstrating mastery.",NSQ Online Courses 2025
FF.G4.SS.11,Social Studies,NSQ Online Courses (2025),C2,Design Alignment,"The competency includes a measurable objective, standards alignment, aligned learning activity, valid assessment evidence, and options for demonstrating mastery.",NSQ Online Courses 2025
FF.G4.SS.11,Social Studies,NSQ Online Courses (2025),D1,Design Alignment,"The competency includes a measurable objective, standards alignment, aligned learning activity, valid assessment evidence, and options for demonstrating mastery.",NSQ Online Courses 2025
FF.G4.SS.11,Social Studies,NSQ Online Courses (2025),D2,Design Alignment,"The competency includes a measurable objective, standards alignment, aligned learning activity, valid assessment evidence, and options for demonstrating mastery.",NSQ Online Courses 2025
FF.G4.SS.11,Social Studies,NSQ Online Courses (2025),D4,Design Alignment,"The competency includes a measurable objective, standards alignment, aligned learning activity, valid assessment evidence, and options for demonstrating mastery.",NSQ Online Courses 2025
FF.G4.SS.12,Social Studies,Tennessee Academic Standards,4.28,Direct,"Tennessee content is primary; Common Core ELA standards support disciplinary reading, writing, speaking, and inquiry. NGSS is not applicable.",TN Social Studies 2024 PDF p.63
FF.G4.SS.12,Social Studies,Tennessee Academic Standards,4.29,Direct,"Tennessee content is primary; Common Core ELA standards support disciplinary reading, writing, speaking, and inquiry. NGSS is not applicable.",TN Social Studies 2024 PDF p.63
FF.G4.SS.12,Social Studies,Tennessee Academic Standards,4.30,Direct,"Tennessee content is primary; Common Core ELA standards support disciplinary reading, writing, speaking, and inquiry. NGSS is not applicable.",TN Social Studies 2024 PDF p.63
FF.G4.SS.12,Social Studies,Tennessee Academic Standards,4.31,Direct,"Tennessee content is primary; Common Core ELA standards support disciplinary reading, writing, speaking, and inquiry. NGSS is not applicable.",TN Social Studies 2024 PDF p.63
FF.G4.SS.12,Social Studies,Common Core State Standards,CCSS.ELA-LITERACY.RI.4.3,Supporting,"Tennessee content is primary; Common Core ELA standards support disciplinary reading, writing, speaking, and inquiry. NGSS is not applicable.",TN Social Studies 2024 PDF p.63
FF.G4.SS.12,Social Studies,Common Core State Standards,CCSS.ELA-LITERACY.RI.4.7,Supporting,"Tennessee content is primary; Common Core ELA standards support disciplinary reading, writing, speaking, and inquiry. NGSS is not applicable.",TN Social Studies 2024 PDF p.63
FF.G4.SS.12,Social Studies,Common Core State Standards,CCSS.ELA-LITERACY.W.4.1,Supporting,"Tennessee content is primary; Common Core ELA standards support disciplinary reading, writing, speaking, and inquiry. NGSS is not applicable.",TN Social Studies 2024 PDF p.63
FF.G4.SS.12,Social Studies,NSQ Online Courses (2025),B1,Design Alignment,"The competency includes a measurable objective, standards alignment, aligned learning activity, valid assessment evidence, and options for demonstrating mastery.",NSQ Online Courses 2025
FF.G4.SS.12,Social Studies,NSQ Online Courses (2025),B2,Design Alignment,"The competency includes a measurable objective, standards alignment, aligned learning activity, valid assessment evidence, and options for demonstrating mastery.",NSQ Online Courses 2025
FF.G4.SS.12,Social Studies,NSQ Online Courses (2025),C2,Design Alignment,"The competency includes a measurable objective, standards alignment, aligned learning activity, valid assessment evidence, and options for demonstrating mastery.",NSQ Online Courses 2025
FF.G4.SS.12,Social Studies,NSQ Online Courses (2025),D1,Design Alignment,"The competency includes a measurable objective, standards alignment, aligned learning activity, valid assessment evidence, and options for demonstrating mastery.",NSQ Online Courses 2025
FF.G4.SS.12,Social Studies,NSQ Online Courses (2025),D2,Design Alignment,"The competency includes a measurable objective, standards alignment, aligned learning activity, valid assessment evidence, and options for demonstrating mastery.",NSQ Online Courses 2025
FF.G4.SS.12,Social Studies,NSQ Online Courses (2025),D4,Design Alignment,"The competency includes a measurable objective, standards alignment, aligned learning activity, valid assessment evidence, and options for demonstrating mastery.",NSQ Online Courses 2025
FF.G4.SS.13,Social Studies,Tennessee Academic Standards,4.32,Direct,"Tennessee content is primary; Common Core ELA standards support disciplinary reading, writing, speaking, and inquiry. NGSS is not applicable.",TN Social Studies 2024 PDF pp.63–64
FF.G4.SS.13,Social Studies,Tennessee Academic Standards,4.33,Direct,"Tennessee content is primary; Common Core ELA standards support disciplinary reading, writing, speaking, and inquiry. NGSS is not applicable.",TN Social Studies 2024 PDF pp.63–64
FF.G4.SS.13,Social Studies,Common Core State Standards,CCSS.ELA-LITERACY.RI.4.3,Supporting,"Tennessee content is primary; Common Core ELA standards support disciplinary reading, writing, speaking, and inquiry. NGSS is not applicable.",TN Social Studies 2024 PDF pp.63–64
FF.G4.SS.13,Social Studies,Common Core State Standards,CCSS.ELA-LITERACY.RI.4.7,Supporting,"Tennessee content is primary; Common Core ELA standards support disciplinary reading, writing, speaking, and inquiry. NGSS is not applicable.",TN Social Studies 2024 PDF pp.63–64
FF.G4.SS.13,Social Studies,NSQ Online Courses (2025),B1,Design Alignment,"The competency includes a measurable objective, standards alignment, aligned learning activity, valid assessment evidence, and options for demonstrating mastery.",NSQ Online Courses 2025
FF.G4.SS.13,Social Studies,NSQ Online Courses (2025),B2,Design Alignment,"The competency includes a measurable objective, standards alignment, aligned learning activity, valid assessment evidence, and options for demonstrating mastery.",NSQ Online Courses 2025
FF.G4.SS.13,Social Studies,NSQ Online Courses (2025),C2,Design Alignment,"The competency includes a measurable objective, standards alignment, aligned learning activity, valid assessment evidence, and options for demonstrating mastery.",NSQ Online Courses 2025
FF.G4.SS.13,Social Studies,NSQ Online Courses (2025),D1,Design Alignment,"The competency includes a measurable objective, standards alignment, aligned learning activity, valid assessment evidence, and options for demonstrating mastery.",NSQ Online Courses 2025
FF.G4.SS.13,Social Studies,NSQ Online Courses (2025),D2,Design Alignment,"The competency includes a measurable objective, standards alignment, aligned learning activity, valid assessment evidence, and options for demonstrating mastery.",NSQ Online Courses 2025
FF.G4.SS.13,Social Studies,NSQ Online Courses (2025),D4,Design Alignment,"The competency includes a measurable objective, standards alignment, aligned learning activity, valid assessment evidence, and options for demonstrating mastery.",NSQ Online Courses 2025
FF.G4.SS.14,Social Studies,Tennessee Academic Standards,4.34,Direct,"Tennessee content is primary; Common Core ELA standards support disciplinary reading, writing, speaking, and inquiry. NGSS is not applicable.",TN Social Studies 2024 PDF p.64
FF.G4.SS.14,Social Studies,Tennessee Academic Standards,4.35,Direct,"Tennessee content is primary; Common Core ELA standards support disciplinary reading, writing, speaking, and inquiry. NGSS is not applicable.",TN Social Studies 2024 PDF p.64
FF.G4.SS.14,Social Studies,Common Core State Standards,CCSS.ELA-LITERACY.RI.4.1,Supporting,"Tennessee content is primary; Common Core ELA standards support disciplinary reading, writing, speaking, and inquiry. NGSS is not applicable.",TN Social Studies 2024 PDF p.64
FF.G4.SS.14,Social Studies,Common Core State Standards,CCSS.ELA-LITERACY.RI.4.9,Supporting,"Tennessee content is primary; Common Core ELA standards support disciplinary reading, writing, speaking, and inquiry. NGSS is not applicable.",TN Social Studies 2024 PDF p.64
FF.G4.SS.14,Social Studies,Common Core State Standards,CCSS.ELA-LITERACY.W.4.1,Supporting,"Tennessee content is primary; Common Core ELA standards support disciplinary reading, writing, speaking, and inquiry. NGSS is not applicable.",TN Social Studies 2024 PDF p.64
FF.G4.SS.14,Social Studies,NSQ Online Courses (2025),B1,Design Alignment,"The competency includes a measurable objective, standards alignment, aligned learning activity, valid assessment evidence, and options for demonstrating mastery.",NSQ Online Courses 2025
FF.G4.SS.14,Social Studies,NSQ Online Courses (2025),B2,Design Alignment,"The competency includes a measurable objective, standards alignment, aligned learning activity, valid assessment evidence, and options for demonstrating mastery.",NSQ Online Courses 2025
FF.G4.SS.14,Social Studies,NSQ Online Courses (2025),C2,Design Alignment,"The competency includes a measurable objective, standards alignment, aligned learning activity, valid assessment evidence, and options for demonstrating mastery.",NSQ Online Courses 2025
FF.G4.SS.14,Social Studies,NSQ Online Courses (2025),D1,Design Alignment,"The competency includes a measurable objective, standards alignment, aligned learning activity, valid assessment evidence, and options for demonstrating mastery.",NSQ Online Courses 2025
FF.G4.SS.14,Social Studies,NSQ Online Courses (2025),D2,Design Alignment,"The competency includes a measurable objective, standards alignment, aligned learning activity, valid assessment evidence, and options for demonstrating mastery.",NSQ Online Courses 2025
FF.G4.SS.14,Social Studies,NSQ Online Courses (2025),D4,Design Alignment,"The competency includes a measurable objective, standards alignment, aligned learning activity, valid assessment evidence, and options for demonstrating mastery.",NSQ Online Courses 2025
FF.G4.SS.15,Social Studies,Tennessee Academic Standards,4.36,Direct,"Tennessee content is primary; Common Core ELA standards support disciplinary reading, writing, speaking, and inquiry. NGSS is not applicable.",TN Social Studies 2024 PDF p.65
FF.G4.SS.15,Social Studies,Tennessee Academic Standards,4.37,Direct,"Tennessee content is primary; Common Core ELA standards support disciplinary reading, writing, speaking, and inquiry. NGSS is not applicable.",TN Social Studies 2024 PDF p.65
FF.G4.SS.15,Social Studies,Tennessee Academic Standards,4.38,Direct,"Tennessee content is primary; Common Core ELA standards support disciplinary reading, writing, speaking, and inquiry. NGSS is not applicable.",TN Social Studies 2024 PDF p.65
FF.G4.SS.15,Social Studies,Common Core State Standards,CCSS.ELA-LITERACY.RI.4.3,Supporting,"Tennessee content is primary; Common Core ELA standards support disciplinary reading, writing, speaking, and inquiry. NGSS is not applicable.",TN Social Studies 2024 PDF p.65
FF.G4.SS.15,Social Studies,Common Core State Standards,CCSS.ELA-LITERACY.RI.4.7,Supporting,"Tennessee content is primary; Common Core ELA standards support disciplinary reading, writing, speaking, and inquiry. NGSS is not applicable.",TN Social Studies 2024 PDF p.65
FF.G4.SS.15,Social Studies,NSQ Online Courses (2025),B1,Design Alignment,"The competency includes a measurable objective, standards alignment, aligned learning activity, valid assessment evidence, and options for demonstrating mastery.",NSQ Online Courses 2025
FF.G4.SS.15,Social Studies,NSQ Online Courses (2025),B2,Design Alignment,"The competency includes a measurable objective, standards alignment, aligned learning activity, valid assessment evidence, and options for demonstrating mastery.",NSQ Online Courses 2025
FF.G4.SS.15,Social Studies,NSQ Online Courses (2025),C2,Design Alignment,"The competency includes a measurable objective, standards alignment, aligned learning activity, valid assessment evidence, and options for demonstrating mastery.",NSQ Online Courses 2025
FF.G4.SS.15,Social Studies,NSQ Online Courses (2025),D1,Design Alignment,"The competency includes a measurable objective, standards alignment, aligned learning activity, valid assessment evidence, and options for demonstrating mastery.",NSQ Online Courses 2025
FF.G4.SS.15,Social Studies,NSQ Online Courses (2025),D2,Design Alignment,"The competency includes a measurable objective, standards alignment, aligned learning activity, valid assessment evidence, and options for demonstrating mastery.",NSQ Online Courses 2025
FF.G4.SS.15,Social Studies,NSQ Online Courses (2025),D4,Design Alignment,"The competency includes a measurable objective, standards alignment, aligned learning activity, valid assessment evidence, and options for demonstrating mastery.",NSQ Online Courses 2025
FF.G4.SS.16,Social Studies,Tennessee Academic Standards,4.39,Direct,"Tennessee content is primary; Common Core ELA standards support disciplinary reading, writing, speaking, and inquiry. NGSS is not applicable.",TN Social Studies 2024 PDF p.65
FF.G4.SS.16,Social Studies,Tennessee Academic Standards,4.40,Direct,"Tennessee content is primary; Common Core ELA standards support disciplinary reading, writing, speaking, and inquiry. NGSS is not applicable.",TN Social Studies 2024 PDF p.65
FF.G4.SS.16,Social Studies,Common Core State Standards,CCSS.ELA-LITERACY.RI.4.1,Supporting,"Tennessee content is primary; Common Core ELA standards support disciplinary reading, writing, speaking, and inquiry. NGSS is not applicable.",TN Social Studies 2024 PDF p.65
FF.G4.SS.16,Social Studies,Common Core State Standards,CCSS.ELA-LITERACY.RI.4.6,Supporting,"Tennessee content is primary; Common Core ELA standards support disciplinary reading, writing, speaking, and inquiry. NGSS is not applicable.",TN Social Studies 2024 PDF p.65
FF.G4.SS.16,Social Studies,Common Core State Standards,CCSS.ELA-LITERACY.W.4.2,Supporting,"Tennessee content is primary; Common Core ELA standards support disciplinary reading, writing, speaking, and inquiry. NGSS is not applicable.",TN Social Studies 2024 PDF p.65
FF.G4.SS.16,Social Studies,NSQ Online Courses (2025),B1,Design Alignment,"The competency includes a measurable objective, standards alignment, aligned learning activity, valid assessment evidence, and options for demonstrating mastery.",NSQ Online Courses 2025
FF.G4.SS.16,Social Studies,NSQ Online Courses (2025),B2,Design Alignment,"The competency includes a measurable objective, standards alignment, aligned learning activity, valid assessment evidence, and options for demonstrating mastery.",NSQ Online Courses 2025
FF.G4.SS.16,Social Studies,NSQ Online Courses (2025),C2,Design Alignment,"The competency includes a measurable objective, standards alignment, aligned learning activity, valid assessment evidence, and options for demonstrating mastery.",NSQ Online Courses 2025
FF.G4.SS.16,Social Studies,NSQ Online Courses (2025),D1,Design Alignment,"The competency includes a measurable objective, standards alignment, aligned learning activity, valid assessment evidence, and options for demonstrating mastery.",NSQ Online Courses 2025
FF.G4.SS.16,Social Studies,NSQ Online Courses (2025),D2,Design Alignment,"The competency includes a measurable objective, standards alignment, aligned learning activity, valid assessment evidence, and options for demonstrating mastery.",NSQ Online Courses 2025
FF.G4.SS.16,Social Studies,NSQ Online Courses (2025),D4,Design Alignment,"The competency includes a measurable objective, standards alignment, aligned learning activity, valid assessment evidence, and options for demonstrating mastery.",NSQ Online Courses 2025
FF.G4.SS.17,Social Studies,Tennessee Academic Standards,4.41,Direct,"Tennessee content is primary; Common Core ELA standards support disciplinary reading, writing, speaking, and inquiry. NGSS is not applicable.",TN Social Studies 2024 PDF p.66
FF.G4.SS.17,Social Studies,Common Core State Standards,CCSS.ELA-LITERACY.RI.4.3,Supporting,"Tennessee content is primary; Common Core ELA standards support disciplinary reading, writing, speaking, and inquiry. NGSS is not applicable.",TN Social Studies 2024 PDF p.66
FF.G4.SS.17,Social Studies,Common Core State Standards,CCSS.ELA-LITERACY.RI.4.7,Supporting,"Tennessee content is primary; Common Core ELA standards support disciplinary reading, writing, speaking, and inquiry. NGSS is not applicable.",TN Social Studies 2024 PDF p.66
FF.G4.SS.17,Social Studies,NSQ Online Courses (2025),B1,Design Alignment,"The competency includes a measurable objective, standards alignment, aligned learning activity, valid assessment evidence, and options for demonstrating mastery.",NSQ Online Courses 2025
FF.G4.SS.17,Social Studies,NSQ Online Courses (2025),B2,Design Alignment,"The competency includes a measurable objective, standards alignment, aligned learning activity, valid assessment evidence, and options for demonstrating mastery.",NSQ Online Courses 2025
FF.G4.SS.17,Social Studies,NSQ Online Courses (2025),C2,Design Alignment,"The competency includes a measurable objective, standards alignment, aligned learning activity, valid assessment evidence, and options for demonstrating mastery.",NSQ Online Courses 2025
FF.G4.SS.17,Social Studies,NSQ Online Courses (2025),D1,Design Alignment,"The competency includes a measurable objective, standards alignment, aligned learning activity, valid assessment evidence, and options for demonstrating mastery.",NSQ Online Courses 2025
FF.G4.SS.17,Social Studies,NSQ Online Courses (2025),D2,Design Alignment,"The competency includes a measurable objective, standards alignment, aligned learning activity, valid assessment evidence, and options for demonstrating mastery.",NSQ Online Courses 2025
FF.G4.SS.17,Social Studies,NSQ Online Courses (2025),D4,Design Alignment,"The competency includes a measurable objective, standards alignment, aligned learning activity, valid assessment evidence, and options for demonstrating mastery.",NSQ Online Courses 2025
FF.G4.SS.18,Social Studies,Tennessee Academic Standards,4.42,Direct,"Tennessee content is primary; Common Core ELA standards support disciplinary reading, writing, speaking, and inquiry. NGSS is not applicable.",TN Social Studies 2024 PDF p.66
FF.G4.SS.18,Social Studies,Tennessee Academic Standards,4.43,Direct,"Tennessee content is primary; Common Core ELA standards support disciplinary reading, writing, speaking, and inquiry. NGSS is not applicable.",TN Social Studies 2024 PDF p.66
FF.G4.SS.18,Social Studies,Common Core State Standards,CCSS.ELA-LITERACY.RI.4.1,Supporting,"Tennessee content is primary; Common Core ELA standards support disciplinary reading, writing, speaking, and inquiry. NGSS is not applicable.",TN Social Studies 2024 PDF p.66
FF.G4.SS.18,Social Studies,Common Core State Standards,CCSS.ELA-LITERACY.RI.4.9,Supporting,"Tennessee content is primary; Common Core ELA standards support disciplinary reading, writing, speaking, and inquiry. NGSS is not applicable.",TN Social Studies 2024 PDF p.66
FF.G4.SS.18,Social Studies,Common Core State Standards,CCSS.ELA-LITERACY.W.4.1,Supporting,"Tennessee content is primary; Common Core ELA standards support disciplinary reading, writing, speaking, and inquiry. NGSS is not applicable.",TN Social Studies 2024 PDF p.66
FF.G4.SS.18,Social Studies,Common Core State Standards,CCSS.ELA-LITERACY.SL.4.4,Supporting,"Tennessee content is primary; Common Core ELA standards support disciplinary reading, writing, speaking, and inquiry. NGSS is not applicable.",TN Social Studies 2024 PDF p.66
FF.G4.SS.18,Social Studies,NSQ Online Courses (2025),B1,Design Alignment,"The competency includes a measurable objective, standards alignment, aligned learning activity, valid assessment evidence, and options for demonstrating mastery.",NSQ Online Courses 2025
FF.G4.SS.18,Social Studies,NSQ Online Courses (2025),B2,Design Alignment,"The competency includes a measurable objective, standards alignment, aligned learning activity, valid assessment evidence, and options for demonstrating mastery.",NSQ Online Courses 2025
FF.G4.SS.18,Social Studies,NSQ Online Courses (2025),C2,Design Alignment,"The competency includes a measurable objective, standards alignment, aligned learning activity, valid assessment evidence, and options for demonstrating mastery.",NSQ Online Courses 2025
FF.G4.SS.18,Social Studies,NSQ Online Courses (2025),D1,Design Alignment,"The competency includes a measurable objective, standards alignment, aligned learning activity, valid assessment evidence, and options for demonstrating mastery.",NSQ Online Courses 2025
FF.G4.SS.18,Social Studies,NSQ Online Courses (2025),D2,Design Alignment,"The competency includes a measurable objective, standards alignment, aligned learning activity, valid assessment evidence, and options for demonstrating mastery.",NSQ Online Courses 2025
FF.G4.SS.18,Social Studies,NSQ Online Courses (2025),D4,Design Alignment,"The competency includes a measurable objective, standards alignment, aligned learning activity, valid assessment evidence, and options for demonstrating mastery.",NSQ Online Courses 2025
FF.G5.ELA.01,English Language Arts,Tennessee Academic Standards,5.FL.F.5,Direct,Tennessee and Common Core Grade 5 expectations are directly aligned for read fluently for meaning.,TN ELA PDF p.13; CCSS ELA Grade 5 RF
FF.G5.ELA.01,English Language Arts,Common Core State Standards,CCSS.ELA-LITERACY.RF.5.4,Direct,Tennessee and Common Core Grade 5 expectations are directly aligned for read fluently for meaning.,TN ELA PDF p.13; CCSS ELA Grade 5 RF
FF.G5.ELA.01,English Language Arts,NSQ Online Courses (2025),B1,Design Alignment,"The competency supports measurable objectives, aligned learning activities, valid assessment evidence, learner interaction, and accessible options for demonstrating mastery.",NSQ Online Courses 2025
FF.G5.ELA.01,English Language Arts,NSQ Online Courses (2025),B2,Design Alignment,"The competency supports measurable objectives, aligned learning activities, valid assessment evidence, learner interaction, and accessible options for demonstrating mastery.",NSQ Online Courses 2025
FF.G5.ELA.01,English Language Arts,NSQ Online Courses (2025),C2,Design Alignment,"The competency supports measurable objectives, aligned learning activities, valid assessment evidence, learner interaction, and accessible options for demonstrating mastery.",NSQ Online Courses 2025
FF.G5.ELA.01,English Language Arts,NSQ Online Courses (2025),D1,Design Alignment,"The competency supports measurable objectives, aligned learning activities, valid assessment evidence, learner interaction, and accessible options for demonstrating mastery.",NSQ Online Courses 2025
FF.G5.ELA.01,English Language Arts,NSQ Online Courses (2025),D2,Design Alignment,"The competency supports measurable objectives, aligned learning activities, valid assessment evidence, learner interaction, and accessible options for demonstrating mastery.",NSQ Online Courses 2025
FF.G5.ELA.01,English Language Arts,NSQ Online Courses (2025),D4,Design Alignment,"The competency supports measurable objectives, aligned learning activities, valid assessment evidence, learner interaction, and accessible options for demonstrating mastery.",NSQ Online Courses 2025
FF.G5.ELA.02,English Language Arts,Tennessee Academic Standards,5.FL.SC.6,Direct,Tennessee and Common Core Grade 5 expectations are directly aligned for use standard grammar and usage.,TN ELA PDF p.14; CCSS ELA Grade 5 L
FF.G5.ELA.02,English Language Arts,Common Core State Standards,CCSS.ELA-LITERACY.L.5.1,Direct,Tennessee and Common Core Grade 5 expectations are directly aligned for use standard grammar and usage.,TN ELA PDF p.14; CCSS ELA Grade 5 L
FF.G5.ELA.02,English Language Arts,NSQ Online Courses (2025),B1,Design Alignment,"The competency supports measurable objectives, aligned learning activities, valid assessment evidence, learner interaction, and accessible options for demonstrating mastery.",NSQ Online Courses 2025
FF.G5.ELA.02,English Language Arts,NSQ Online Courses (2025),B2,Design Alignment,"The competency supports measurable objectives, aligned learning activities, valid assessment evidence, learner interaction, and accessible options for demonstrating mastery.",NSQ Online Courses 2025
FF.G5.ELA.02,English Language Arts,NSQ Online Courses (2025),C2,Design Alignment,"The competency supports measurable objectives, aligned learning activities, valid assessment evidence, learner interaction, and accessible options for demonstrating mastery.",NSQ Online Courses 2025
FF.G5.ELA.02,English Language Arts,NSQ Online Courses (2025),D1,Design Alignment,"The competency supports measurable objectives, aligned learning activities, valid assessment evidence, learner interaction, and accessible options for demonstrating mastery.",NSQ Online Courses 2025
FF.G5.ELA.02,English Language Arts,NSQ Online Courses (2025),D2,Design Alignment,"The competency supports measurable objectives, aligned learning activities, valid assessment evidence, learner interaction, and accessible options for demonstrating mastery.",NSQ Online Courses 2025
FF.G5.ELA.02,English Language Arts,NSQ Online Courses (2025),D4,Design Alignment,"The competency supports measurable objectives, aligned learning activities, valid assessment evidence, learner interaction, and accessible options for demonstrating mastery.",NSQ Online Courses 2025
FF.G5.ELA.03,English Language Arts,Tennessee Academic Standards,5.FL.SC.6,Direct,"Tennessee and Common Core Grade 5 expectations are directly aligned for apply capitalization, punctuation, and spelling.",TN ELA PDF p.14; CCSS ELA Grade 5 L
FF.G5.ELA.03,English Language Arts,Common Core State Standards,CCSS.ELA-LITERACY.L.5.2,Direct,"Tennessee and Common Core Grade 5 expectations are directly aligned for apply capitalization, punctuation, and spelling.",TN ELA PDF p.14; CCSS ELA Grade 5 L
FF.G5.ELA.03,English Language Arts,NSQ Online Courses (2025),B1,Design Alignment,"The competency supports measurable objectives, aligned learning activities, valid assessment evidence, learner interaction, and accessible options for demonstrating mastery.",NSQ Online Courses 2025
FF.G5.ELA.03,English Language Arts,NSQ Online Courses (2025),B2,Design Alignment,"The competency supports measurable objectives, aligned learning activities, valid assessment evidence, learner interaction, and accessible options for demonstrating mastery.",NSQ Online Courses 2025
FF.G5.ELA.03,English Language Arts,NSQ Online Courses (2025),C2,Design Alignment,"The competency supports measurable objectives, aligned learning activities, valid assessment evidence, learner interaction, and accessible options for demonstrating mastery.",NSQ Online Courses 2025
FF.G5.ELA.03,English Language Arts,NSQ Online Courses (2025),D1,Design Alignment,"The competency supports measurable objectives, aligned learning activities, valid assessment evidence, learner interaction, and accessible options for demonstrating mastery.",NSQ Online Courses 2025
FF.G5.ELA.03,English Language Arts,NSQ Online Courses (2025),D2,Design Alignment,"The competency supports measurable objectives, aligned learning activities, valid assessment evidence, learner interaction, and accessible options for demonstrating mastery.",NSQ Online Courses 2025
FF.G5.ELA.03,English Language Arts,NSQ Online Courses (2025),D4,Design Alignment,"The competency supports measurable objectives, aligned learning activities, valid assessment evidence, learner interaction, and accessible options for demonstrating mastery.",NSQ Online Courses 2025
FF.G5.ELA.04,English Language Arts,Tennessee Academic Standards,5.FL.VA.7a,Direct,Tennessee and Common Core Grade 5 expectations are directly aligned for determine word meaning in context.,TN ELA PDF p.16; CCSS ELA Grade 5 L
FF.G5.ELA.04,English Language Arts,Common Core State Standards,CCSS.ELA-LITERACY.L.5.4,Direct,Tennessee and Common Core Grade 5 expectations are directly aligned for determine word meaning in context.,TN ELA PDF p.16; CCSS ELA Grade 5 L
FF.G5.ELA.04,English Language Arts,NSQ Online Courses (2025),B1,Design Alignment,"The competency supports measurable objectives, aligned learning activities, valid assessment evidence, learner interaction, and accessible options for demonstrating mastery.",NSQ Online Courses 2025
FF.G5.ELA.04,English Language Arts,NSQ Online Courses (2025),B2,Design Alignment,"The competency supports measurable objectives, aligned learning activities, valid assessment evidence, learner interaction, and accessible options for demonstrating mastery.",NSQ Online Courses 2025
FF.G5.ELA.04,English Language Arts,NSQ Online Courses (2025),C2,Design Alignment,"The competency supports measurable objectives, aligned learning activities, valid assessment evidence, learner interaction, and accessible options for demonstrating mastery.",NSQ Online Courses 2025
FF.G5.ELA.04,English Language Arts,NSQ Online Courses (2025),D1,Design Alignment,"The competency supports measurable objectives, aligned learning activities, valid assessment evidence, learner interaction, and accessible options for demonstrating mastery.",NSQ Online Courses 2025
FF.G5.ELA.04,English Language Arts,NSQ Online Courses (2025),D2,Design Alignment,"The competency supports measurable objectives, aligned learning activities, valid assessment evidence, learner interaction, and accessible options for demonstrating mastery.",NSQ Online Courses 2025
FF.G5.ELA.04,English Language Arts,NSQ Online Courses (2025),D4,Design Alignment,"The competency supports measurable objectives, aligned learning activities, valid assessment evidence, learner interaction, and accessible options for demonstrating mastery.",NSQ Online Courses 2025
FF.G5.ELA.05,English Language Arts,Tennessee Academic Standards,5.FL.VA.7b,Direct,Tennessee and Common Core Grade 5 expectations are directly aligned for interpret figurative language and word relationships.,TN ELA PDF p.16; CCSS ELA Grade 5 L
FF.G5.ELA.05,English Language Arts,Common Core State Standards,CCSS.ELA-LITERACY.L.5.5,Direct,Tennessee and Common Core Grade 5 expectations are directly aligned for interpret figurative language and word relationships.,TN ELA PDF p.16; CCSS ELA Grade 5 L
FF.G5.ELA.05,English Language Arts,NSQ Online Courses (2025),B1,Design Alignment,"The competency supports measurable objectives, aligned learning activities, valid assessment evidence, learner interaction, and accessible options for demonstrating mastery.",NSQ Online Courses 2025
FF.G5.ELA.05,English Language Arts,NSQ Online Courses (2025),B2,Design Alignment,"The competency supports measurable objectives, aligned learning activities, valid assessment evidence, learner interaction, and accessible options for demonstrating mastery.",NSQ Online Courses 2025
FF.G5.ELA.05,English Language Arts,NSQ Online Courses (2025),C2,Design Alignment,"The competency supports measurable objectives, aligned learning activities, valid assessment evidence, learner interaction, and accessible options for demonstrating mastery.",NSQ Online Courses 2025
FF.G5.ELA.05,English Language Arts,NSQ Online Courses (2025),D1,Design Alignment,"The competency supports measurable objectives, aligned learning activities, valid assessment evidence, learner interaction, and accessible options for demonstrating mastery.",NSQ Online Courses 2025
FF.G5.ELA.05,English Language Arts,NSQ Online Courses (2025),D2,Design Alignment,"The competency supports measurable objectives, aligned learning activities, valid assessment evidence, learner interaction, and accessible options for demonstrating mastery.",NSQ Online Courses 2025
FF.G5.ELA.05,English Language Arts,NSQ Online Courses (2025),D4,Design Alignment,"The competency supports measurable objectives, aligned learning activities, valid assessment evidence, learner interaction, and accessible options for demonstrating mastery.",NSQ Online Courses 2025
FF.G5.ELA.06,English Language Arts,Tennessee Academic Standards,5.FL.VA.7c,Direct,Tennessee and Common Core Grade 5 expectations are directly aligned for acquire academic and domain vocabulary.,TN ELA PDF p.16; CCSS ELA Grade 5 L
FF.G5.ELA.06,English Language Arts,Common Core State Standards,CCSS.ELA-LITERACY.L.5.6,Direct,Tennessee and Common Core Grade 5 expectations are directly aligned for acquire academic and domain vocabulary.,TN ELA PDF p.16; CCSS ELA Grade 5 L
FF.G5.ELA.06,English Language Arts,NSQ Online Courses (2025),B1,Design Alignment,"The competency supports measurable objectives, aligned learning activities, valid assessment evidence, learner interaction, and accessible options for demonstrating mastery.",NSQ Online Courses 2025
FF.G5.ELA.06,English Language Arts,NSQ Online Courses (2025),B2,Design Alignment,"The competency supports measurable objectives, aligned learning activities, valid assessment evidence, learner interaction, and accessible options for demonstrating mastery.",NSQ Online Courses 2025
FF.G5.ELA.06,English Language Arts,NSQ Online Courses (2025),C2,Design Alignment,"The competency supports measurable objectives, aligned learning activities, valid assessment evidence, learner interaction, and accessible options for demonstrating mastery.",NSQ Online Courses 2025
FF.G5.ELA.06,English Language Arts,NSQ Online Courses (2025),D1,Design Alignment,"The competency supports measurable objectives, aligned learning activities, valid assessment evidence, learner interaction, and accessible options for demonstrating mastery.",NSQ Online Courses 2025
FF.G5.ELA.06,English Language Arts,NSQ Online Courses (2025),D2,Design Alignment,"The competency supports measurable objectives, aligned learning activities, valid assessment evidence, learner interaction, and accessible options for demonstrating mastery.",NSQ Online Courses 2025
FF.G5.ELA.06,English Language Arts,NSQ Online Courses (2025),D4,Design Alignment,"The competency supports measurable objectives, aligned learning activities, valid assessment evidence, learner interaction, and accessible options for demonstrating mastery.",NSQ Online Courses 2025
FF.G5.ELA.07,English Language Arts,Tennessee Academic Standards,5.RL.KID.1,Direct,Tennessee and Common Core Grade 5 expectations are directly aligned for quote accurately and make inferences.,TN ELA PDF p.29; CCSS ELA Grade 5 RL
FF.G5.ELA.07,English Language Arts,Common Core State Standards,CCSS.ELA-LITERACY.RL.5.1,Direct,Tennessee and Common Core Grade 5 expectations are directly aligned for quote accurately and make inferences.,TN ELA PDF p.29; CCSS ELA Grade 5 RL
FF.G5.ELA.07,English Language Arts,NSQ Online Courses (2025),B1,Design Alignment,"The competency supports measurable objectives, aligned learning activities, valid assessment evidence, learner interaction, and accessible options for demonstrating mastery.",NSQ Online Courses 2025
FF.G5.ELA.07,English Language Arts,NSQ Online Courses (2025),B2,Design Alignment,"The competency supports measurable objectives, aligned learning activities, valid assessment evidence, learner interaction, and accessible options for demonstrating mastery.",NSQ Online Courses 2025
FF.G5.ELA.07,English Language Arts,NSQ Online Courses (2025),C2,Design Alignment,"The competency supports measurable objectives, aligned learning activities, valid assessment evidence, learner interaction, and accessible options for demonstrating mastery.",NSQ Online Courses 2025
FF.G5.ELA.07,English Language Arts,NSQ Online Courses (2025),D1,Design Alignment,"The competency supports measurable objectives, aligned learning activities, valid assessment evidence, learner interaction, and accessible options for demonstrating mastery.",NSQ Online Courses 2025
FF.G5.ELA.07,English Language Arts,NSQ Online Courses (2025),D2,Design Alignment,"The competency supports measurable objectives, aligned learning activities, valid assessment evidence, learner interaction, and accessible options for demonstrating mastery.",NSQ Online Courses 2025
FF.G5.ELA.07,English Language Arts,NSQ Online Courses (2025),D4,Design Alignment,"The competency supports measurable objectives, aligned learning activities, valid assessment evidence, learner interaction, and accessible options for demonstrating mastery.",NSQ Online Courses 2025
FF.G5.ELA.08,English Language Arts,Tennessee Academic Standards,5.RL.KID.2,Direct,Tennessee and Common Core Grade 5 expectations are directly aligned for determine theme and summarize.,TN ELA PDF p.30; CCSS ELA Grade 5 RL
FF.G5.ELA.08,English Language Arts,Common Core State Standards,CCSS.ELA-LITERACY.RL.5.2,Direct,Tennessee and Common Core Grade 5 expectations are directly aligned for determine theme and summarize.,TN ELA PDF p.30; CCSS ELA Grade 5 RL
FF.G5.ELA.08,English Language Arts,NSQ Online Courses (2025),B1,Design Alignment,"The competency supports measurable objectives, aligned learning activities, valid assessment evidence, learner interaction, and accessible options for demonstrating mastery.",NSQ Online Courses 2025
FF.G5.ELA.08,English Language Arts,NSQ Online Courses (2025),B2,Design Alignment,"The competency supports measurable objectives, aligned learning activities, valid assessment evidence, learner interaction, and accessible options for demonstrating mastery.",NSQ Online Courses 2025
FF.G5.ELA.08,English Language Arts,NSQ Online Courses (2025),C2,Design Alignment,"The competency supports measurable objectives, aligned learning activities, valid assessment evidence, learner interaction, and accessible options for demonstrating mastery.",NSQ Online Courses 2025
FF.G5.ELA.08,English Language Arts,NSQ Online Courses (2025),D1,Design Alignment,"The competency supports measurable objectives, aligned learning activities, valid assessment evidence, learner interaction, and accessible options for demonstrating mastery.",NSQ Online Courses 2025
FF.G5.ELA.08,English Language Arts,NSQ Online Courses (2025),D2,Design Alignment,"The competency supports measurable objectives, aligned learning activities, valid assessment evidence, learner interaction, and accessible options for demonstrating mastery.",NSQ Online Courses 2025
FF.G5.ELA.08,English Language Arts,NSQ Online Courses (2025),D4,Design Alignment,"The competency supports measurable objectives, aligned learning activities, valid assessment evidence, learner interaction, and accessible options for demonstrating mastery.",NSQ Online Courses 2025
FF.G5.ELA.09,English Language Arts,Tennessee Academic Standards,5.RL.KID.3,Direct,Tennessee and Common Core Grade 5 expectations are directly aligned for compare story elements.,TN ELA PDF p.31; CCSS ELA Grade 5 RL
FF.G5.ELA.09,English Language Arts,Common Core State Standards,CCSS.ELA-LITERACY.RL.5.3,Direct,Tennessee and Common Core Grade 5 expectations are directly aligned for compare story elements.,TN ELA PDF p.31; CCSS ELA Grade 5 RL
FF.G5.ELA.09,English Language Arts,NSQ Online Courses (2025),B1,Design Alignment,"The competency supports measurable objectives, aligned learning activities, valid assessment evidence, learner interaction, and accessible options for demonstrating mastery.",NSQ Online Courses 2025
FF.G5.ELA.09,English Language Arts,NSQ Online Courses (2025),B2,Design Alignment,"The competency supports measurable objectives, aligned learning activities, valid assessment evidence, learner interaction, and accessible options for demonstrating mastery.",NSQ Online Courses 2025
FF.G5.ELA.09,English Language Arts,NSQ Online Courses (2025),C2,Design Alignment,"The competency supports measurable objectives, aligned learning activities, valid assessment evidence, learner interaction, and accessible options for demonstrating mastery.",NSQ Online Courses 2025
FF.G5.ELA.09,English Language Arts,NSQ Online Courses (2025),D1,Design Alignment,"The competency supports measurable objectives, aligned learning activities, valid assessment evidence, learner interaction, and accessible options for demonstrating mastery.",NSQ Online Courses 2025
FF.G5.ELA.09,English Language Arts,NSQ Online Courses (2025),D2,Design Alignment,"The competency supports measurable objectives, aligned learning activities, valid assessment evidence, learner interaction, and accessible options for demonstrating mastery.",NSQ Online Courses 2025
FF.G5.ELA.09,English Language Arts,NSQ Online Courses (2025),D4,Design Alignment,"The competency supports measurable objectives, aligned learning activities, valid assessment evidence, learner interaction, and accessible options for demonstrating mastery.",NSQ Online Courses 2025
FF.G5.ELA.10,English Language Arts,Tennessee Academic Standards,5.RL.CS.4,Direct,"Tennessee and Common Core Grade 5 expectations are directly aligned for analyze literary craft, structure, and viewpoint.",TN ELA PDF pp.33–35; CCSS ELA Grade 5 RL
FF.G5.ELA.10,English Language Arts,Tennessee Academic Standards,5.RL.CS.5,Direct,"Tennessee and Common Core Grade 5 expectations are directly aligned for analyze literary craft, structure, and viewpoint.",TN ELA PDF pp.33–35; CCSS ELA Grade 5 RL
FF.G5.ELA.10,English Language Arts,Tennessee Academic Standards,5.RL.CS.6,Direct,"Tennessee and Common Core Grade 5 expectations are directly aligned for analyze literary craft, structure, and viewpoint.",TN ELA PDF pp.33–35; CCSS ELA Grade 5 RL
FF.G5.ELA.10,English Language Arts,Common Core State Standards,CCSS.ELA-LITERACY.RL.5.4,Direct,"Tennessee and Common Core Grade 5 expectations are directly aligned for analyze literary craft, structure, and viewpoint.",TN ELA PDF pp.33–35; CCSS ELA Grade 5 RL
FF.G5.ELA.10,English Language Arts,Common Core State Standards,CCSS.ELA-LITERACY.RL.5.5,Direct,"Tennessee and Common Core Grade 5 expectations are directly aligned for analyze literary craft, structure, and viewpoint.",TN ELA PDF pp.33–35; CCSS ELA Grade 5 RL
FF.G5.ELA.10,English Language Arts,Common Core State Standards,CCSS.ELA-LITERACY.RL.5.6,Direct,"Tennessee and Common Core Grade 5 expectations are directly aligned for analyze literary craft, structure, and viewpoint.",TN ELA PDF pp.33–35; CCSS ELA Grade 5 RL
FF.G5.ELA.10,English Language Arts,NSQ Online Courses (2025),B1,Design Alignment,"The competency supports measurable objectives, aligned learning activities, valid assessment evidence, learner interaction, and accessible options for demonstrating mastery.",NSQ Online Courses 2025
FF.G5.ELA.10,English Language Arts,NSQ Online Courses (2025),B2,Design Alignment,"The competency supports measurable objectives, aligned learning activities, valid assessment evidence, learner interaction, and accessible options for demonstrating mastery.",NSQ Online Courses 2025
FF.G5.ELA.10,English Language Arts,NSQ Online Courses (2025),C2,Design Alignment,"The competency supports measurable objectives, aligned learning activities, valid assessment evidence, learner interaction, and accessible options for demonstrating mastery.",NSQ Online Courses 2025
FF.G5.ELA.10,English Language Arts,NSQ Online Courses (2025),D1,Design Alignment,"The competency supports measurable objectives, aligned learning activities, valid assessment evidence, learner interaction, and accessible options for demonstrating mastery.",NSQ Online Courses 2025
FF.G5.ELA.10,English Language Arts,NSQ Online Courses (2025),D2,Design Alignment,"The competency supports measurable objectives, aligned learning activities, valid assessment evidence, learner interaction, and accessible options for demonstrating mastery.",NSQ Online Courses 2025
FF.G5.ELA.10,English Language Arts,NSQ Online Courses (2025),D4,Design Alignment,"The competency supports measurable objectives, aligned learning activities, valid assessment evidence, learner interaction, and accessible options for demonstrating mastery.",NSQ Online Courses 2025
FF.G5.ELA.11,English Language Arts,Tennessee Academic Standards,5.RL.IKI.7,Direct,Tennessee and Common Core Grade 5 expectations are directly aligned for integrate representations and compare texts.,"TN ELA PDF pp.36, 39; CCSS ELA Grade 5 RL"
FF.G5.ELA.11,English Language Arts,Tennessee Academic Standards,5.RL.IKI.9,Direct,Tennessee and Common Core Grade 5 expectations are directly aligned for integrate representations and compare texts.,"TN ELA PDF pp.36, 39; CCSS ELA Grade 5 RL"
FF.G5.ELA.11,English Language Arts,Common Core State Standards,CCSS.ELA-LITERACY.RL.5.7,Direct,Tennessee and Common Core Grade 5 expectations are directly aligned for integrate representations and compare texts.,"TN ELA PDF pp.36, 39; CCSS ELA Grade 5 RL"
FF.G5.ELA.11,English Language Arts,Common Core State Standards,CCSS.ELA-LITERACY.RL.5.9,Direct,Tennessee and Common Core Grade 5 expectations are directly aligned for integrate representations and compare texts.,"TN ELA PDF pp.36, 39; CCSS ELA Grade 5 RL"
FF.G5.ELA.11,English Language Arts,NSQ Online Courses (2025),B1,Design Alignment,"The competency supports measurable objectives, aligned learning activities, valid assessment evidence, learner interaction, and accessible options for demonstrating mastery.",NSQ Online Courses 2025
FF.G5.ELA.11,English Language Arts,NSQ Online Courses (2025),B2,Design Alignment,"The competency supports measurable objectives, aligned learning activities, valid assessment evidence, learner interaction, and accessible options for demonstrating mastery.",NSQ Online Courses 2025
FF.G5.ELA.11,English Language Arts,NSQ Online Courses (2025),C2,Design Alignment,"The competency supports measurable objectives, aligned learning activities, valid assessment evidence, learner interaction, and accessible options for demonstrating mastery.",NSQ Online Courses 2025
FF.G5.ELA.11,English Language Arts,NSQ Online Courses (2025),D1,Design Alignment,"The competency supports measurable objectives, aligned learning activities, valid assessment evidence, learner interaction, and accessible options for demonstrating mastery.",NSQ Online Courses 2025
FF.G5.ELA.11,English Language Arts,NSQ Online Courses (2025),D2,Design Alignment,"The competency supports measurable objectives, aligned learning activities, valid assessment evidence, learner interaction, and accessible options for demonstrating mastery.",NSQ Online Courses 2025
FF.G5.ELA.11,English Language Arts,NSQ Online Courses (2025),D4,Design Alignment,"The competency supports measurable objectives, aligned learning activities, valid assessment evidence, learner interaction, and accessible options for demonstrating mastery.",NSQ Online Courses 2025
FF.G5.ELA.12,English Language Arts,Tennessee Academic Standards,5.RI.KID.1,Direct,"Tennessee and Common Core Grade 5 expectations are directly aligned for explain evidence, central ideas, and relationships.",TN ELA PDF pp.29–31; CCSS ELA Grade 5 RI
FF.G5.ELA.12,English Language Arts,Tennessee Academic Standards,5.RI.KID.2,Direct,"Tennessee and Common Core Grade 5 expectations are directly aligned for explain evidence, central ideas, and relationships.",TN ELA PDF pp.29–31; CCSS ELA Grade 5 RI
FF.G5.ELA.12,English Language Arts,Tennessee Academic Standards,5.RI.KID.3,Direct,"Tennessee and Common Core Grade 5 expectations are directly aligned for explain evidence, central ideas, and relationships.",TN ELA PDF pp.29–31; CCSS ELA Grade 5 RI
FF.G5.ELA.12,English Language Arts,Common Core State Standards,CCSS.ELA-LITERACY.RI.5.1,Direct,"Tennessee and Common Core Grade 5 expectations are directly aligned for explain evidence, central ideas, and relationships.",TN ELA PDF pp.29–31; CCSS ELA Grade 5 RI
FF.G5.ELA.12,English Language Arts,Common Core State Standards,CCSS.ELA-LITERACY.RI.5.2,Direct,"Tennessee and Common Core Grade 5 expectations are directly aligned for explain evidence, central ideas, and relationships.",TN ELA PDF pp.29–31; CCSS ELA Grade 5 RI
FF.G5.ELA.12,English Language Arts,Common Core State Standards,CCSS.ELA-LITERACY.RI.5.3,Direct,"Tennessee and Common Core Grade 5 expectations are directly aligned for explain evidence, central ideas, and relationships.",TN ELA PDF pp.29–31; CCSS ELA Grade 5 RI
FF.G5.ELA.12,English Language Arts,NSQ Online Courses (2025),B1,Design Alignment,"The competency supports measurable objectives, aligned learning activities, valid assessment evidence, learner interaction, and accessible options for demonstrating mastery.",NSQ Online Courses 2025
FF.G5.ELA.12,English Language Arts,NSQ Online Courses (2025),B2,Design Alignment,"The competency supports measurable objectives, aligned learning activities, valid assessment evidence, learner interaction, and accessible options for demonstrating mastery.",NSQ Online Courses 2025
FF.G5.ELA.12,English Language Arts,NSQ Online Courses (2025),C2,Design Alignment,"The competency supports measurable objectives, aligned learning activities, valid assessment evidence, learner interaction, and accessible options for demonstrating mastery.",NSQ Online Courses 2025
FF.G5.ELA.12,English Language Arts,NSQ Online Courses (2025),D1,Design Alignment,"The competency supports measurable objectives, aligned learning activities, valid assessment evidence, learner interaction, and accessible options for demonstrating mastery.",NSQ Online Courses 2025
FF.G5.ELA.12,English Language Arts,NSQ Online Courses (2025),D2,Design Alignment,"The competency supports measurable objectives, aligned learning activities, valid assessment evidence, learner interaction, and accessible options for demonstrating mastery.",NSQ Online Courses 2025
FF.G5.ELA.12,English Language Arts,NSQ Online Courses (2025),D4,Design Alignment,"The competency supports measurable objectives, aligned learning activities, valid assessment evidence, learner interaction, and accessible options for demonstrating mastery.",NSQ Online Courses 2025
FF.G5.ELA.13,English Language Arts,Tennessee Academic Standards,5.RI.CS.4,Direct,"Tennessee and Common Core Grade 5 expectations are directly aligned for analyze informational craft, structure, and accounts.",TN ELA PDF pp.33–35; CCSS ELA Grade 5 RI
FF.G5.ELA.13,English Language Arts,Tennessee Academic Standards,5.RI.CS.5,Direct,"Tennessee and Common Core Grade 5 expectations are directly aligned for analyze informational craft, structure, and accounts.",TN ELA PDF pp.33–35; CCSS ELA Grade 5 RI
FF.G5.ELA.13,English Language Arts,Tennessee Academic Standards,5.RI.CS.6,Direct,"Tennessee and Common Core Grade 5 expectations are directly aligned for analyze informational craft, structure, and accounts.",TN ELA PDF pp.33–35; CCSS ELA Grade 5 RI
FF.G5.ELA.13,English Language Arts,Common Core State Standards,CCSS.ELA-LITERACY.RI.5.4,Direct,"Tennessee and Common Core Grade 5 expectations are directly aligned for analyze informational craft, structure, and accounts.",TN ELA PDF pp.33–35; CCSS ELA Grade 5 RI
FF.G5.ELA.13,English Language Arts,Common Core State Standards,CCSS.ELA-LITERACY.RI.5.5,Direct,"Tennessee and Common Core Grade 5 expectations are directly aligned for analyze informational craft, structure, and accounts.",TN ELA PDF pp.33–35; CCSS ELA Grade 5 RI
FF.G5.ELA.13,English Language Arts,Common Core State Standards,CCSS.ELA-LITERACY.RI.5.6,Direct,"Tennessee and Common Core Grade 5 expectations are directly aligned for analyze informational craft, structure, and accounts.",TN ELA PDF pp.33–35; CCSS ELA Grade 5 RI
FF.G5.ELA.13,English Language Arts,NSQ Online Courses (2025),B1,Design Alignment,"The competency supports measurable objectives, aligned learning activities, valid assessment evidence, learner interaction, and accessible options for demonstrating mastery.",NSQ Online Courses 2025
FF.G5.ELA.13,English Language Arts,NSQ Online Courses (2025),B2,Design Alignment,"The competency supports measurable objectives, aligned learning activities, valid assessment evidence, learner interaction, and accessible options for demonstrating mastery.",NSQ Online Courses 2025
FF.G5.ELA.13,English Language Arts,NSQ Online Courses (2025),C2,Design Alignment,"The competency supports measurable objectives, aligned learning activities, valid assessment evidence, learner interaction, and accessible options for demonstrating mastery.",NSQ Online Courses 2025
FF.G5.ELA.13,English Language Arts,NSQ Online Courses (2025),D1,Design Alignment,"The competency supports measurable objectives, aligned learning activities, valid assessment evidence, learner interaction, and accessible options for demonstrating mastery.",NSQ Online Courses 2025
FF.G5.ELA.13,English Language Arts,NSQ Online Courses (2025),D2,Design Alignment,"The competency supports measurable objectives, aligned learning activities, valid assessment evidence, learner interaction, and accessible options for demonstrating mastery.",NSQ Online Courses 2025
FF.G5.ELA.13,English Language Arts,NSQ Online Courses (2025),D4,Design Alignment,"The competency supports measurable objectives, aligned learning activities, valid assessment evidence, learner interaction, and accessible options for demonstrating mastery.",NSQ Online Courses 2025
FF.G5.ELA.14,English Language Arts,Tennessee Academic Standards,5.RI.IKI.7,Direct,Tennessee and Common Core Grade 5 expectations are directly aligned for integrate evidence across formats and sources.,"TN ELA PDF pp.36, 38–39; CCSS ELA Grade 5 RI"
FF.G5.ELA.14,English Language Arts,Tennessee Academic Standards,5.RI.IKI.8,Direct,Tennessee and Common Core Grade 5 expectations are directly aligned for integrate evidence across formats and sources.,"TN ELA PDF pp.36, 38–39; CCSS ELA Grade 5 RI"
FF.G5.ELA.14,English Language Arts,Tennessee Academic Standards,5.RI.IKI.9,Direct,Tennessee and Common Core Grade 5 expectations are directly aligned for integrate evidence across formats and sources.,"TN ELA PDF pp.36, 38–39; CCSS ELA Grade 5 RI"
FF.G5.ELA.14,English Language Arts,Common Core State Standards,CCSS.ELA-LITERACY.RI.5.7,Direct,Tennessee and Common Core Grade 5 expectations are directly aligned for integrate evidence across formats and sources.,"TN ELA PDF pp.36, 38–39; CCSS ELA Grade 5 RI"
FF.G5.ELA.14,English Language Arts,Common Core State Standards,CCSS.ELA-LITERACY.RI.5.8,Direct,Tennessee and Common Core Grade 5 expectations are directly aligned for integrate evidence across formats and sources.,"TN ELA PDF pp.36, 38–39; CCSS ELA Grade 5 RI"
FF.G5.ELA.14,English Language Arts,Common Core State Standards,CCSS.ELA-LITERACY.RI.5.9,Direct,Tennessee and Common Core Grade 5 expectations are directly aligned for integrate evidence across formats and sources.,"TN ELA PDF pp.36, 38–39; CCSS ELA Grade 5 RI"
FF.G5.ELA.14,English Language Arts,NSQ Online Courses (2025),B1,Design Alignment,"The competency supports measurable objectives, aligned learning activities, valid assessment evidence, learner interaction, and accessible options for demonstrating mastery.",NSQ Online Courses 2025
FF.G5.ELA.14,English Language Arts,NSQ Online Courses (2025),B2,Design Alignment,"The competency supports measurable objectives, aligned learning activities, valid assessment evidence, learner interaction, and accessible options for demonstrating mastery.",NSQ Online Courses 2025
FF.G5.ELA.14,English Language Arts,NSQ Online Courses (2025),C2,Design Alignment,"The competency supports measurable objectives, aligned learning activities, valid assessment evidence, learner interaction, and accessible options for demonstrating mastery.",NSQ Online Courses 2025
FF.G5.ELA.14,English Language Arts,NSQ Online Courses (2025),D1,Design Alignment,"The competency supports measurable objectives, aligned learning activities, valid assessment evidence, learner interaction, and accessible options for demonstrating mastery.",NSQ Online Courses 2025
FF.G5.ELA.14,English Language Arts,NSQ Online Courses (2025),D2,Design Alignment,"The competency supports measurable objectives, aligned learning activities, valid assessment evidence, learner interaction, and accessible options for demonstrating mastery.",NSQ Online Courses 2025
FF.G5.ELA.14,English Language Arts,NSQ Online Courses (2025),D4,Design Alignment,"The competency supports measurable objectives, aligned learning activities, valid assessment evidence, learner interaction, and accessible options for demonstrating mastery.",NSQ Online Courses 2025
FF.G5.ELA.15,English Language Arts,Tennessee Academic Standards,5.RL.RRTC.10,Direct,Tennessee and Common Core Grade 5 expectations are directly aligned for read and comprehend grade 5 literature and information.,TN ELA PDF p.42; CCSS ELA Grade 5 RL/RI
FF.G5.ELA.15,English Language Arts,Tennessee Academic Standards,5.RI.RRTC.10,Direct,Tennessee and Common Core Grade 5 expectations are directly aligned for read and comprehend grade 5 literature and information.,TN ELA PDF p.42; CCSS ELA Grade 5 RL/RI
FF.G5.ELA.15,English Language Arts,Common Core State Standards,CCSS.ELA-LITERACY.RL.5.10,Direct,Tennessee and Common Core Grade 5 expectations are directly aligned for read and comprehend grade 5 literature and information.,TN ELA PDF p.42; CCSS ELA Grade 5 RL/RI
FF.G5.ELA.15,English Language Arts,Common Core State Standards,CCSS.ELA-LITERACY.RI.5.10,Direct,Tennessee and Common Core Grade 5 expectations are directly aligned for read and comprehend grade 5 literature and information.,TN ELA PDF p.42; CCSS ELA Grade 5 RL/RI
FF.G5.ELA.15,English Language Arts,NSQ Online Courses (2025),B1,Design Alignment,"The competency supports measurable objectives, aligned learning activities, valid assessment evidence, learner interaction, and accessible options for demonstrating mastery.",NSQ Online Courses 2025
FF.G5.ELA.15,English Language Arts,NSQ Online Courses (2025),B2,Design Alignment,"The competency supports measurable objectives, aligned learning activities, valid assessment evidence, learner interaction, and accessible options for demonstrating mastery.",NSQ Online Courses 2025
FF.G5.ELA.15,English Language Arts,NSQ Online Courses (2025),C2,Design Alignment,"The competency supports measurable objectives, aligned learning activities, valid assessment evidence, learner interaction, and accessible options for demonstrating mastery.",NSQ Online Courses 2025
FF.G5.ELA.15,English Language Arts,NSQ Online Courses (2025),D1,Design Alignment,"The competency supports measurable objectives, aligned learning activities, valid assessment evidence, learner interaction, and accessible options for demonstrating mastery.",NSQ Online Courses 2025
FF.G5.ELA.15,English Language Arts,NSQ Online Courses (2025),D2,Design Alignment,"The competency supports measurable objectives, aligned learning activities, valid assessment evidence, learner interaction, and accessible options for demonstrating mastery.",NSQ Online Courses 2025
FF.G5.ELA.15,English Language Arts,NSQ Online Courses (2025),D4,Design Alignment,"The competency supports measurable objectives, aligned learning activities, valid assessment evidence, learner interaction, and accessible options for demonstrating mastery.",NSQ Online Courses 2025
FF.G5.ELA.16,English Language Arts,Tennessee Academic Standards,5.SL.CC.1,Direct,Tennessee and Common Core Grade 5 expectations are directly aligned for collaborate and evaluate spoken information.,TN ELA PDF pp.45–48; CCSS ELA Grade 5 SL
FF.G5.ELA.16,English Language Arts,Tennessee Academic Standards,5.SL.CC.2,Direct,Tennessee and Common Core Grade 5 expectations are directly aligned for collaborate and evaluate spoken information.,TN ELA PDF pp.45–48; CCSS ELA Grade 5 SL
FF.G5.ELA.16,English Language Arts,Tennessee Academic Standards,5.SL.CC.3,Direct,Tennessee and Common Core Grade 5 expectations are directly aligned for collaborate and evaluate spoken information.,TN ELA PDF pp.45–48; CCSS ELA Grade 5 SL
FF.G5.ELA.16,English Language Arts,Common Core State Standards,CCSS.ELA-LITERACY.SL.5.1,Direct,Tennessee and Common Core Grade 5 expectations are directly aligned for collaborate and evaluate spoken information.,TN ELA PDF pp.45–48; CCSS ELA Grade 5 SL
FF.G5.ELA.16,English Language Arts,Common Core State Standards,CCSS.ELA-LITERACY.SL.5.2,Direct,Tennessee and Common Core Grade 5 expectations are directly aligned for collaborate and evaluate spoken information.,TN ELA PDF pp.45–48; CCSS ELA Grade 5 SL
FF.G5.ELA.16,English Language Arts,Common Core State Standards,CCSS.ELA-LITERACY.SL.5.3,Direct,Tennessee and Common Core Grade 5 expectations are directly aligned for collaborate and evaluate spoken information.,TN ELA PDF pp.45–48; CCSS ELA Grade 5 SL
FF.G5.ELA.16,English Language Arts,NSQ Online Courses (2025),B1,Design Alignment,"The competency supports measurable objectives, aligned learning activities, valid assessment evidence, learner interaction, and accessible options for demonstrating mastery.",NSQ Online Courses 2025
FF.G5.ELA.16,English Language Arts,NSQ Online Courses (2025),B2,Design Alignment,"The competency supports measurable objectives, aligned learning activities, valid assessment evidence, learner interaction, and accessible options for demonstrating mastery.",NSQ Online Courses 2025
FF.G5.ELA.16,English Language Arts,NSQ Online Courses (2025),C2,Design Alignment,"The competency supports measurable objectives, aligned learning activities, valid assessment evidence, learner interaction, and accessible options for demonstrating mastery.",NSQ Online Courses 2025
FF.G5.ELA.16,English Language Arts,NSQ Online Courses (2025),D1,Design Alignment,"The competency supports measurable objectives, aligned learning activities, valid assessment evidence, learner interaction, and accessible options for demonstrating mastery.",NSQ Online Courses 2025
FF.G5.ELA.16,English Language Arts,NSQ Online Courses (2025),D2,Design Alignment,"The competency supports measurable objectives, aligned learning activities, valid assessment evidence, learner interaction, and accessible options for demonstrating mastery.",NSQ Online Courses 2025
FF.G5.ELA.16,English Language Arts,NSQ Online Courses (2025),D4,Design Alignment,"The competency supports measurable objectives, aligned learning activities, valid assessment evidence, learner interaction, and accessible options for demonstrating mastery.",NSQ Online Courses 2025
FF.G5.ELA.17,English Language Arts,Tennessee Academic Standards,5.SL.PKI.4,Direct,"Tennessee and Common Core Grade 5 expectations are directly aligned for present clearly with evidence, media, and register.",TN ELA PDF pp.49–51; CCSS ELA Grade 5 SL
FF.G5.ELA.17,English Language Arts,Tennessee Academic Standards,5.SL.PKI.5,Direct,"Tennessee and Common Core Grade 5 expectations are directly aligned for present clearly with evidence, media, and register.",TN ELA PDF pp.49–51; CCSS ELA Grade 5 SL
FF.G5.ELA.17,English Language Arts,Tennessee Academic Standards,5.SL.PKI.6,Direct,"Tennessee and Common Core Grade 5 expectations are directly aligned for present clearly with evidence, media, and register.",TN ELA PDF pp.49–51; CCSS ELA Grade 5 SL
FF.G5.ELA.17,English Language Arts,Common Core State Standards,CCSS.ELA-LITERACY.SL.5.4,Direct,"Tennessee and Common Core Grade 5 expectations are directly aligned for present clearly with evidence, media, and register.",TN ELA PDF pp.49–51; CCSS ELA Grade 5 SL
FF.G5.ELA.17,English Language Arts,Common Core State Standards,CCSS.ELA-LITERACY.SL.5.5,Direct,"Tennessee and Common Core Grade 5 expectations are directly aligned for present clearly with evidence, media, and register.",TN ELA PDF pp.49–51; CCSS ELA Grade 5 SL
FF.G5.ELA.17,English Language Arts,Common Core State Standards,CCSS.ELA-LITERACY.SL.5.6,Direct,"Tennessee and Common Core Grade 5 expectations are directly aligned for present clearly with evidence, media, and register.",TN ELA PDF pp.49–51; CCSS ELA Grade 5 SL
FF.G5.ELA.17,English Language Arts,NSQ Online Courses (2025),B1,Design Alignment,"The competency supports measurable objectives, aligned learning activities, valid assessment evidence, learner interaction, and accessible options for demonstrating mastery.",NSQ Online Courses 2025
FF.G5.ELA.17,English Language Arts,NSQ Online Courses (2025),B2,Design Alignment,"The competency supports measurable objectives, aligned learning activities, valid assessment evidence, learner interaction, and accessible options for demonstrating mastery.",NSQ Online Courses 2025
FF.G5.ELA.17,English Language Arts,NSQ Online Courses (2025),C2,Design Alignment,"The competency supports measurable objectives, aligned learning activities, valid assessment evidence, learner interaction, and accessible options for demonstrating mastery.",NSQ Online Courses 2025
FF.G5.ELA.17,English Language Arts,NSQ Online Courses (2025),D1,Design Alignment,"The competency supports measurable objectives, aligned learning activities, valid assessment evidence, learner interaction, and accessible options for demonstrating mastery.",NSQ Online Courses 2025
FF.G5.ELA.17,English Language Arts,NSQ Online Courses (2025),D2,Design Alignment,"The competency supports measurable objectives, aligned learning activities, valid assessment evidence, learner interaction, and accessible options for demonstrating mastery.",NSQ Online Courses 2025
FF.G5.ELA.17,English Language Arts,NSQ Online Courses (2025),D4,Design Alignment,"The competency supports measurable objectives, aligned learning activities, valid assessment evidence, learner interaction, and accessible options for demonstrating mastery.",NSQ Online Courses 2025
FF.G5.ELA.18,English Language Arts,Tennessee Academic Standards,5.W.TTP.1,Direct,Tennessee and Common Core Grade 5 expectations are directly aligned for write evidence-based opinions.,TN ELA PDF pp.55–57; CCSS ELA Grade 5 W
FF.G5.ELA.18,English Language Arts,Common Core State Standards,CCSS.ELA-LITERACY.W.5.1,Direct,Tennessee and Common Core Grade 5 expectations are directly aligned for write evidence-based opinions.,TN ELA PDF pp.55–57; CCSS ELA Grade 5 W
FF.G5.ELA.18,English Language Arts,NSQ Online Courses (2025),B1,Design Alignment,"The competency supports measurable objectives, aligned learning activities, valid assessment evidence, learner interaction, and accessible options for demonstrating mastery.",NSQ Online Courses 2025
FF.G5.ELA.18,English Language Arts,NSQ Online Courses (2025),B2,Design Alignment,"The competency supports measurable objectives, aligned learning activities, valid assessment evidence, learner interaction, and accessible options for demonstrating mastery.",NSQ Online Courses 2025
FF.G5.ELA.18,English Language Arts,NSQ Online Courses (2025),C2,Design Alignment,"The competency supports measurable objectives, aligned learning activities, valid assessment evidence, learner interaction, and accessible options for demonstrating mastery.",NSQ Online Courses 2025
FF.G5.ELA.18,English Language Arts,NSQ Online Courses (2025),D1,Design Alignment,"The competency supports measurable objectives, aligned learning activities, valid assessment evidence, learner interaction, and accessible options for demonstrating mastery.",NSQ Online Courses 2025
FF.G5.ELA.18,English Language Arts,NSQ Online Courses (2025),D2,Design Alignment,"The competency supports measurable objectives, aligned learning activities, valid assessment evidence, learner interaction, and accessible options for demonstrating mastery.",NSQ Online Courses 2025
FF.G5.ELA.18,English Language Arts,NSQ Online Courses (2025),D4,Design Alignment,"The competency supports measurable objectives, aligned learning activities, valid assessment evidence, learner interaction, and accessible options for demonstrating mastery.",NSQ Online Courses 2025
FF.G5.ELA.19,English Language Arts,Tennessee Academic Standards,5.W.TTP.2,Direct,Tennessee and Common Core Grade 5 expectations are directly aligned for write informative explanations.,TN ELA PDF pp.58–60; CCSS ELA Grade 5 W
FF.G5.ELA.19,English Language Arts,Common Core State Standards,CCSS.ELA-LITERACY.W.5.2,Direct,Tennessee and Common Core Grade 5 expectations are directly aligned for write informative explanations.,TN ELA PDF pp.58–60; CCSS ELA Grade 5 W
FF.G5.ELA.19,English Language Arts,NSQ Online Courses (2025),B1,Design Alignment,"The competency supports measurable objectives, aligned learning activities, valid assessment evidence, learner interaction, and accessible options for demonstrating mastery.",NSQ Online Courses 2025
FF.G5.ELA.19,English Language Arts,NSQ Online Courses (2025),B2,Design Alignment,"The competency supports measurable objectives, aligned learning activities, valid assessment evidence, learner interaction, and accessible options for demonstrating mastery.",NSQ Online Courses 2025
FF.G5.ELA.19,English Language Arts,NSQ Online Courses (2025),C2,Design Alignment,"The competency supports measurable objectives, aligned learning activities, valid assessment evidence, learner interaction, and accessible options for demonstrating mastery.",NSQ Online Courses 2025
FF.G5.ELA.19,English Language Arts,NSQ Online Courses (2025),D1,Design Alignment,"The competency supports measurable objectives, aligned learning activities, valid assessment evidence, learner interaction, and accessible options for demonstrating mastery.",NSQ Online Courses 2025
FF.G5.ELA.19,English Language Arts,NSQ Online Courses (2025),D2,Design Alignment,"The competency supports measurable objectives, aligned learning activities, valid assessment evidence, learner interaction, and accessible options for demonstrating mastery.",NSQ Online Courses 2025
FF.G5.ELA.19,English Language Arts,NSQ Online Courses (2025),D4,Design Alignment,"The competency supports measurable objectives, aligned learning activities, valid assessment evidence, learner interaction, and accessible options for demonstrating mastery.",NSQ Online Courses 2025
FF.G5.ELA.20,English Language Arts,Tennessee Academic Standards,5.W.TTP.3,Direct,Tennessee and Common Core Grade 5 expectations are directly aligned for craft effective narratives.,TN ELA PDF pp.61–62; CCSS ELA Grade 5 W
FF.G5.ELA.20,English Language Arts,Common Core State Standards,CCSS.ELA-LITERACY.W.5.3,Direct,Tennessee and Common Core Grade 5 expectations are directly aligned for craft effective narratives.,TN ELA PDF pp.61–62; CCSS ELA Grade 5 W
FF.G5.ELA.20,English Language Arts,NSQ Online Courses (2025),B1,Design Alignment,"The competency supports measurable objectives, aligned learning activities, valid assessment evidence, learner interaction, and accessible options for demonstrating mastery.",NSQ Online Courses 2025
FF.G5.ELA.20,English Language Arts,NSQ Online Courses (2025),B2,Design Alignment,"The competency supports measurable objectives, aligned learning activities, valid assessment evidence, learner interaction, and accessible options for demonstrating mastery.",NSQ Online Courses 2025
FF.G5.ELA.20,English Language Arts,NSQ Online Courses (2025),C2,Design Alignment,"The competency supports measurable objectives, aligned learning activities, valid assessment evidence, learner interaction, and accessible options for demonstrating mastery.",NSQ Online Courses 2025
FF.G5.ELA.20,English Language Arts,NSQ Online Courses (2025),D1,Design Alignment,"The competency supports measurable objectives, aligned learning activities, valid assessment evidence, learner interaction, and accessible options for demonstrating mastery.",NSQ Online Courses 2025
FF.G5.ELA.20,English Language Arts,NSQ Online Courses (2025),D2,Design Alignment,"The competency supports measurable objectives, aligned learning activities, valid assessment evidence, learner interaction, and accessible options for demonstrating mastery.",NSQ Online Courses 2025
FF.G5.ELA.20,English Language Arts,NSQ Online Courses (2025),D4,Design Alignment,"The competency supports measurable objectives, aligned learning activities, valid assessment evidence, learner interaction, and accessible options for demonstrating mastery.",NSQ Online Courses 2025
FF.G5.ELA.21,English Language Arts,Tennessee Academic Standards,5.W.PDW.4,Direct,"Tennessee and Common Core Grade 5 expectations are directly aligned for plan, revise, edit, and publish coherent writing.",TN ELA PDF pp.63–65; CCSS ELA Grade 5 W
FF.G5.ELA.21,English Language Arts,Tennessee Academic Standards,5.W.PDW.5,Direct,"Tennessee and Common Core Grade 5 expectations are directly aligned for plan, revise, edit, and publish coherent writing.",TN ELA PDF pp.63–65; CCSS ELA Grade 5 W
FF.G5.ELA.21,English Language Arts,Common Core State Standards,CCSS.ELA-LITERACY.W.5.4,Direct,"Tennessee and Common Core Grade 5 expectations are directly aligned for plan, revise, edit, and publish coherent writing.",TN ELA PDF pp.63–65; CCSS ELA Grade 5 W
FF.G5.ELA.21,English Language Arts,Common Core State Standards,CCSS.ELA-LITERACY.W.5.5,Direct,"Tennessee and Common Core Grade 5 expectations are directly aligned for plan, revise, edit, and publish coherent writing.",TN ELA PDF pp.63–65; CCSS ELA Grade 5 W
FF.G5.ELA.21,English Language Arts,Common Core State Standards,CCSS.ELA-LITERACY.W.5.6,Direct,"Tennessee and Common Core Grade 5 expectations are directly aligned for plan, revise, edit, and publish coherent writing.",TN ELA PDF pp.63–65; CCSS ELA Grade 5 W
FF.G5.ELA.21,English Language Arts,NSQ Online Courses (2025),B1,Design Alignment,"The competency supports measurable objectives, aligned learning activities, valid assessment evidence, learner interaction, and accessible options for demonstrating mastery.",NSQ Online Courses 2025
FF.G5.ELA.21,English Language Arts,NSQ Online Courses (2025),B2,Design Alignment,"The competency supports measurable objectives, aligned learning activities, valid assessment evidence, learner interaction, and accessible options for demonstrating mastery.",NSQ Online Courses 2025
FF.G5.ELA.21,English Language Arts,NSQ Online Courses (2025),C2,Design Alignment,"The competency supports measurable objectives, aligned learning activities, valid assessment evidence, learner interaction, and accessible options for demonstrating mastery.",NSQ Online Courses 2025
FF.G5.ELA.21,English Language Arts,NSQ Online Courses (2025),D1,Design Alignment,"The competency supports measurable objectives, aligned learning activities, valid assessment evidence, learner interaction, and accessible options for demonstrating mastery.",NSQ Online Courses 2025
FF.G5.ELA.21,English Language Arts,NSQ Online Courses (2025),D2,Design Alignment,"The competency supports measurable objectives, aligned learning activities, valid assessment evidence, learner interaction, and accessible options for demonstrating mastery.",NSQ Online Courses 2025
FF.G5.ELA.21,English Language Arts,NSQ Online Courses (2025),D4,Design Alignment,"The competency supports measurable objectives, aligned learning activities, valid assessment evidence, learner interaction, and accessible options for demonstrating mastery.",NSQ Online Courses 2025
FF.G5.ELA.22,English Language Arts,Tennessee Academic Standards,5.W.RBPK.7,Direct,"Tennessee and Common Core Grade 5 expectations are directly aligned for research, evaluate sources, and use evidence.",TN ELA PDF pp.66–68; CCSS ELA Grade 5 W
FF.G5.ELA.22,English Language Arts,Tennessee Academic Standards,5.W.RBPK.8,Direct,"Tennessee and Common Core Grade 5 expectations are directly aligned for research, evaluate sources, and use evidence.",TN ELA PDF pp.66–68; CCSS ELA Grade 5 W
FF.G5.ELA.22,English Language Arts,Tennessee Academic Standards,5.W.RBPK.9,Direct,"Tennessee and Common Core Grade 5 expectations are directly aligned for research, evaluate sources, and use evidence.",TN ELA PDF pp.66–68; CCSS ELA Grade 5 W
FF.G5.ELA.22,English Language Arts,Common Core State Standards,CCSS.ELA-LITERACY.W.5.7,Direct,"Tennessee and Common Core Grade 5 expectations are directly aligned for research, evaluate sources, and use evidence.",TN ELA PDF pp.66–68; CCSS ELA Grade 5 W
FF.G5.ELA.22,English Language Arts,Common Core State Standards,CCSS.ELA-LITERACY.W.5.8,Direct,"Tennessee and Common Core Grade 5 expectations are directly aligned for research, evaluate sources, and use evidence.",TN ELA PDF pp.66–68; CCSS ELA Grade 5 W
FF.G5.ELA.22,English Language Arts,Common Core State Standards,CCSS.ELA-LITERACY.W.5.9,Direct,"Tennessee and Common Core Grade 5 expectations are directly aligned for research, evaluate sources, and use evidence.",TN ELA PDF pp.66–68; CCSS ELA Grade 5 W
FF.G5.ELA.22,English Language Arts,NSQ Online Courses (2025),B1,Design Alignment,"The competency supports measurable objectives, aligned learning activities, valid assessment evidence, learner interaction, and accessible options for demonstrating mastery.",NSQ Online Courses 2025
FF.G5.ELA.22,English Language Arts,NSQ Online Courses (2025),B2,Design Alignment,"The competency supports measurable objectives, aligned learning activities, valid assessment evidence, learner interaction, and accessible options for demonstrating mastery.",NSQ Online Courses 2025
FF.G5.ELA.22,English Language Arts,NSQ Online Courses (2025),C2,Design Alignment,"The competency supports measurable objectives, aligned learning activities, valid assessment evidence, learner interaction, and accessible options for demonstrating mastery.",NSQ Online Courses 2025
FF.G5.ELA.22,English Language Arts,NSQ Online Courses (2025),D1,Design Alignment,"The competency supports measurable objectives, aligned learning activities, valid assessment evidence, learner interaction, and accessible options for demonstrating mastery.",NSQ Online Courses 2025
FF.G5.ELA.22,English Language Arts,NSQ Online Courses (2025),D2,Design Alignment,"The competency supports measurable objectives, aligned learning activities, valid assessment evidence, learner interaction, and accessible options for demonstrating mastery.",NSQ Online Courses 2025
FF.G5.ELA.22,English Language Arts,NSQ Online Courses (2025),D4,Design Alignment,"The competency supports measurable objectives, aligned learning activities, valid assessment evidence, learner interaction, and accessible options for demonstrating mastery.",NSQ Online Courses 2025
FF.G5.ELA.23,English Language Arts,Tennessee Academic Standards,5.W.RW.10,Direct,Tennessee and Common Core Grade 5 expectations are directly aligned for write routinely for varied purposes and time frames.,TN ELA PDF p.69; CCSS ELA Grade 5 W
FF.G5.ELA.23,English Language Arts,Common Core State Standards,CCSS.ELA-LITERACY.W.5.10,Direct,Tennessee and Common Core Grade 5 expectations are directly aligned for write routinely for varied purposes and time frames.,TN ELA PDF p.69; CCSS ELA Grade 5 W
FF.G5.ELA.23,English Language Arts,NSQ Online Courses (2025),B1,Design Alignment,"The competency supports measurable objectives, aligned learning activities, valid assessment evidence, learner interaction, and accessible options for demonstrating mastery.",NSQ Online Courses 2025
FF.G5.ELA.23,English Language Arts,NSQ Online Courses (2025),B2,Design Alignment,"The competency supports measurable objectives, aligned learning activities, valid assessment evidence, learner interaction, and accessible options for demonstrating mastery.",NSQ Online Courses 2025
FF.G5.ELA.23,English Language Arts,NSQ Online Courses (2025),C2,Design Alignment,"The competency supports measurable objectives, aligned learning activities, valid assessment evidence, learner interaction, and accessible options for demonstrating mastery.",NSQ Online Courses 2025
FF.G5.ELA.23,English Language Arts,NSQ Online Courses (2025),D1,Design Alignment,"The competency supports measurable objectives, aligned learning activities, valid assessment evidence, learner interaction, and accessible options for demonstrating mastery.",NSQ Online Courses 2025
FF.G5.ELA.23,English Language Arts,NSQ Online Courses (2025),D2,Design Alignment,"The competency supports measurable objectives, aligned learning activities, valid assessment evidence, learner interaction, and accessible options for demonstrating mastery.",NSQ Online Courses 2025
FF.G5.ELA.23,English Language Arts,NSQ Online Courses (2025),D4,Design Alignment,"The competency supports measurable objectives, aligned learning activities, valid assessment evidence, learner interaction, and accessible options for demonstrating mastery.",NSQ Online Courses 2025
FF.G5.MATH.01,Mathematics,Tennessee Academic Standards,5.OA.A.1,Direct,The Tennessee and Common Core Grade 5 standards share the same domain and a substantially aligned performance expectation.,TN Math 2021 PDF p.58
FF.G5.MATH.01,Mathematics,Common Core State Standards,CCSS.MATH.CONTENT.5.OA.A.1,Direct,The Tennessee and Common Core Grade 5 standards share the same domain and a substantially aligned performance expectation.,TN Math 2021 PDF p.58
FF.G5.MATH.01,Mathematics,NSQ Online Courses (2025),B1,Design Alignment,"The competency supports measurable objectives, aligned learning activities, valid assessment evidence, learner interaction, and accessible options for demonstrating mastery.",NSQ Online Courses 2025
FF.G5.MATH.01,Mathematics,NSQ Online Courses (2025),B2,Design Alignment,"The competency supports measurable objectives, aligned learning activities, valid assessment evidence, learner interaction, and accessible options for demonstrating mastery.",NSQ Online Courses 2025
FF.G5.MATH.01,Mathematics,NSQ Online Courses (2025),C2,Design Alignment,"The competency supports measurable objectives, aligned learning activities, valid assessment evidence, learner interaction, and accessible options for demonstrating mastery.",NSQ Online Courses 2025
FF.G5.MATH.01,Mathematics,NSQ Online Courses (2025),D1,Design Alignment,"The competency supports measurable objectives, aligned learning activities, valid assessment evidence, learner interaction, and accessible options for demonstrating mastery.",NSQ Online Courses 2025
FF.G5.MATH.01,Mathematics,NSQ Online Courses (2025),D2,Design Alignment,"The competency supports measurable objectives, aligned learning activities, valid assessment evidence, learner interaction, and accessible options for demonstrating mastery.",NSQ Online Courses 2025
FF.G5.MATH.01,Mathematics,NSQ Online Courses (2025),D4,Design Alignment,"The competency supports measurable objectives, aligned learning activities, valid assessment evidence, learner interaction, and accessible options for demonstrating mastery.",NSQ Online Courses 2025
FF.G5.MATH.02,Mathematics,Tennessee Academic Standards,5.OA.A.2,Direct,The Tennessee and Common Core Grade 5 standards share the same domain and a substantially aligned performance expectation.,TN Math 2021 PDF p.58
FF.G5.MATH.02,Mathematics,Common Core State Standards,CCSS.MATH.CONTENT.5.OA.A.2,Direct,The Tennessee and Common Core Grade 5 standards share the same domain and a substantially aligned performance expectation.,TN Math 2021 PDF p.58
FF.G5.MATH.02,Mathematics,NSQ Online Courses (2025),B1,Design Alignment,"The competency supports measurable objectives, aligned learning activities, valid assessment evidence, learner interaction, and accessible options for demonstrating mastery.",NSQ Online Courses 2025
FF.G5.MATH.02,Mathematics,NSQ Online Courses (2025),B2,Design Alignment,"The competency supports measurable objectives, aligned learning activities, valid assessment evidence, learner interaction, and accessible options for demonstrating mastery.",NSQ Online Courses 2025
FF.G5.MATH.02,Mathematics,NSQ Online Courses (2025),C2,Design Alignment,"The competency supports measurable objectives, aligned learning activities, valid assessment evidence, learner interaction, and accessible options for demonstrating mastery.",NSQ Online Courses 2025
FF.G5.MATH.02,Mathematics,NSQ Online Courses (2025),D1,Design Alignment,"The competency supports measurable objectives, aligned learning activities, valid assessment evidence, learner interaction, and accessible options for demonstrating mastery.",NSQ Online Courses 2025
FF.G5.MATH.02,Mathematics,NSQ Online Courses (2025),D2,Design Alignment,"The competency supports measurable objectives, aligned learning activities, valid assessment evidence, learner interaction, and accessible options for demonstrating mastery.",NSQ Online Courses 2025
FF.G5.MATH.02,Mathematics,NSQ Online Courses (2025),D4,Design Alignment,"The competency supports measurable objectives, aligned learning activities, valid assessment evidence, learner interaction, and accessible options for demonstrating mastery.",NSQ Online Courses 2025
FF.G5.MATH.03,Mathematics,Tennessee Academic Standards,5.OA.B.3,Direct,The Tennessee and Common Core Grade 5 standards share the same domain and a substantially aligned performance expectation.,TN Math 2021 PDF p.58
FF.G5.MATH.03,Mathematics,Common Core State Standards,CCSS.MATH.CONTENT.5.OA.B.3,Direct,The Tennessee and Common Core Grade 5 standards share the same domain and a substantially aligned performance expectation.,TN Math 2021 PDF p.58
FF.G5.MATH.03,Mathematics,NSQ Online Courses (2025),B1,Design Alignment,"The competency supports measurable objectives, aligned learning activities, valid assessment evidence, learner interaction, and accessible options for demonstrating mastery.",NSQ Online Courses 2025
FF.G5.MATH.03,Mathematics,NSQ Online Courses (2025),B2,Design Alignment,"The competency supports measurable objectives, aligned learning activities, valid assessment evidence, learner interaction, and accessible options for demonstrating mastery.",NSQ Online Courses 2025
FF.G5.MATH.03,Mathematics,NSQ Online Courses (2025),C2,Design Alignment,"The competency supports measurable objectives, aligned learning activities, valid assessment evidence, learner interaction, and accessible options for demonstrating mastery.",NSQ Online Courses 2025
FF.G5.MATH.03,Mathematics,NSQ Online Courses (2025),D1,Design Alignment,"The competency supports measurable objectives, aligned learning activities, valid assessment evidence, learner interaction, and accessible options for demonstrating mastery.",NSQ Online Courses 2025
FF.G5.MATH.03,Mathematics,NSQ Online Courses (2025),D2,Design Alignment,"The competency supports measurable objectives, aligned learning activities, valid assessment evidence, learner interaction, and accessible options for demonstrating mastery.",NSQ Online Courses 2025
FF.G5.MATH.03,Mathematics,NSQ Online Courses (2025),D4,Design Alignment,"The competency supports measurable objectives, aligned learning activities, valid assessment evidence, learner interaction, and accessible options for demonstrating mastery.",NSQ Online Courses 2025
FF.G5.MATH.04,Mathematics,Tennessee Academic Standards,5.NBT.A.1,Direct,The Tennessee and Common Core Grade 5 standards share the same domain and a substantially aligned performance expectation.,TN Math 2021 PDF p.58
FF.G5.MATH.04,Mathematics,Common Core State Standards,CCSS.MATH.CONTENT.5.NBT.A.1,Direct,The Tennessee and Common Core Grade 5 standards share the same domain and a substantially aligned performance expectation.,TN Math 2021 PDF p.58
FF.G5.MATH.04,Mathematics,NSQ Online Courses (2025),B1,Design Alignment,"The competency supports measurable objectives, aligned learning activities, valid assessment evidence, learner interaction, and accessible options for demonstrating mastery.",NSQ Online Courses 2025
FF.G5.MATH.04,Mathematics,NSQ Online Courses (2025),B2,Design Alignment,"The competency supports measurable objectives, aligned learning activities, valid assessment evidence, learner interaction, and accessible options for demonstrating mastery.",NSQ Online Courses 2025
FF.G5.MATH.04,Mathematics,NSQ Online Courses (2025),C2,Design Alignment,"The competency supports measurable objectives, aligned learning activities, valid assessment evidence, learner interaction, and accessible options for demonstrating mastery.",NSQ Online Courses 2025
FF.G5.MATH.04,Mathematics,NSQ Online Courses (2025),D1,Design Alignment,"The competency supports measurable objectives, aligned learning activities, valid assessment evidence, learner interaction, and accessible options for demonstrating mastery.",NSQ Online Courses 2025
FF.G5.MATH.04,Mathematics,NSQ Online Courses (2025),D2,Design Alignment,"The competency supports measurable objectives, aligned learning activities, valid assessment evidence, learner interaction, and accessible options for demonstrating mastery.",NSQ Online Courses 2025
FF.G5.MATH.04,Mathematics,NSQ Online Courses (2025),D4,Design Alignment,"The competency supports measurable objectives, aligned learning activities, valid assessment evidence, learner interaction, and accessible options for demonstrating mastery.",NSQ Online Courses 2025
FF.G5.MATH.05,Mathematics,Tennessee Academic Standards,5.NBT.A.2,Direct,The Tennessee and Common Core Grade 5 standards share the same domain and a substantially aligned performance expectation.,TN Math 2021 PDF p.58
FF.G5.MATH.05,Mathematics,Common Core State Standards,CCSS.MATH.CONTENT.5.NBT.A.2,Direct,The Tennessee and Common Core Grade 5 standards share the same domain and a substantially aligned performance expectation.,TN Math 2021 PDF p.58
FF.G5.MATH.05,Mathematics,NSQ Online Courses (2025),B1,Design Alignment,"The competency supports measurable objectives, aligned learning activities, valid assessment evidence, learner interaction, and accessible options for demonstrating mastery.",NSQ Online Courses 2025
FF.G5.MATH.05,Mathematics,NSQ Online Courses (2025),B2,Design Alignment,"The competency supports measurable objectives, aligned learning activities, valid assessment evidence, learner interaction, and accessible options for demonstrating mastery.",NSQ Online Courses 2025
FF.G5.MATH.05,Mathematics,NSQ Online Courses (2025),C2,Design Alignment,"The competency supports measurable objectives, aligned learning activities, valid assessment evidence, learner interaction, and accessible options for demonstrating mastery.",NSQ Online Courses 2025
FF.G5.MATH.05,Mathematics,NSQ Online Courses (2025),D1,Design Alignment,"The competency supports measurable objectives, aligned learning activities, valid assessment evidence, learner interaction, and accessible options for demonstrating mastery.",NSQ Online Courses 2025
FF.G5.MATH.05,Mathematics,NSQ Online Courses (2025),D2,Design Alignment,"The competency supports measurable objectives, aligned learning activities, valid assessment evidence, learner interaction, and accessible options for demonstrating mastery.",NSQ Online Courses 2025
FF.G5.MATH.05,Mathematics,NSQ Online Courses (2025),D4,Design Alignment,"The competency supports measurable objectives, aligned learning activities, valid assessment evidence, learner interaction, and accessible options for demonstrating mastery.",NSQ Online Courses 2025
FF.G5.MATH.06,Mathematics,Tennessee Academic Standards,5.NBT.A.3,Direct,The Tennessee and Common Core Grade 5 standards share the same domain and a substantially aligned performance expectation.,TN Math 2021 PDF p.58
FF.G5.MATH.06,Mathematics,Common Core State Standards,CCSS.MATH.CONTENT.5.NBT.A.3,Direct,The Tennessee and Common Core Grade 5 standards share the same domain and a substantially aligned performance expectation.,TN Math 2021 PDF p.58
FF.G5.MATH.06,Mathematics,NSQ Online Courses (2025),B1,Design Alignment,"The competency supports measurable objectives, aligned learning activities, valid assessment evidence, learner interaction, and accessible options for demonstrating mastery.",NSQ Online Courses 2025
FF.G5.MATH.06,Mathematics,NSQ Online Courses (2025),B2,Design Alignment,"The competency supports measurable objectives, aligned learning activities, valid assessment evidence, learner interaction, and accessible options for demonstrating mastery.",NSQ Online Courses 2025
FF.G5.MATH.06,Mathematics,NSQ Online Courses (2025),C2,Design Alignment,"The competency supports measurable objectives, aligned learning activities, valid assessment evidence, learner interaction, and accessible options for demonstrating mastery.",NSQ Online Courses 2025
FF.G5.MATH.06,Mathematics,NSQ Online Courses (2025),D1,Design Alignment,"The competency supports measurable objectives, aligned learning activities, valid assessment evidence, learner interaction, and accessible options for demonstrating mastery.",NSQ Online Courses 2025
FF.G5.MATH.06,Mathematics,NSQ Online Courses (2025),D2,Design Alignment,"The competency supports measurable objectives, aligned learning activities, valid assessment evidence, learner interaction, and accessible options for demonstrating mastery.",NSQ Online Courses 2025
FF.G5.MATH.06,Mathematics,NSQ Online Courses (2025),D4,Design Alignment,"The competency supports measurable objectives, aligned learning activities, valid assessment evidence, learner interaction, and accessible options for demonstrating mastery.",NSQ Online Courses 2025
FF.G5.MATH.07,Mathematics,Tennessee Academic Standards,5.NBT.A.4,Direct,The Tennessee and Common Core Grade 5 standards share the same domain and a substantially aligned performance expectation.,TN Math 2021 PDF p.58
FF.G5.MATH.07,Mathematics,Common Core State Standards,CCSS.MATH.CONTENT.5.NBT.A.4,Direct,The Tennessee and Common Core Grade 5 standards share the same domain and a substantially aligned performance expectation.,TN Math 2021 PDF p.58
FF.G5.MATH.07,Mathematics,NSQ Online Courses (2025),B1,Design Alignment,"The competency supports measurable objectives, aligned learning activities, valid assessment evidence, learner interaction, and accessible options for demonstrating mastery.",NSQ Online Courses 2025
FF.G5.MATH.07,Mathematics,NSQ Online Courses (2025),B2,Design Alignment,"The competency supports measurable objectives, aligned learning activities, valid assessment evidence, learner interaction, and accessible options for demonstrating mastery.",NSQ Online Courses 2025
FF.G5.MATH.07,Mathematics,NSQ Online Courses (2025),C2,Design Alignment,"The competency supports measurable objectives, aligned learning activities, valid assessment evidence, learner interaction, and accessible options for demonstrating mastery.",NSQ Online Courses 2025
FF.G5.MATH.07,Mathematics,NSQ Online Courses (2025),D1,Design Alignment,"The competency supports measurable objectives, aligned learning activities, valid assessment evidence, learner interaction, and accessible options for demonstrating mastery.",NSQ Online Courses 2025
FF.G5.MATH.07,Mathematics,NSQ Online Courses (2025),D2,Design Alignment,"The competency supports measurable objectives, aligned learning activities, valid assessment evidence, learner interaction, and accessible options for demonstrating mastery.",NSQ Online Courses 2025
FF.G5.MATH.07,Mathematics,NSQ Online Courses (2025),D4,Design Alignment,"The competency supports measurable objectives, aligned learning activities, valid assessment evidence, learner interaction, and accessible options for demonstrating mastery.",NSQ Online Courses 2025
FF.G5.MATH.08,Mathematics,Tennessee Academic Standards,5.NBT.B.5,Direct,The Tennessee and Common Core Grade 5 standards share the same domain and a substantially aligned performance expectation.,TN Math 2021 PDF p.59
FF.G5.MATH.08,Mathematics,Common Core State Standards,CCSS.MATH.CONTENT.5.NBT.B.5,Direct,The Tennessee and Common Core Grade 5 standards share the same domain and a substantially aligned performance expectation.,TN Math 2021 PDF p.59
FF.G5.MATH.08,Mathematics,NSQ Online Courses (2025),B1,Design Alignment,"The competency supports measurable objectives, aligned learning activities, valid assessment evidence, learner interaction, and accessible options for demonstrating mastery.",NSQ Online Courses 2025
FF.G5.MATH.08,Mathematics,NSQ Online Courses (2025),B2,Design Alignment,"The competency supports measurable objectives, aligned learning activities, valid assessment evidence, learner interaction, and accessible options for demonstrating mastery.",NSQ Online Courses 2025
FF.G5.MATH.08,Mathematics,NSQ Online Courses (2025),C2,Design Alignment,"The competency supports measurable objectives, aligned learning activities, valid assessment evidence, learner interaction, and accessible options for demonstrating mastery.",NSQ Online Courses 2025
FF.G5.MATH.08,Mathematics,NSQ Online Courses (2025),D1,Design Alignment,"The competency supports measurable objectives, aligned learning activities, valid assessment evidence, learner interaction, and accessible options for demonstrating mastery.",NSQ Online Courses 2025
FF.G5.MATH.08,Mathematics,NSQ Online Courses (2025),D2,Design Alignment,"The competency supports measurable objectives, aligned learning activities, valid assessment evidence, learner interaction, and accessible options for demonstrating mastery.",NSQ Online Courses 2025
FF.G5.MATH.08,Mathematics,NSQ Online Courses (2025),D4,Design Alignment,"The competency supports measurable objectives, aligned learning activities, valid assessment evidence, learner interaction, and accessible options for demonstrating mastery.",NSQ Online Courses 2025
FF.G5.MATH.09,Mathematics,Tennessee Academic Standards,5.NBT.B.6,Direct,The Tennessee and Common Core Grade 5 standards share the same domain and a substantially aligned performance expectation.,TN Math 2021 PDF p.59
FF.G5.MATH.09,Mathematics,Common Core State Standards,CCSS.MATH.CONTENT.5.NBT.B.6,Direct,The Tennessee and Common Core Grade 5 standards share the same domain and a substantially aligned performance expectation.,TN Math 2021 PDF p.59
FF.G5.MATH.09,Mathematics,NSQ Online Courses (2025),B1,Design Alignment,"The competency supports measurable objectives, aligned learning activities, valid assessment evidence, learner interaction, and accessible options for demonstrating mastery.",NSQ Online Courses 2025
FF.G5.MATH.09,Mathematics,NSQ Online Courses (2025),B2,Design Alignment,"The competency supports measurable objectives, aligned learning activities, valid assessment evidence, learner interaction, and accessible options for demonstrating mastery.",NSQ Online Courses 2025
FF.G5.MATH.09,Mathematics,NSQ Online Courses (2025),C2,Design Alignment,"The competency supports measurable objectives, aligned learning activities, valid assessment evidence, learner interaction, and accessible options for demonstrating mastery.",NSQ Online Courses 2025
FF.G5.MATH.09,Mathematics,NSQ Online Courses (2025),D1,Design Alignment,"The competency supports measurable objectives, aligned learning activities, valid assessment evidence, learner interaction, and accessible options for demonstrating mastery.",NSQ Online Courses 2025
FF.G5.MATH.09,Mathematics,NSQ Online Courses (2025),D2,Design Alignment,"The competency supports measurable objectives, aligned learning activities, valid assessment evidence, learner interaction, and accessible options for demonstrating mastery.",NSQ Online Courses 2025
FF.G5.MATH.09,Mathematics,NSQ Online Courses (2025),D4,Design Alignment,"The competency supports measurable objectives, aligned learning activities, valid assessment evidence, learner interaction, and accessible options for demonstrating mastery.",NSQ Online Courses 2025
FF.G5.MATH.10,Mathematics,Tennessee Academic Standards,5.NBT.B.7,Direct,The Tennessee and Common Core Grade 5 standards share the same domain and a substantially aligned performance expectation.,TN Math 2021 PDF p.59
FF.G5.MATH.10,Mathematics,Common Core State Standards,CCSS.MATH.CONTENT.5.NBT.B.7,Direct,The Tennessee and Common Core Grade 5 standards share the same domain and a substantially aligned performance expectation.,TN Math 2021 PDF p.59
FF.G5.MATH.10,Mathematics,NSQ Online Courses (2025),B1,Design Alignment,"The competency supports measurable objectives, aligned learning activities, valid assessment evidence, learner interaction, and accessible options for demonstrating mastery.",NSQ Online Courses 2025
FF.G5.MATH.10,Mathematics,NSQ Online Courses (2025),B2,Design Alignment,"The competency supports measurable objectives, aligned learning activities, valid assessment evidence, learner interaction, and accessible options for demonstrating mastery.",NSQ Online Courses 2025
FF.G5.MATH.10,Mathematics,NSQ Online Courses (2025),C2,Design Alignment,"The competency supports measurable objectives, aligned learning activities, valid assessment evidence, learner interaction, and accessible options for demonstrating mastery.",NSQ Online Courses 2025
FF.G5.MATH.10,Mathematics,NSQ Online Courses (2025),D1,Design Alignment,"The competency supports measurable objectives, aligned learning activities, valid assessment evidence, learner interaction, and accessible options for demonstrating mastery.",NSQ Online Courses 2025
FF.G5.MATH.10,Mathematics,NSQ Online Courses (2025),D2,Design Alignment,"The competency supports measurable objectives, aligned learning activities, valid assessment evidence, learner interaction, and accessible options for demonstrating mastery.",NSQ Online Courses 2025
FF.G5.MATH.10,Mathematics,NSQ Online Courses (2025),D4,Design Alignment,"The competency supports measurable objectives, aligned learning activities, valid assessment evidence, learner interaction, and accessible options for demonstrating mastery.",NSQ Online Courses 2025
FF.G5.MATH.11,Mathematics,Tennessee Academic Standards,5.NF.A.1,Direct,The Tennessee and Common Core Grade 5 standards share the same domain and a substantially aligned performance expectation.,TN Math 2021 PDF p.59
FF.G5.MATH.11,Mathematics,Common Core State Standards,CCSS.MATH.CONTENT.5.NF.A.1,Direct,The Tennessee and Common Core Grade 5 standards share the same domain and a substantially aligned performance expectation.,TN Math 2021 PDF p.59
FF.G5.MATH.11,Mathematics,NSQ Online Courses (2025),B1,Design Alignment,"The competency supports measurable objectives, aligned learning activities, valid assessment evidence, learner interaction, and accessible options for demonstrating mastery.",NSQ Online Courses 2025
FF.G5.MATH.11,Mathematics,NSQ Online Courses (2025),B2,Design Alignment,"The competency supports measurable objectives, aligned learning activities, valid assessment evidence, learner interaction, and accessible options for demonstrating mastery.",NSQ Online Courses 2025
FF.G5.MATH.11,Mathematics,NSQ Online Courses (2025),C2,Design Alignment,"The competency supports measurable objectives, aligned learning activities, valid assessment evidence, learner interaction, and accessible options for demonstrating mastery.",NSQ Online Courses 2025
FF.G5.MATH.11,Mathematics,NSQ Online Courses (2025),D1,Design Alignment,"The competency supports measurable objectives, aligned learning activities, valid assessment evidence, learner interaction, and accessible options for demonstrating mastery.",NSQ Online Courses 2025
FF.G5.MATH.11,Mathematics,NSQ Online Courses (2025),D2,Design Alignment,"The competency supports measurable objectives, aligned learning activities, valid assessment evidence, learner interaction, and accessible options for demonstrating mastery.",NSQ Online Courses 2025
FF.G5.MATH.11,Mathematics,NSQ Online Courses (2025),D4,Design Alignment,"The competency supports measurable objectives, aligned learning activities, valid assessment evidence, learner interaction, and accessible options for demonstrating mastery.",NSQ Online Courses 2025
FF.G5.MATH.12,Mathematics,Tennessee Academic Standards,5.NF.A.2,Direct,The Tennessee and Common Core Grade 5 standards share the same domain and a substantially aligned performance expectation.,TN Math 2021 PDF p.59
FF.G5.MATH.12,Mathematics,Common Core State Standards,CCSS.MATH.CONTENT.5.NF.A.2,Direct,The Tennessee and Common Core Grade 5 standards share the same domain and a substantially aligned performance expectation.,TN Math 2021 PDF p.59
FF.G5.MATH.12,Mathematics,NSQ Online Courses (2025),B1,Design Alignment,"The competency supports measurable objectives, aligned learning activities, valid assessment evidence, learner interaction, and accessible options for demonstrating mastery.",NSQ Online Courses 2025
FF.G5.MATH.12,Mathematics,NSQ Online Courses (2025),B2,Design Alignment,"The competency supports measurable objectives, aligned learning activities, valid assessment evidence, learner interaction, and accessible options for demonstrating mastery.",NSQ Online Courses 2025
FF.G5.MATH.12,Mathematics,NSQ Online Courses (2025),C2,Design Alignment,"The competency supports measurable objectives, aligned learning activities, valid assessment evidence, learner interaction, and accessible options for demonstrating mastery.",NSQ Online Courses 2025
FF.G5.MATH.12,Mathematics,NSQ Online Courses (2025),D1,Design Alignment,"The competency supports measurable objectives, aligned learning activities, valid assessment evidence, learner interaction, and accessible options for demonstrating mastery.",NSQ Online Courses 2025
FF.G5.MATH.12,Mathematics,NSQ Online Courses (2025),D2,Design Alignment,"The competency supports measurable objectives, aligned learning activities, valid assessment evidence, learner interaction, and accessible options for demonstrating mastery.",NSQ Online Courses 2025
FF.G5.MATH.12,Mathematics,NSQ Online Courses (2025),D4,Design Alignment,"The competency supports measurable objectives, aligned learning activities, valid assessment evidence, learner interaction, and accessible options for demonstrating mastery.",NSQ Online Courses 2025
FF.G5.MATH.13,Mathematics,Tennessee Academic Standards,5.NF.B.3,Direct,The Tennessee and Common Core Grade 5 standards share the same domain and a substantially aligned performance expectation.,TN Math 2021 PDF p.59
FF.G5.MATH.13,Mathematics,Common Core State Standards,CCSS.MATH.CONTENT.5.NF.B.3,Direct,The Tennessee and Common Core Grade 5 standards share the same domain and a substantially aligned performance expectation.,TN Math 2021 PDF p.59
FF.G5.MATH.13,Mathematics,NSQ Online Courses (2025),B1,Design Alignment,"The competency supports measurable objectives, aligned learning activities, valid assessment evidence, learner interaction, and accessible options for demonstrating mastery.",NSQ Online Courses 2025
FF.G5.MATH.13,Mathematics,NSQ Online Courses (2025),B2,Design Alignment,"The competency supports measurable objectives, aligned learning activities, valid assessment evidence, learner interaction, and accessible options for demonstrating mastery.",NSQ Online Courses 2025
FF.G5.MATH.13,Mathematics,NSQ Online Courses (2025),C2,Design Alignment,"The competency supports measurable objectives, aligned learning activities, valid assessment evidence, learner interaction, and accessible options for demonstrating mastery.",NSQ Online Courses 2025
FF.G5.MATH.13,Mathematics,NSQ Online Courses (2025),D1,Design Alignment,"The competency supports measurable objectives, aligned learning activities, valid assessment evidence, learner interaction, and accessible options for demonstrating mastery.",NSQ Online Courses 2025
FF.G5.MATH.13,Mathematics,NSQ Online Courses (2025),D2,Design Alignment,"The competency supports measurable objectives, aligned learning activities, valid assessment evidence, learner interaction, and accessible options for demonstrating mastery.",NSQ Online Courses 2025
FF.G5.MATH.13,Mathematics,NSQ Online Courses (2025),D4,Design Alignment,"The competency supports measurable objectives, aligned learning activities, valid assessment evidence, learner interaction, and accessible options for demonstrating mastery.",NSQ Online Courses 2025
FF.G5.MATH.14,Mathematics,Tennessee Academic Standards,5.NF.B.4,Direct,The Tennessee and Common Core Grade 5 standards share the same domain and a substantially aligned performance expectation.,TN Math 2021 PDF p.60
FF.G5.MATH.14,Mathematics,Common Core State Standards,CCSS.MATH.CONTENT.5.NF.B.4,Direct,The Tennessee and Common Core Grade 5 standards share the same domain and a substantially aligned performance expectation.,TN Math 2021 PDF p.60
FF.G5.MATH.14,Mathematics,NSQ Online Courses (2025),B1,Design Alignment,"The competency supports measurable objectives, aligned learning activities, valid assessment evidence, learner interaction, and accessible options for demonstrating mastery.",NSQ Online Courses 2025
FF.G5.MATH.14,Mathematics,NSQ Online Courses (2025),B2,Design Alignment,"The competency supports measurable objectives, aligned learning activities, valid assessment evidence, learner interaction, and accessible options for demonstrating mastery.",NSQ Online Courses 2025
FF.G5.MATH.14,Mathematics,NSQ Online Courses (2025),C2,Design Alignment,"The competency supports measurable objectives, aligned learning activities, valid assessment evidence, learner interaction, and accessible options for demonstrating mastery.",NSQ Online Courses 2025
FF.G5.MATH.14,Mathematics,NSQ Online Courses (2025),D1,Design Alignment,"The competency supports measurable objectives, aligned learning activities, valid assessment evidence, learner interaction, and accessible options for demonstrating mastery.",NSQ Online Courses 2025
FF.G5.MATH.14,Mathematics,NSQ Online Courses (2025),D2,Design Alignment,"The competency supports measurable objectives, aligned learning activities, valid assessment evidence, learner interaction, and accessible options for demonstrating mastery.",NSQ Online Courses 2025
FF.G5.MATH.14,Mathematics,NSQ Online Courses (2025),D4,Design Alignment,"The competency supports measurable objectives, aligned learning activities, valid assessment evidence, learner interaction, and accessible options for demonstrating mastery.",NSQ Online Courses 2025
FF.G5.MATH.15,Mathematics,Tennessee Academic Standards,5.NF.B.5,Direct,The Tennessee and Common Core Grade 5 standards share the same domain and a substantially aligned performance expectation.,TN Math 2021 PDF p.60
FF.G5.MATH.15,Mathematics,Common Core State Standards,CCSS.MATH.CONTENT.5.NF.B.5,Direct,The Tennessee and Common Core Grade 5 standards share the same domain and a substantially aligned performance expectation.,TN Math 2021 PDF p.60
FF.G5.MATH.15,Mathematics,NSQ Online Courses (2025),B1,Design Alignment,"The competency supports measurable objectives, aligned learning activities, valid assessment evidence, learner interaction, and accessible options for demonstrating mastery.",NSQ Online Courses 2025
FF.G5.MATH.15,Mathematics,NSQ Online Courses (2025),B2,Design Alignment,"The competency supports measurable objectives, aligned learning activities, valid assessment evidence, learner interaction, and accessible options for demonstrating mastery.",NSQ Online Courses 2025
FF.G5.MATH.15,Mathematics,NSQ Online Courses (2025),C2,Design Alignment,"The competency supports measurable objectives, aligned learning activities, valid assessment evidence, learner interaction, and accessible options for demonstrating mastery.",NSQ Online Courses 2025
FF.G5.MATH.15,Mathematics,NSQ Online Courses (2025),D1,Design Alignment,"The competency supports measurable objectives, aligned learning activities, valid assessment evidence, learner interaction, and accessible options for demonstrating mastery.",NSQ Online Courses 2025
FF.G5.MATH.15,Mathematics,NSQ Online Courses (2025),D2,Design Alignment,"The competency supports measurable objectives, aligned learning activities, valid assessment evidence, learner interaction, and accessible options for demonstrating mastery.",NSQ Online Courses 2025
FF.G5.MATH.15,Mathematics,NSQ Online Courses (2025),D4,Design Alignment,"The competency supports measurable objectives, aligned learning activities, valid assessment evidence, learner interaction, and accessible options for demonstrating mastery.",NSQ Online Courses 2025
FF.G5.MATH.16,Mathematics,Tennessee Academic Standards,5.NF.B.6,Direct,The Tennessee and Common Core Grade 5 standards share the same domain and a substantially aligned performance expectation.,TN Math 2021 PDF p.60
FF.G5.MATH.16,Mathematics,Common Core State Standards,CCSS.MATH.CONTENT.5.NF.B.6,Direct,The Tennessee and Common Core Grade 5 standards share the same domain and a substantially aligned performance expectation.,TN Math 2021 PDF p.60
FF.G5.MATH.16,Mathematics,NSQ Online Courses (2025),B1,Design Alignment,"The competency supports measurable objectives, aligned learning activities, valid assessment evidence, learner interaction, and accessible options for demonstrating mastery.",NSQ Online Courses 2025
FF.G5.MATH.16,Mathematics,NSQ Online Courses (2025),B2,Design Alignment,"The competency supports measurable objectives, aligned learning activities, valid assessment evidence, learner interaction, and accessible options for demonstrating mastery.",NSQ Online Courses 2025
FF.G5.MATH.16,Mathematics,NSQ Online Courses (2025),C2,Design Alignment,"The competency supports measurable objectives, aligned learning activities, valid assessment evidence, learner interaction, and accessible options for demonstrating mastery.",NSQ Online Courses 2025
FF.G5.MATH.16,Mathematics,NSQ Online Courses (2025),D1,Design Alignment,"The competency supports measurable objectives, aligned learning activities, valid assessment evidence, learner interaction, and accessible options for demonstrating mastery.",NSQ Online Courses 2025
FF.G5.MATH.16,Mathematics,NSQ Online Courses (2025),D2,Design Alignment,"The competency supports measurable objectives, aligned learning activities, valid assessment evidence, learner interaction, and accessible options for demonstrating mastery.",NSQ Online Courses 2025
FF.G5.MATH.16,Mathematics,NSQ Online Courses (2025),D4,Design Alignment,"The competency supports measurable objectives, aligned learning activities, valid assessment evidence, learner interaction, and accessible options for demonstrating mastery.",NSQ Online Courses 2025
FF.G5.MATH.17,Mathematics,Tennessee Academic Standards,5.NF.B.7,Direct,The Tennessee and Common Core Grade 5 standards share the same domain and a substantially aligned performance expectation.,TN Math 2021 PDF p.60
FF.G5.MATH.17,Mathematics,Common Core State Standards,CCSS.MATH.CONTENT.5.NF.B.7,Direct,The Tennessee and Common Core Grade 5 standards share the same domain and a substantially aligned performance expectation.,TN Math 2021 PDF p.60
FF.G5.MATH.17,Mathematics,NSQ Online Courses (2025),B1,Design Alignment,"The competency supports measurable objectives, aligned learning activities, valid assessment evidence, learner interaction, and accessible options for demonstrating mastery.",NSQ Online Courses 2025
FF.G5.MATH.17,Mathematics,NSQ Online Courses (2025),B2,Design Alignment,"The competency supports measurable objectives, aligned learning activities, valid assessment evidence, learner interaction, and accessible options for demonstrating mastery.",NSQ Online Courses 2025
FF.G5.MATH.17,Mathematics,NSQ Online Courses (2025),C2,Design Alignment,"The competency supports measurable objectives, aligned learning activities, valid assessment evidence, learner interaction, and accessible options for demonstrating mastery.",NSQ Online Courses 2025
FF.G5.MATH.17,Mathematics,NSQ Online Courses (2025),D1,Design Alignment,"The competency supports measurable objectives, aligned learning activities, valid assessment evidence, learner interaction, and accessible options for demonstrating mastery.",NSQ Online Courses 2025
FF.G5.MATH.17,Mathematics,NSQ Online Courses (2025),D2,Design Alignment,"The competency supports measurable objectives, aligned learning activities, valid assessment evidence, learner interaction, and accessible options for demonstrating mastery.",NSQ Online Courses 2025
FF.G5.MATH.17,Mathematics,NSQ Online Courses (2025),D4,Design Alignment,"The competency supports measurable objectives, aligned learning activities, valid assessment evidence, learner interaction, and accessible options for demonstrating mastery.",NSQ Online Courses 2025
FF.G5.MATH.18,Mathematics,Tennessee Academic Standards,5.MD.A.1,Direct,The Tennessee and Common Core Grade 5 standards share the same domain and a substantially aligned performance expectation.,TN Math 2021 PDF p.61
FF.G5.MATH.18,Mathematics,Common Core State Standards,CCSS.MATH.CONTENT.5.MD.A.1,Direct,The Tennessee and Common Core Grade 5 standards share the same domain and a substantially aligned performance expectation.,TN Math 2021 PDF p.61
FF.G5.MATH.18,Mathematics,NSQ Online Courses (2025),B1,Design Alignment,"The competency supports measurable objectives, aligned learning activities, valid assessment evidence, learner interaction, and accessible options for demonstrating mastery.",NSQ Online Courses 2025
FF.G5.MATH.18,Mathematics,NSQ Online Courses (2025),B2,Design Alignment,"The competency supports measurable objectives, aligned learning activities, valid assessment evidence, learner interaction, and accessible options for demonstrating mastery.",NSQ Online Courses 2025
FF.G5.MATH.18,Mathematics,NSQ Online Courses (2025),C2,Design Alignment,"The competency supports measurable objectives, aligned learning activities, valid assessment evidence, learner interaction, and accessible options for demonstrating mastery.",NSQ Online Courses 2025
FF.G5.MATH.18,Mathematics,NSQ Online Courses (2025),D1,Design Alignment,"The competency supports measurable objectives, aligned learning activities, valid assessment evidence, learner interaction, and accessible options for demonstrating mastery.",NSQ Online Courses 2025
FF.G5.MATH.18,Mathematics,NSQ Online Courses (2025),D2,Design Alignment,"The competency supports measurable objectives, aligned learning activities, valid assessment evidence, learner interaction, and accessible options for demonstrating mastery.",NSQ Online Courses 2025
FF.G5.MATH.18,Mathematics,NSQ Online Courses (2025),D4,Design Alignment,"The competency supports measurable objectives, aligned learning activities, valid assessment evidence, learner interaction, and accessible options for demonstrating mastery.",NSQ Online Courses 2025
FF.G5.MATH.19,Mathematics,Tennessee Academic Standards,5.MD.B.2,Direct,The Tennessee and Common Core Grade 5 standards share the same domain and a substantially aligned performance expectation.,TN Math 2021 PDF p.61
FF.G5.MATH.19,Mathematics,Common Core State Standards,CCSS.MATH.CONTENT.5.MD.B.2,Direct,The Tennessee and Common Core Grade 5 standards share the same domain and a substantially aligned performance expectation.,TN Math 2021 PDF p.61
FF.G5.MATH.19,Mathematics,NSQ Online Courses (2025),B1,Design Alignment,"The competency supports measurable objectives, aligned learning activities, valid assessment evidence, learner interaction, and accessible options for demonstrating mastery.",NSQ Online Courses 2025
FF.G5.MATH.19,Mathematics,NSQ Online Courses (2025),B2,Design Alignment,"The competency supports measurable objectives, aligned learning activities, valid assessment evidence, learner interaction, and accessible options for demonstrating mastery.",NSQ Online Courses 2025
FF.G5.MATH.19,Mathematics,NSQ Online Courses (2025),C2,Design Alignment,"The competency supports measurable objectives, aligned learning activities, valid assessment evidence, learner interaction, and accessible options for demonstrating mastery.",NSQ Online Courses 2025
FF.G5.MATH.19,Mathematics,NSQ Online Courses (2025),D1,Design Alignment,"The competency supports measurable objectives, aligned learning activities, valid assessment evidence, learner interaction, and accessible options for demonstrating mastery.",NSQ Online Courses 2025
FF.G5.MATH.19,Mathematics,NSQ Online Courses (2025),D2,Design Alignment,"The competency supports measurable objectives, aligned learning activities, valid assessment evidence, learner interaction, and accessible options for demonstrating mastery.",NSQ Online Courses 2025
FF.G5.MATH.19,Mathematics,NSQ Online Courses (2025),D4,Design Alignment,"The competency supports measurable objectives, aligned learning activities, valid assessment evidence, learner interaction, and accessible options for demonstrating mastery.",NSQ Online Courses 2025
FF.G5.MATH.20,Mathematics,Tennessee Academic Standards,5.MD.C.3,Direct,The Tennessee and Common Core Grade 5 standards share the same domain and a substantially aligned performance expectation.,TN Math 2021 PDF p.61
FF.G5.MATH.20,Mathematics,Common Core State Standards,CCSS.MATH.CONTENT.5.MD.C.3,Direct,The Tennessee and Common Core Grade 5 standards share the same domain and a substantially aligned performance expectation.,TN Math 2021 PDF p.61
FF.G5.MATH.20,Mathematics,NSQ Online Courses (2025),B1,Design Alignment,"The competency supports measurable objectives, aligned learning activities, valid assessment evidence, learner interaction, and accessible options for demonstrating mastery.",NSQ Online Courses 2025
FF.G5.MATH.20,Mathematics,NSQ Online Courses (2025),B2,Design Alignment,"The competency supports measurable objectives, aligned learning activities, valid assessment evidence, learner interaction, and accessible options for demonstrating mastery.",NSQ Online Courses 2025
FF.G5.MATH.20,Mathematics,NSQ Online Courses (2025),C2,Design Alignment,"The competency supports measurable objectives, aligned learning activities, valid assessment evidence, learner interaction, and accessible options for demonstrating mastery.",NSQ Online Courses 2025
FF.G5.MATH.20,Mathematics,NSQ Online Courses (2025),D1,Design Alignment,"The competency supports measurable objectives, aligned learning activities, valid assessment evidence, learner interaction, and accessible options for demonstrating mastery.",NSQ Online Courses 2025
FF.G5.MATH.20,Mathematics,NSQ Online Courses (2025),D2,Design Alignment,"The competency supports measurable objectives, aligned learning activities, valid assessment evidence, learner interaction, and accessible options for demonstrating mastery.",NSQ Online Courses 2025
FF.G5.MATH.20,Mathematics,NSQ Online Courses (2025),D4,Design Alignment,"The competency supports measurable objectives, aligned learning activities, valid assessment evidence, learner interaction, and accessible options for demonstrating mastery.",NSQ Online Courses 2025
FF.G5.MATH.21,Mathematics,Tennessee Academic Standards,5.MD.C.4,Direct,The Tennessee and Common Core Grade 5 standards share the same domain and a substantially aligned performance expectation.,TN Math 2021 PDF p.61
FF.G5.MATH.21,Mathematics,Common Core State Standards,CCSS.MATH.CONTENT.5.MD.C.4,Direct,The Tennessee and Common Core Grade 5 standards share the same domain and a substantially aligned performance expectation.,TN Math 2021 PDF p.61
FF.G5.MATH.21,Mathematics,NSQ Online Courses (2025),B1,Design Alignment,"The competency supports measurable objectives, aligned learning activities, valid assessment evidence, learner interaction, and accessible options for demonstrating mastery.",NSQ Online Courses 2025
FF.G5.MATH.21,Mathematics,NSQ Online Courses (2025),B2,Design Alignment,"The competency supports measurable objectives, aligned learning activities, valid assessment evidence, learner interaction, and accessible options for demonstrating mastery.",NSQ Online Courses 2025
FF.G5.MATH.21,Mathematics,NSQ Online Courses (2025),C2,Design Alignment,"The competency supports measurable objectives, aligned learning activities, valid assessment evidence, learner interaction, and accessible options for demonstrating mastery.",NSQ Online Courses 2025
FF.G5.MATH.21,Mathematics,NSQ Online Courses (2025),D1,Design Alignment,"The competency supports measurable objectives, aligned learning activities, valid assessment evidence, learner interaction, and accessible options for demonstrating mastery.",NSQ Online Courses 2025
FF.G5.MATH.21,Mathematics,NSQ Online Courses (2025),D2,Design Alignment,"The competency supports measurable objectives, aligned learning activities, valid assessment evidence, learner interaction, and accessible options for demonstrating mastery.",NSQ Online Courses 2025
FF.G5.MATH.21,Mathematics,NSQ Online Courses (2025),D4,Design Alignment,"The competency supports measurable objectives, aligned learning activities, valid assessment evidence, learner interaction, and accessible options for demonstrating mastery.",NSQ Online Courses 2025
FF.G5.MATH.22,Mathematics,Tennessee Academic Standards,5.MD.C.5,Direct,The Tennessee and Common Core Grade 5 standards share the same domain and a substantially aligned performance expectation.,TN Math 2021 PDF p.61
FF.G5.MATH.22,Mathematics,Common Core State Standards,CCSS.MATH.CONTENT.5.MD.C.5,Direct,The Tennessee and Common Core Grade 5 standards share the same domain and a substantially aligned performance expectation.,TN Math 2021 PDF p.61
FF.G5.MATH.22,Mathematics,NSQ Online Courses (2025),B1,Design Alignment,"The competency supports measurable objectives, aligned learning activities, valid assessment evidence, learner interaction, and accessible options for demonstrating mastery.",NSQ Online Courses 2025
FF.G5.MATH.22,Mathematics,NSQ Online Courses (2025),B2,Design Alignment,"The competency supports measurable objectives, aligned learning activities, valid assessment evidence, learner interaction, and accessible options for demonstrating mastery.",NSQ Online Courses 2025
FF.G5.MATH.22,Mathematics,NSQ Online Courses (2025),C2,Design Alignment,"The competency supports measurable objectives, aligned learning activities, valid assessment evidence, learner interaction, and accessible options for demonstrating mastery.",NSQ Online Courses 2025
FF.G5.MATH.22,Mathematics,NSQ Online Courses (2025),D1,Design Alignment,"The competency supports measurable objectives, aligned learning activities, valid assessment evidence, learner interaction, and accessible options for demonstrating mastery.",NSQ Online Courses 2025
FF.G5.MATH.22,Mathematics,NSQ Online Courses (2025),D2,Design Alignment,"The competency supports measurable objectives, aligned learning activities, valid assessment evidence, learner interaction, and accessible options for demonstrating mastery.",NSQ Online Courses 2025
FF.G5.MATH.22,Mathematics,NSQ Online Courses (2025),D4,Design Alignment,"The competency supports measurable objectives, aligned learning activities, valid assessment evidence, learner interaction, and accessible options for demonstrating mastery.",NSQ Online Courses 2025
FF.G5.MATH.23,Mathematics,Tennessee Academic Standards,5.G.A.1,Direct,The Tennessee and Common Core Grade 5 standards share the same domain and a substantially aligned performance expectation.,TN Math 2021 PDF p.62
FF.G5.MATH.23,Mathematics,Common Core State Standards,CCSS.MATH.CONTENT.5.G.A.1,Direct,The Tennessee and Common Core Grade 5 standards share the same domain and a substantially aligned performance expectation.,TN Math 2021 PDF p.62
FF.G5.MATH.23,Mathematics,NSQ Online Courses (2025),B1,Design Alignment,"The competency supports measurable objectives, aligned learning activities, valid assessment evidence, learner interaction, and accessible options for demonstrating mastery.",NSQ Online Courses 2025
FF.G5.MATH.23,Mathematics,NSQ Online Courses (2025),B2,Design Alignment,"The competency supports measurable objectives, aligned learning activities, valid assessment evidence, learner interaction, and accessible options for demonstrating mastery.",NSQ Online Courses 2025
FF.G5.MATH.23,Mathematics,NSQ Online Courses (2025),C2,Design Alignment,"The competency supports measurable objectives, aligned learning activities, valid assessment evidence, learner interaction, and accessible options for demonstrating mastery.",NSQ Online Courses 2025
FF.G5.MATH.23,Mathematics,NSQ Online Courses (2025),D1,Design Alignment,"The competency supports measurable objectives, aligned learning activities, valid assessment evidence, learner interaction, and accessible options for demonstrating mastery.",NSQ Online Courses 2025
FF.G5.MATH.23,Mathematics,NSQ Online Courses (2025),D2,Design Alignment,"The competency supports measurable objectives, aligned learning activities, valid assessment evidence, learner interaction, and accessible options for demonstrating mastery.",NSQ Online Courses 2025
FF.G5.MATH.23,Mathematics,NSQ Online Courses (2025),D4,Design Alignment,"The competency supports measurable objectives, aligned learning activities, valid assessment evidence, learner interaction, and accessible options for demonstrating mastery.",NSQ Online Courses 2025
FF.G5.MATH.24,Mathematics,Tennessee Academic Standards,5.G.A.2,Direct,The Tennessee and Common Core Grade 5 standards share the same domain and a substantially aligned performance expectation.,TN Math 2021 PDF p.62
FF.G5.MATH.24,Mathematics,Common Core State Standards,CCSS.MATH.CONTENT.5.G.A.2,Direct,The Tennessee and Common Core Grade 5 standards share the same domain and a substantially aligned performance expectation.,TN Math 2021 PDF p.62
FF.G5.MATH.24,Mathematics,NSQ Online Courses (2025),B1,Design Alignment,"The competency supports measurable objectives, aligned learning activities, valid assessment evidence, learner interaction, and accessible options for demonstrating mastery.",NSQ Online Courses 2025
FF.G5.MATH.24,Mathematics,NSQ Online Courses (2025),B2,Design Alignment,"The competency supports measurable objectives, aligned learning activities, valid assessment evidence, learner interaction, and accessible options for demonstrating mastery.",NSQ Online Courses 2025
FF.G5.MATH.24,Mathematics,NSQ Online Courses (2025),C2,Design Alignment,"The competency supports measurable objectives, aligned learning activities, valid assessment evidence, learner interaction, and accessible options for demonstrating mastery.",NSQ Online Courses 2025
FF.G5.MATH.24,Mathematics,NSQ Online Courses (2025),D1,Design Alignment,"The competency supports measurable objectives, aligned learning activities, valid assessment evidence, learner interaction, and accessible options for demonstrating mastery.",NSQ Online Courses 2025
FF.G5.MATH.24,Mathematics,NSQ Online Courses (2025),D2,Design Alignment,"The competency supports measurable objectives, aligned learning activities, valid assessment evidence, learner interaction, and accessible options for demonstrating mastery.",NSQ Online Courses 2025
FF.G5.MATH.24,Mathematics,NSQ Online Courses (2025),D4,Design Alignment,"The competency supports measurable objectives, aligned learning activities, valid assessment evidence, learner interaction, and accessible options for demonstrating mastery.",NSQ Online Courses 2025
FF.G5.MATH.25,Mathematics,Tennessee Academic Standards,5.G.B.3,Direct,The Tennessee and Common Core Grade 5 standards share the same domain and a substantially aligned performance expectation.,TN Math 2021 PDF p.62
FF.G5.MATH.25,Mathematics,Common Core State Standards,CCSS.MATH.CONTENT.5.G.B.3,Direct,The Tennessee and Common Core Grade 5 standards share the same domain and a substantially aligned performance expectation.,TN Math 2021 PDF p.62
FF.G5.MATH.25,Mathematics,NSQ Online Courses (2025),B1,Design Alignment,"The competency supports measurable objectives, aligned learning activities, valid assessment evidence, learner interaction, and accessible options for demonstrating mastery.",NSQ Online Courses 2025
FF.G5.MATH.25,Mathematics,NSQ Online Courses (2025),B2,Design Alignment,"The competency supports measurable objectives, aligned learning activities, valid assessment evidence, learner interaction, and accessible options for demonstrating mastery.",NSQ Online Courses 2025
FF.G5.MATH.25,Mathematics,NSQ Online Courses (2025),C2,Design Alignment,"The competency supports measurable objectives, aligned learning activities, valid assessment evidence, learner interaction, and accessible options for demonstrating mastery.",NSQ Online Courses 2025
FF.G5.MATH.25,Mathematics,NSQ Online Courses (2025),D1,Design Alignment,"The competency supports measurable objectives, aligned learning activities, valid assessment evidence, learner interaction, and accessible options for demonstrating mastery.",NSQ Online Courses 2025
FF.G5.MATH.25,Mathematics,NSQ Online Courses (2025),D2,Design Alignment,"The competency supports measurable objectives, aligned learning activities, valid assessment evidence, learner interaction, and accessible options for demonstrating mastery.",NSQ Online Courses 2025
FF.G5.MATH.25,Mathematics,NSQ Online Courses (2025),D4,Design Alignment,"The competency supports measurable objectives, aligned learning activities, valid assessment evidence, learner interaction, and accessible options for demonstrating mastery.",NSQ Online Courses 2025
FF.G5.SCI.01,Science,Tennessee Academic Standards,5.PS1.1,Direct,The Tennessee expectation is mapped to the closest NGSS performance expectation; grade-band or emphasis differences are disclosed in the source locator.,TN Science 2022 PDF p.46; NGSS 5-PS1
FF.G5.SCI.01,Science,Next Generation Science Standards,5-PS1-1,Direct,The Tennessee expectation is mapped to the closest NGSS performance expectation; grade-band or emphasis differences are disclosed in the source locator.,TN Science 2022 PDF p.46; NGSS 5-PS1
FF.G5.SCI.01,Science,Next Generation Science Standards,5-PS1-3,Direct,The Tennessee expectation is mapped to the closest NGSS performance expectation; grade-band or emphasis differences are disclosed in the source locator.,TN Science 2022 PDF p.46; NGSS 5-PS1
FF.G5.SCI.01,Science,NSQ Online Courses (2025),B1,Design Alignment,"The competency supports measurable objectives, aligned learning activities, valid assessment evidence, learner interaction, and accessible options for demonstrating mastery.",NSQ Online Courses 2025
FF.G5.SCI.01,Science,NSQ Online Courses (2025),B2,Design Alignment,"The competency supports measurable objectives, aligned learning activities, valid assessment evidence, learner interaction, and accessible options for demonstrating mastery.",NSQ Online Courses 2025
FF.G5.SCI.01,Science,NSQ Online Courses (2025),C2,Design Alignment,"The competency supports measurable objectives, aligned learning activities, valid assessment evidence, learner interaction, and accessible options for demonstrating mastery.",NSQ Online Courses 2025
FF.G5.SCI.01,Science,NSQ Online Courses (2025),D1,Design Alignment,"The competency supports measurable objectives, aligned learning activities, valid assessment evidence, learner interaction, and accessible options for demonstrating mastery.",NSQ Online Courses 2025
FF.G5.SCI.01,Science,NSQ Online Courses (2025),D2,Design Alignment,"The competency supports measurable objectives, aligned learning activities, valid assessment evidence, learner interaction, and accessible options for demonstrating mastery.",NSQ Online Courses 2025
FF.G5.SCI.01,Science,NSQ Online Courses (2025),D4,Design Alignment,"The competency supports measurable objectives, aligned learning activities, valid assessment evidence, learner interaction, and accessible options for demonstrating mastery.",NSQ Online Courses 2025
FF.G5.SCI.02,Science,Tennessee Academic Standards,5.PS1.2,Direct,The Tennessee expectation is mapped to the closest NGSS performance expectation; grade-band or emphasis differences are disclosed in the source locator.,TN Science 2022 PDF p.46; NGSS 5-PS1
FF.G5.SCI.02,Science,Next Generation Science Standards,5-PS1-2,Direct,The Tennessee expectation is mapped to the closest NGSS performance expectation; grade-band or emphasis differences are disclosed in the source locator.,TN Science 2022 PDF p.46; NGSS 5-PS1
FF.G5.SCI.02,Science,NSQ Online Courses (2025),B1,Design Alignment,"The competency supports measurable objectives, aligned learning activities, valid assessment evidence, learner interaction, and accessible options for demonstrating mastery.",NSQ Online Courses 2025
FF.G5.SCI.02,Science,NSQ Online Courses (2025),B2,Design Alignment,"The competency supports measurable objectives, aligned learning activities, valid assessment evidence, learner interaction, and accessible options for demonstrating mastery.",NSQ Online Courses 2025
FF.G5.SCI.02,Science,NSQ Online Courses (2025),C2,Design Alignment,"The competency supports measurable objectives, aligned learning activities, valid assessment evidence, learner interaction, and accessible options for demonstrating mastery.",NSQ Online Courses 2025
FF.G5.SCI.02,Science,NSQ Online Courses (2025),D1,Design Alignment,"The competency supports measurable objectives, aligned learning activities, valid assessment evidence, learner interaction, and accessible options for demonstrating mastery.",NSQ Online Courses 2025
FF.G5.SCI.02,Science,NSQ Online Courses (2025),D2,Design Alignment,"The competency supports measurable objectives, aligned learning activities, valid assessment evidence, learner interaction, and accessible options for demonstrating mastery.",NSQ Online Courses 2025
FF.G5.SCI.02,Science,NSQ Online Courses (2025),D4,Design Alignment,"The competency supports measurable objectives, aligned learning activities, valid assessment evidence, learner interaction, and accessible options for demonstrating mastery.",NSQ Online Courses 2025
FF.G5.SCI.03,Science,Tennessee Academic Standards,5.PS1.3,Direct,The Tennessee expectation is mapped to the closest NGSS performance expectation; grade-band or emphasis differences are disclosed in the source locator.,TN Science 2022 PDF p.46; NGSS 5-PS1
FF.G5.SCI.03,Science,Next Generation Science Standards,5-PS1-4,Direct,The Tennessee expectation is mapped to the closest NGSS performance expectation; grade-band or emphasis differences are disclosed in the source locator.,TN Science 2022 PDF p.46; NGSS 5-PS1
FF.G5.SCI.03,Science,NSQ Online Courses (2025),B1,Design Alignment,"The competency supports measurable objectives, aligned learning activities, valid assessment evidence, learner interaction, and accessible options for demonstrating mastery.",NSQ Online Courses 2025
FF.G5.SCI.03,Science,NSQ Online Courses (2025),B2,Design Alignment,"The competency supports measurable objectives, aligned learning activities, valid assessment evidence, learner interaction, and accessible options for demonstrating mastery.",NSQ Online Courses 2025
FF.G5.SCI.03,Science,NSQ Online Courses (2025),C2,Design Alignment,"The competency supports measurable objectives, aligned learning activities, valid assessment evidence, learner interaction, and accessible options for demonstrating mastery.",NSQ Online Courses 2025
FF.G5.SCI.03,Science,NSQ Online Courses (2025),D1,Design Alignment,"The competency supports measurable objectives, aligned learning activities, valid assessment evidence, learner interaction, and accessible options for demonstrating mastery.",NSQ Online Courses 2025
FF.G5.SCI.03,Science,NSQ Online Courses (2025),D2,Design Alignment,"The competency supports measurable objectives, aligned learning activities, valid assessment evidence, learner interaction, and accessible options for demonstrating mastery.",NSQ Online Courses 2025
FF.G5.SCI.03,Science,NSQ Online Courses (2025),D4,Design Alignment,"The competency supports measurable objectives, aligned learning activities, valid assessment evidence, learner interaction, and accessible options for demonstrating mastery.",NSQ Online Courses 2025
FF.G5.SCI.04,Science,Tennessee Academic Standards,5.PS2.1,Direct,The Tennessee expectation is mapped to the closest NGSS performance expectation; grade-band or emphasis differences are disclosed in the source locator.,TN Science 2022 PDF p.46; NGSS 3-PS2
FF.G5.SCI.04,Science,Next Generation Science Standards,3-PS2-1,Direct,The Tennessee expectation is mapped to the closest NGSS performance expectation; grade-band or emphasis differences are disclosed in the source locator.,TN Science 2022 PDF p.46; NGSS 3-PS2
FF.G5.SCI.04,Science,NSQ Online Courses (2025),B1,Design Alignment,"The competency supports measurable objectives, aligned learning activities, valid assessment evidence, learner interaction, and accessible options for demonstrating mastery.",NSQ Online Courses 2025
FF.G5.SCI.04,Science,NSQ Online Courses (2025),B2,Design Alignment,"The competency supports measurable objectives, aligned learning activities, valid assessment evidence, learner interaction, and accessible options for demonstrating mastery.",NSQ Online Courses 2025
FF.G5.SCI.04,Science,NSQ Online Courses (2025),C2,Design Alignment,"The competency supports measurable objectives, aligned learning activities, valid assessment evidence, learner interaction, and accessible options for demonstrating mastery.",NSQ Online Courses 2025
FF.G5.SCI.04,Science,NSQ Online Courses (2025),D1,Design Alignment,"The competency supports measurable objectives, aligned learning activities, valid assessment evidence, learner interaction, and accessible options for demonstrating mastery.",NSQ Online Courses 2025
FF.G5.SCI.04,Science,NSQ Online Courses (2025),D2,Design Alignment,"The competency supports measurable objectives, aligned learning activities, valid assessment evidence, learner interaction, and accessible options for demonstrating mastery.",NSQ Online Courses 2025
FF.G5.SCI.04,Science,NSQ Online Courses (2025),D4,Design Alignment,"The competency supports measurable objectives, aligned learning activities, valid assessment evidence, learner interaction, and accessible options for demonstrating mastery.",NSQ Online Courses 2025
FF.G5.SCI.05,Science,Tennessee Academic Standards,5.PS2.2,Direct,The Tennessee expectation is mapped to the closest NGSS performance expectation; grade-band or emphasis differences are disclosed in the source locator.,TN Science 2022 PDF p.46; NGSS 3-PS2
FF.G5.SCI.05,Science,Next Generation Science Standards,3-PS2-2,Direct,The Tennessee expectation is mapped to the closest NGSS performance expectation; grade-band or emphasis differences are disclosed in the source locator.,TN Science 2022 PDF p.46; NGSS 3-PS2
FF.G5.SCI.05,Science,NSQ Online Courses (2025),B1,Design Alignment,"The competency supports measurable objectives, aligned learning activities, valid assessment evidence, learner interaction, and accessible options for demonstrating mastery.",NSQ Online Courses 2025
FF.G5.SCI.05,Science,NSQ Online Courses (2025),B2,Design Alignment,"The competency supports measurable objectives, aligned learning activities, valid assessment evidence, learner interaction, and accessible options for demonstrating mastery.",NSQ Online Courses 2025
FF.G5.SCI.05,Science,NSQ Online Courses (2025),C2,Design Alignment,"The competency supports measurable objectives, aligned learning activities, valid assessment evidence, learner interaction, and accessible options for demonstrating mastery.",NSQ Online Courses 2025
FF.G5.SCI.05,Science,NSQ Online Courses (2025),D1,Design Alignment,"The competency supports measurable objectives, aligned learning activities, valid assessment evidence, learner interaction, and accessible options for demonstrating mastery.",NSQ Online Courses 2025
FF.G5.SCI.05,Science,NSQ Online Courses (2025),D2,Design Alignment,"The competency supports measurable objectives, aligned learning activities, valid assessment evidence, learner interaction, and accessible options for demonstrating mastery.",NSQ Online Courses 2025
FF.G5.SCI.05,Science,NSQ Online Courses (2025),D4,Design Alignment,"The competency supports measurable objectives, aligned learning activities, valid assessment evidence, learner interaction, and accessible options for demonstrating mastery.",NSQ Online Courses 2025
FF.G5.SCI.06,Science,Tennessee Academic Standards,5.PS2.3,Direct,The Tennessee expectation is mapped to the closest NGSS performance expectation; grade-band or emphasis differences are disclosed in the source locator.,TN Science 2022 PDF p.46; NGSS 5-PS2
FF.G5.SCI.06,Science,Next Generation Science Standards,5-PS2-1,Direct,The Tennessee expectation is mapped to the closest NGSS performance expectation; grade-band or emphasis differences are disclosed in the source locator.,TN Science 2022 PDF p.46; NGSS 5-PS2
FF.G5.SCI.06,Science,NSQ Online Courses (2025),B1,Design Alignment,"The competency supports measurable objectives, aligned learning activities, valid assessment evidence, learner interaction, and accessible options for demonstrating mastery.",NSQ Online Courses 2025
FF.G5.SCI.06,Science,NSQ Online Courses (2025),B2,Design Alignment,"The competency supports measurable objectives, aligned learning activities, valid assessment evidence, learner interaction, and accessible options for demonstrating mastery.",NSQ Online Courses 2025
FF.G5.SCI.06,Science,NSQ Online Courses (2025),C2,Design Alignment,"The competency supports measurable objectives, aligned learning activities, valid assessment evidence, learner interaction, and accessible options for demonstrating mastery.",NSQ Online Courses 2025
FF.G5.SCI.06,Science,NSQ Online Courses (2025),D1,Design Alignment,"The competency supports measurable objectives, aligned learning activities, valid assessment evidence, learner interaction, and accessible options for demonstrating mastery.",NSQ Online Courses 2025
FF.G5.SCI.06,Science,NSQ Online Courses (2025),D2,Design Alignment,"The competency supports measurable objectives, aligned learning activities, valid assessment evidence, learner interaction, and accessible options for demonstrating mastery.",NSQ Online Courses 2025
FF.G5.SCI.06,Science,NSQ Online Courses (2025),D4,Design Alignment,"The competency supports measurable objectives, aligned learning activities, valid assessment evidence, learner interaction, and accessible options for demonstrating mastery.",NSQ Online Courses 2025
FF.G5.SCI.07,Science,Tennessee Academic Standards,5.PS2.4,Direct,The Tennessee expectation is mapped to the closest NGSS performance expectation; grade-band or emphasis differences are disclosed in the source locator.,TN Science 2022 PDF p.46; NGSS 3-PS2
FF.G5.SCI.07,Science,Next Generation Science Standards,3-PS2-1,Direct,The Tennessee expectation is mapped to the closest NGSS performance expectation; grade-band or emphasis differences are disclosed in the source locator.,TN Science 2022 PDF p.46; NGSS 3-PS2
FF.G5.SCI.07,Science,Next Generation Science Standards,3-PS2-2,Direct,The Tennessee expectation is mapped to the closest NGSS performance expectation; grade-band or emphasis differences are disclosed in the source locator.,TN Science 2022 PDF p.46; NGSS 3-PS2
FF.G5.SCI.07,Science,NSQ Online Courses (2025),B1,Design Alignment,"The competency supports measurable objectives, aligned learning activities, valid assessment evidence, learner interaction, and accessible options for demonstrating mastery.",NSQ Online Courses 2025
FF.G5.SCI.07,Science,NSQ Online Courses (2025),B2,Design Alignment,"The competency supports measurable objectives, aligned learning activities, valid assessment evidence, learner interaction, and accessible options for demonstrating mastery.",NSQ Online Courses 2025
FF.G5.SCI.07,Science,NSQ Online Courses (2025),C2,Design Alignment,"The competency supports measurable objectives, aligned learning activities, valid assessment evidence, learner interaction, and accessible options for demonstrating mastery.",NSQ Online Courses 2025
FF.G5.SCI.07,Science,NSQ Online Courses (2025),D1,Design Alignment,"The competency supports measurable objectives, aligned learning activities, valid assessment evidence, learner interaction, and accessible options for demonstrating mastery.",NSQ Online Courses 2025
FF.G5.SCI.07,Science,NSQ Online Courses (2025),D2,Design Alignment,"The competency supports measurable objectives, aligned learning activities, valid assessment evidence, learner interaction, and accessible options for demonstrating mastery.",NSQ Online Courses 2025
FF.G5.SCI.07,Science,NSQ Online Courses (2025),D4,Design Alignment,"The competency supports measurable objectives, aligned learning activities, valid assessment evidence, learner interaction, and accessible options for demonstrating mastery.",NSQ Online Courses 2025
FF.G5.SCI.08,Science,Tennessee Academic Standards,5.LS1.1,Direct,The Tennessee expectation is mapped to the closest NGSS performance expectation; grade-band or emphasis differences are disclosed in the source locator.,TN Science 2022 PDF p.46; NGSS 4-LS1
FF.G5.SCI.08,Science,Next Generation Science Standards,4-LS1-2,Direct,The Tennessee expectation is mapped to the closest NGSS performance expectation; grade-band or emphasis differences are disclosed in the source locator.,TN Science 2022 PDF p.46; NGSS 4-LS1
FF.G5.SCI.08,Science,NSQ Online Courses (2025),B1,Design Alignment,"The competency supports measurable objectives, aligned learning activities, valid assessment evidence, learner interaction, and accessible options for demonstrating mastery.",NSQ Online Courses 2025
FF.G5.SCI.08,Science,NSQ Online Courses (2025),B2,Design Alignment,"The competency supports measurable objectives, aligned learning activities, valid assessment evidence, learner interaction, and accessible options for demonstrating mastery.",NSQ Online Courses 2025
FF.G5.SCI.08,Science,NSQ Online Courses (2025),C2,Design Alignment,"The competency supports measurable objectives, aligned learning activities, valid assessment evidence, learner interaction, and accessible options for demonstrating mastery.",NSQ Online Courses 2025
FF.G5.SCI.08,Science,NSQ Online Courses (2025),D1,Design Alignment,"The competency supports measurable objectives, aligned learning activities, valid assessment evidence, learner interaction, and accessible options for demonstrating mastery.",NSQ Online Courses 2025
FF.G5.SCI.08,Science,NSQ Online Courses (2025),D2,Design Alignment,"The competency supports measurable objectives, aligned learning activities, valid assessment evidence, learner interaction, and accessible options for demonstrating mastery.",NSQ Online Courses 2025
FF.G5.SCI.08,Science,NSQ Online Courses (2025),D4,Design Alignment,"The competency supports measurable objectives, aligned learning activities, valid assessment evidence, learner interaction, and accessible options for demonstrating mastery.",NSQ Online Courses 2025
FF.G5.SCI.09,Science,Tennessee Academic Standards,5.LS3.1,Direct,The Tennessee expectation is mapped to the closest NGSS performance expectation; grade-band or emphasis differences are disclosed in the source locator.,TN Science 2022 PDF p.47; NGSS 3-LS3
FF.G5.SCI.09,Science,Next Generation Science Standards,3-LS3-2,Direct,The Tennessee expectation is mapped to the closest NGSS performance expectation; grade-band or emphasis differences are disclosed in the source locator.,TN Science 2022 PDF p.47; NGSS 3-LS3
FF.G5.SCI.09,Science,NSQ Online Courses (2025),B1,Design Alignment,"The competency supports measurable objectives, aligned learning activities, valid assessment evidence, learner interaction, and accessible options for demonstrating mastery.",NSQ Online Courses 2025
FF.G5.SCI.09,Science,NSQ Online Courses (2025),B2,Design Alignment,"The competency supports measurable objectives, aligned learning activities, valid assessment evidence, learner interaction, and accessible options for demonstrating mastery.",NSQ Online Courses 2025
FF.G5.SCI.09,Science,NSQ Online Courses (2025),C2,Design Alignment,"The competency supports measurable objectives, aligned learning activities, valid assessment evidence, learner interaction, and accessible options for demonstrating mastery.",NSQ Online Courses 2025
FF.G5.SCI.09,Science,NSQ Online Courses (2025),D1,Design Alignment,"The competency supports measurable objectives, aligned learning activities, valid assessment evidence, learner interaction, and accessible options for demonstrating mastery.",NSQ Online Courses 2025
FF.G5.SCI.09,Science,NSQ Online Courses (2025),D2,Design Alignment,"The competency supports measurable objectives, aligned learning activities, valid assessment evidence, learner interaction, and accessible options for demonstrating mastery.",NSQ Online Courses 2025
FF.G5.SCI.09,Science,NSQ Online Courses (2025),D4,Design Alignment,"The competency supports measurable objectives, aligned learning activities, valid assessment evidence, learner interaction, and accessible options for demonstrating mastery.",NSQ Online Courses 2025
FF.G5.SCI.10,Science,Tennessee Academic Standards,5.LS3.2,Direct,The Tennessee expectation is mapped to the closest NGSS performance expectation; grade-band or emphasis differences are disclosed in the source locator.,TN Science 2022 PDF p.47; NGSS 3-LS3
FF.G5.SCI.10,Science,Next Generation Science Standards,3-LS3-1,Direct,The Tennessee expectation is mapped to the closest NGSS performance expectation; grade-band or emphasis differences are disclosed in the source locator.,TN Science 2022 PDF p.47; NGSS 3-LS3
FF.G5.SCI.10,Science,NSQ Online Courses (2025),B1,Design Alignment,"The competency supports measurable objectives, aligned learning activities, valid assessment evidence, learner interaction, and accessible options for demonstrating mastery.",NSQ Online Courses 2025
FF.G5.SCI.10,Science,NSQ Online Courses (2025),B2,Design Alignment,"The competency supports measurable objectives, aligned learning activities, valid assessment evidence, learner interaction, and accessible options for demonstrating mastery.",NSQ Online Courses 2025
FF.G5.SCI.10,Science,NSQ Online Courses (2025),C2,Design Alignment,"The competency supports measurable objectives, aligned learning activities, valid assessment evidence, learner interaction, and accessible options for demonstrating mastery.",NSQ Online Courses 2025
FF.G5.SCI.10,Science,NSQ Online Courses (2025),D1,Design Alignment,"The competency supports measurable objectives, aligned learning activities, valid assessment evidence, learner interaction, and accessible options for demonstrating mastery.",NSQ Online Courses 2025
FF.G5.SCI.10,Science,NSQ Online Courses (2025),D2,Design Alignment,"The competency supports measurable objectives, aligned learning activities, valid assessment evidence, learner interaction, and accessible options for demonstrating mastery.",NSQ Online Courses 2025
FF.G5.SCI.10,Science,NSQ Online Courses (2025),D4,Design Alignment,"The competency supports measurable objectives, aligned learning activities, valid assessment evidence, learner interaction, and accessible options for demonstrating mastery.",NSQ Online Courses 2025
FF.G5.SCI.11,Science,Tennessee Academic Standards,5.LS4.1,Direct,The Tennessee expectation is mapped to the closest NGSS performance expectation; grade-band or emphasis differences are disclosed in the source locator.,TN Science 2022 PDF p.47; NGSS 3-LS4
FF.G5.SCI.11,Science,Next Generation Science Standards,3-LS4-2,Direct,The Tennessee expectation is mapped to the closest NGSS performance expectation; grade-band or emphasis differences are disclosed in the source locator.,TN Science 2022 PDF p.47; NGSS 3-LS4
FF.G5.SCI.11,Science,NSQ Online Courses (2025),B1,Design Alignment,"The competency supports measurable objectives, aligned learning activities, valid assessment evidence, learner interaction, and accessible options for demonstrating mastery.",NSQ Online Courses 2025
FF.G5.SCI.11,Science,NSQ Online Courses (2025),B2,Design Alignment,"The competency supports measurable objectives, aligned learning activities, valid assessment evidence, learner interaction, and accessible options for demonstrating mastery.",NSQ Online Courses 2025
FF.G5.SCI.11,Science,NSQ Online Courses (2025),C2,Design Alignment,"The competency supports measurable objectives, aligned learning activities, valid assessment evidence, learner interaction, and accessible options for demonstrating mastery.",NSQ Online Courses 2025
FF.G5.SCI.11,Science,NSQ Online Courses (2025),D1,Design Alignment,"The competency supports measurable objectives, aligned learning activities, valid assessment evidence, learner interaction, and accessible options for demonstrating mastery.",NSQ Online Courses 2025
FF.G5.SCI.11,Science,NSQ Online Courses (2025),D2,Design Alignment,"The competency supports measurable objectives, aligned learning activities, valid assessment evidence, learner interaction, and accessible options for demonstrating mastery.",NSQ Online Courses 2025
FF.G5.SCI.11,Science,NSQ Online Courses (2025),D4,Design Alignment,"The competency supports measurable objectives, aligned learning activities, valid assessment evidence, learner interaction, and accessible options for demonstrating mastery.",NSQ Online Courses 2025
FF.G5.SCI.12,Science,Tennessee Academic Standards,5.ESS1.1,Direct,The Tennessee expectation is mapped to the closest NGSS performance expectation; grade-band or emphasis differences are disclosed in the source locator.,TN Science 2022 PDF p.47; NGSS 5-ESS1
FF.G5.SCI.12,Science,Next Generation Science Standards,5-ESS1-1,Direct,The Tennessee expectation is mapped to the closest NGSS performance expectation; grade-band or emphasis differences are disclosed in the source locator.,TN Science 2022 PDF p.47; NGSS 5-ESS1
FF.G5.SCI.12,Science,NSQ Online Courses (2025),B1,Design Alignment,"The competency supports measurable objectives, aligned learning activities, valid assessment evidence, learner interaction, and accessible options for demonstrating mastery.",NSQ Online Courses 2025
FF.G5.SCI.12,Science,NSQ Online Courses (2025),B2,Design Alignment,"The competency supports measurable objectives, aligned learning activities, valid assessment evidence, learner interaction, and accessible options for demonstrating mastery.",NSQ Online Courses 2025
FF.G5.SCI.12,Science,NSQ Online Courses (2025),C2,Design Alignment,"The competency supports measurable objectives, aligned learning activities, valid assessment evidence, learner interaction, and accessible options for demonstrating mastery.",NSQ Online Courses 2025
FF.G5.SCI.12,Science,NSQ Online Courses (2025),D1,Design Alignment,"The competency supports measurable objectives, aligned learning activities, valid assessment evidence, learner interaction, and accessible options for demonstrating mastery.",NSQ Online Courses 2025
FF.G5.SCI.12,Science,NSQ Online Courses (2025),D2,Design Alignment,"The competency supports measurable objectives, aligned learning activities, valid assessment evidence, learner interaction, and accessible options for demonstrating mastery.",NSQ Online Courses 2025
FF.G5.SCI.12,Science,NSQ Online Courses (2025),D4,Design Alignment,"The competency supports measurable objectives, aligned learning activities, valid assessment evidence, learner interaction, and accessible options for demonstrating mastery.",NSQ Online Courses 2025
FF.G5.SCI.13,Science,Tennessee Academic Standards,5.ESS1.2,Direct,The Tennessee expectation is mapped to the closest NGSS performance expectation; grade-band or emphasis differences are disclosed in the source locator.,TN Science 2022 PDF p.47; NGSS 5-ESS1
FF.G5.SCI.13,Science,Next Generation Science Standards,5-ESS1-1,Supporting,The Tennessee expectation is mapped to the closest NGSS performance expectation; grade-band or emphasis differences are disclosed in the source locator.,TN Science 2022 PDF p.47; NGSS 5-ESS1
FF.G5.SCI.13,Science,NSQ Online Courses (2025),B1,Design Alignment,"The competency supports measurable objectives, aligned learning activities, valid assessment evidence, learner interaction, and accessible options for demonstrating mastery.",NSQ Online Courses 2025
FF.G5.SCI.13,Science,NSQ Online Courses (2025),B2,Design Alignment,"The competency supports measurable objectives, aligned learning activities, valid assessment evidence, learner interaction, and accessible options for demonstrating mastery.",NSQ Online Courses 2025
FF.G5.SCI.13,Science,NSQ Online Courses (2025),C2,Design Alignment,"The competency supports measurable objectives, aligned learning activities, valid assessment evidence, learner interaction, and accessible options for demonstrating mastery.",NSQ Online Courses 2025
FF.G5.SCI.13,Science,NSQ Online Courses (2025),D1,Design Alignment,"The competency supports measurable objectives, aligned learning activities, valid assessment evidence, learner interaction, and accessible options for demonstrating mastery.",NSQ Online Courses 2025
FF.G5.SCI.13,Science,NSQ Online Courses (2025),D2,Design Alignment,"The competency supports measurable objectives, aligned learning activities, valid assessment evidence, learner interaction, and accessible options for demonstrating mastery.",NSQ Online Courses 2025
FF.G5.SCI.13,Science,NSQ Online Courses (2025),D4,Design Alignment,"The competency supports measurable objectives, aligned learning activities, valid assessment evidence, learner interaction, and accessible options for demonstrating mastery.",NSQ Online Courses 2025
FF.G5.SCI.14,Science,Tennessee Academic Standards,5.ESS1.3,Direct,The Tennessee expectation is mapped to the closest NGSS performance expectation; grade-band or emphasis differences are disclosed in the source locator.,TN Science 2022 PDF p.47; NGSS 5-ESS1
FF.G5.SCI.14,Science,Next Generation Science Standards,5-ESS1-2,Direct,The Tennessee expectation is mapped to the closest NGSS performance expectation; grade-band or emphasis differences are disclosed in the source locator.,TN Science 2022 PDF p.47; NGSS 5-ESS1
FF.G5.SCI.14,Science,NSQ Online Courses (2025),B1,Design Alignment,"The competency supports measurable objectives, aligned learning activities, valid assessment evidence, learner interaction, and accessible options for demonstrating mastery.",NSQ Online Courses 2025
FF.G5.SCI.14,Science,NSQ Online Courses (2025),B2,Design Alignment,"The competency supports measurable objectives, aligned learning activities, valid assessment evidence, learner interaction, and accessible options for demonstrating mastery.",NSQ Online Courses 2025
FF.G5.SCI.14,Science,NSQ Online Courses (2025),C2,Design Alignment,"The competency supports measurable objectives, aligned learning activities, valid assessment evidence, learner interaction, and accessible options for demonstrating mastery.",NSQ Online Courses 2025
FF.G5.SCI.14,Science,NSQ Online Courses (2025),D1,Design Alignment,"The competency supports measurable objectives, aligned learning activities, valid assessment evidence, learner interaction, and accessible options for demonstrating mastery.",NSQ Online Courses 2025
FF.G5.SCI.14,Science,NSQ Online Courses (2025),D2,Design Alignment,"The competency supports measurable objectives, aligned learning activities, valid assessment evidence, learner interaction, and accessible options for demonstrating mastery.",NSQ Online Courses 2025
FF.G5.SCI.14,Science,NSQ Online Courses (2025),D4,Design Alignment,"The competency supports measurable objectives, aligned learning activities, valid assessment evidence, learner interaction, and accessible options for demonstrating mastery.",NSQ Online Courses 2025
FF.G5.SCI.15,Science,Tennessee Academic Standards,5.ESS1.4,Direct,The Tennessee expectation is mapped to the closest NGSS performance expectation; grade-band or emphasis differences are disclosed in the source locator.,TN Science 2022 PDF p.47; NGSS MS-ESS1
FF.G5.SCI.15,Science,Next Generation Science Standards,MS-ESS1-1,Supporting,The Tennessee expectation is mapped to the closest NGSS performance expectation; grade-band or emphasis differences are disclosed in the source locator.,TN Science 2022 PDF p.47; NGSS MS-ESS1
FF.G5.SCI.15,Science,NSQ Online Courses (2025),B1,Design Alignment,"The competency supports measurable objectives, aligned learning activities, valid assessment evidence, learner interaction, and accessible options for demonstrating mastery.",NSQ Online Courses 2025
FF.G5.SCI.15,Science,NSQ Online Courses (2025),B2,Design Alignment,"The competency supports measurable objectives, aligned learning activities, valid assessment evidence, learner interaction, and accessible options for demonstrating mastery.",NSQ Online Courses 2025
FF.G5.SCI.15,Science,NSQ Online Courses (2025),C2,Design Alignment,"The competency supports measurable objectives, aligned learning activities, valid assessment evidence, learner interaction, and accessible options for demonstrating mastery.",NSQ Online Courses 2025
FF.G5.SCI.15,Science,NSQ Online Courses (2025),D1,Design Alignment,"The competency supports measurable objectives, aligned learning activities, valid assessment evidence, learner interaction, and accessible options for demonstrating mastery.",NSQ Online Courses 2025
FF.G5.SCI.15,Science,NSQ Online Courses (2025),D2,Design Alignment,"The competency supports measurable objectives, aligned learning activities, valid assessment evidence, learner interaction, and accessible options for demonstrating mastery.",NSQ Online Courses 2025
FF.G5.SCI.15,Science,NSQ Online Courses (2025),D4,Design Alignment,"The competency supports measurable objectives, aligned learning activities, valid assessment evidence, learner interaction, and accessible options for demonstrating mastery.",NSQ Online Courses 2025
FF.G5.SCI.16,Science,Tennessee Academic Standards,5.ESS1.5,Direct,The Tennessee expectation is mapped to the closest NGSS performance expectation; grade-band or emphasis differences are disclosed in the source locator.,TN Science 2022 PDF p.47; NGSS MS-ESS1
FF.G5.SCI.16,Science,Next Generation Science Standards,MS-ESS1-1,Supporting,The Tennessee expectation is mapped to the closest NGSS performance expectation; grade-band or emphasis differences are disclosed in the source locator.,TN Science 2022 PDF p.47; NGSS MS-ESS1
FF.G5.SCI.16,Science,NSQ Online Courses (2025),B1,Design Alignment,"The competency supports measurable objectives, aligned learning activities, valid assessment evidence, learner interaction, and accessible options for demonstrating mastery.",NSQ Online Courses 2025
FF.G5.SCI.16,Science,NSQ Online Courses (2025),B2,Design Alignment,"The competency supports measurable objectives, aligned learning activities, valid assessment evidence, learner interaction, and accessible options for demonstrating mastery.",NSQ Online Courses 2025
FF.G5.SCI.16,Science,NSQ Online Courses (2025),C2,Design Alignment,"The competency supports measurable objectives, aligned learning activities, valid assessment evidence, learner interaction, and accessible options for demonstrating mastery.",NSQ Online Courses 2025
FF.G5.SCI.16,Science,NSQ Online Courses (2025),D1,Design Alignment,"The competency supports measurable objectives, aligned learning activities, valid assessment evidence, learner interaction, and accessible options for demonstrating mastery.",NSQ Online Courses 2025
FF.G5.SCI.16,Science,NSQ Online Courses (2025),D2,Design Alignment,"The competency supports measurable objectives, aligned learning activities, valid assessment evidence, learner interaction, and accessible options for demonstrating mastery.",NSQ Online Courses 2025
FF.G5.SCI.16,Science,NSQ Online Courses (2025),D4,Design Alignment,"The competency supports measurable objectives, aligned learning activities, valid assessment evidence, learner interaction, and accessible options for demonstrating mastery.",NSQ Online Courses 2025
FF.G5.SCI.17,Science,Tennessee Academic Standards,5.ESS1.6,Direct,The Tennessee expectation is mapped to the closest NGSS performance expectation; grade-band or emphasis differences are disclosed in the source locator.,TN Science 2022 PDF p.47; NGSS 5-ESS1
FF.G5.SCI.17,Science,Next Generation Science Standards,5-ESS1-2,Direct,The Tennessee expectation is mapped to the closest NGSS performance expectation; grade-band or emphasis differences are disclosed in the source locator.,TN Science 2022 PDF p.47; NGSS 5-ESS1
FF.G5.SCI.17,Science,NSQ Online Courses (2025),B1,Design Alignment,"The competency supports measurable objectives, aligned learning activities, valid assessment evidence, learner interaction, and accessible options for demonstrating mastery.",NSQ Online Courses 2025
FF.G5.SCI.17,Science,NSQ Online Courses (2025),B2,Design Alignment,"The competency supports measurable objectives, aligned learning activities, valid assessment evidence, learner interaction, and accessible options for demonstrating mastery.",NSQ Online Courses 2025
FF.G5.SCI.17,Science,NSQ Online Courses (2025),C2,Design Alignment,"The competency supports measurable objectives, aligned learning activities, valid assessment evidence, learner interaction, and accessible options for demonstrating mastery.",NSQ Online Courses 2025
FF.G5.SCI.17,Science,NSQ Online Courses (2025),D1,Design Alignment,"The competency supports measurable objectives, aligned learning activities, valid assessment evidence, learner interaction, and accessible options for demonstrating mastery.",NSQ Online Courses 2025
FF.G5.SCI.17,Science,NSQ Online Courses (2025),D2,Design Alignment,"The competency supports measurable objectives, aligned learning activities, valid assessment evidence, learner interaction, and accessible options for demonstrating mastery.",NSQ Online Courses 2025
FF.G5.SCI.17,Science,NSQ Online Courses (2025),D4,Design Alignment,"The competency supports measurable objectives, aligned learning activities, valid assessment evidence, learner interaction, and accessible options for demonstrating mastery.",NSQ Online Courses 2025
FF.G5.SCI.18,Science,Tennessee Academic Standards,5.ETS1.1,Direct,The Tennessee expectation is mapped to the closest NGSS performance expectation; grade-band or emphasis differences are disclosed in the source locator.,TN Science 2022 PDF p.47; NGSS 3-5-ETS1
FF.G5.SCI.18,Science,Next Generation Science Standards,3-5-ETS1-3,Direct,The Tennessee expectation is mapped to the closest NGSS performance expectation; grade-band or emphasis differences are disclosed in the source locator.,TN Science 2022 PDF p.47; NGSS 3-5-ETS1
FF.G5.SCI.18,Science,NSQ Online Courses (2025),B1,Design Alignment,"The competency supports measurable objectives, aligned learning activities, valid assessment evidence, learner interaction, and accessible options for demonstrating mastery.",NSQ Online Courses 2025
FF.G5.SCI.18,Science,NSQ Online Courses (2025),B2,Design Alignment,"The competency supports measurable objectives, aligned learning activities, valid assessment evidence, learner interaction, and accessible options for demonstrating mastery.",NSQ Online Courses 2025
FF.G5.SCI.18,Science,NSQ Online Courses (2025),C2,Design Alignment,"The competency supports measurable objectives, aligned learning activities, valid assessment evidence, learner interaction, and accessible options for demonstrating mastery.",NSQ Online Courses 2025
FF.G5.SCI.18,Science,NSQ Online Courses (2025),D1,Design Alignment,"The competency supports measurable objectives, aligned learning activities, valid assessment evidence, learner interaction, and accessible options for demonstrating mastery.",NSQ Online Courses 2025
FF.G5.SCI.18,Science,NSQ Online Courses (2025),D2,Design Alignment,"The competency supports measurable objectives, aligned learning activities, valid assessment evidence, learner interaction, and accessible options for demonstrating mastery.",NSQ Online Courses 2025
FF.G5.SCI.18,Science,NSQ Online Courses (2025),D4,Design Alignment,"The competency supports measurable objectives, aligned learning activities, valid assessment evidence, learner interaction, and accessible options for demonstrating mastery.",NSQ Online Courses 2025
FF.G5.SCI.19,Science,Tennessee Academic Standards,5.ETS2.1,Direct,The Tennessee expectation is mapped to the closest NGSS performance expectation; grade-band or emphasis differences are disclosed in the source locator.,TN Science 2022 PDF p.48; NGSS 3-5-ETS1
FF.G5.SCI.19,Science,Next Generation Science Standards,3-5-ETS1-3,Supporting,The Tennessee expectation is mapped to the closest NGSS performance expectation; grade-band or emphasis differences are disclosed in the source locator.,TN Science 2022 PDF p.48; NGSS 3-5-ETS1
FF.G5.SCI.19,Science,NSQ Online Courses (2025),B1,Design Alignment,"The competency supports measurable objectives, aligned learning activities, valid assessment evidence, learner interaction, and accessible options for demonstrating mastery.",NSQ Online Courses 2025
FF.G5.SCI.19,Science,NSQ Online Courses (2025),B2,Design Alignment,"The competency supports measurable objectives, aligned learning activities, valid assessment evidence, learner interaction, and accessible options for demonstrating mastery.",NSQ Online Courses 2025
FF.G5.SCI.19,Science,NSQ Online Courses (2025),C2,Design Alignment,"The competency supports measurable objectives, aligned learning activities, valid assessment evidence, learner interaction, and accessible options for demonstrating mastery.",NSQ Online Courses 2025
FF.G5.SCI.19,Science,NSQ Online Courses (2025),D1,Design Alignment,"The competency supports measurable objectives, aligned learning activities, valid assessment evidence, learner interaction, and accessible options for demonstrating mastery.",NSQ Online Courses 2025
FF.G5.SCI.19,Science,NSQ Online Courses (2025),D2,Design Alignment,"The competency supports measurable objectives, aligned learning activities, valid assessment evidence, learner interaction, and accessible options for demonstrating mastery.",NSQ Online Courses 2025
FF.G5.SCI.19,Science,NSQ Online Courses (2025),D4,Design Alignment,"The competency supports measurable objectives, aligned learning activities, valid assessment evidence, learner interaction, and accessible options for demonstrating mastery.",NSQ Online Courses 2025
FF.G5.SS.01,Social Studies,Tennessee Academic Standards,SSP.01,Direct,"Tennessee content is primary; Common Core literacy standards support disciplinary reading, writing, speaking, and inquiry. NGSS is not applicable.",TN Social Studies 2024 PDF pp.68–69
FF.G5.SS.01,Social Studies,Common Core State Standards,CCSS.ELA-LITERACY.RI.5.7,Supporting,"Tennessee content is primary; Common Core literacy standards support disciplinary reading, writing, speaking, and inquiry. NGSS is not applicable.",TN Social Studies 2024 PDF pp.68–69
FF.G5.SS.01,Social Studies,Common Core State Standards,CCSS.ELA-LITERACY.W.5.7,Supporting,"Tennessee content is primary; Common Core literacy standards support disciplinary reading, writing, speaking, and inquiry. NGSS is not applicable.",TN Social Studies 2024 PDF pp.68–69
FF.G5.SS.01,Social Studies,NSQ Online Courses (2025),B1,Design Alignment,"The competency supports measurable objectives, aligned learning activities, valid assessment evidence, learner interaction, and accessible options for demonstrating mastery.",NSQ Online Courses 2025
FF.G5.SS.01,Social Studies,NSQ Online Courses (2025),B2,Design Alignment,"The competency supports measurable objectives, aligned learning activities, valid assessment evidence, learner interaction, and accessible options for demonstrating mastery.",NSQ Online Courses 2025
FF.G5.SS.01,Social Studies,NSQ Online Courses (2025),C2,Design Alignment,"The competency supports measurable objectives, aligned learning activities, valid assessment evidence, learner interaction, and accessible options for demonstrating mastery.",NSQ Online Courses 2025
FF.G5.SS.01,Social Studies,NSQ Online Courses (2025),D1,Design Alignment,"The competency supports measurable objectives, aligned learning activities, valid assessment evidence, learner interaction, and accessible options for demonstrating mastery.",NSQ Online Courses 2025
FF.G5.SS.01,Social Studies,NSQ Online Courses (2025),D2,Design Alignment,"The competency supports measurable objectives, aligned learning activities, valid assessment evidence, learner interaction, and accessible options for demonstrating mastery.",NSQ Online Courses 2025
FF.G5.SS.01,Social Studies,NSQ Online Courses (2025),D4,Design Alignment,"The competency supports measurable objectives, aligned learning activities, valid assessment evidence, learner interaction, and accessible options for demonstrating mastery.",NSQ Online Courses 2025
FF.G5.SS.02,Social Studies,Tennessee Academic Standards,SSP.02,Direct,"Tennessee content is primary; Common Core literacy standards support disciplinary reading, writing, speaking, and inquiry. NGSS is not applicable.",TN Social Studies 2024 PDF pp.68–69
FF.G5.SS.02,Social Studies,Common Core State Standards,CCSS.ELA-LITERACY.RI.5.1,Supporting,"Tennessee content is primary; Common Core literacy standards support disciplinary reading, writing, speaking, and inquiry. NGSS is not applicable.",TN Social Studies 2024 PDF pp.68–69
FF.G5.SS.02,Social Studies,Common Core State Standards,CCSS.ELA-LITERACY.RI.5.6,Supporting,"Tennessee content is primary; Common Core literacy standards support disciplinary reading, writing, speaking, and inquiry. NGSS is not applicable.",TN Social Studies 2024 PDF pp.68–69
FF.G5.SS.02,Social Studies,Common Core State Standards,CCSS.ELA-LITERACY.RI.5.8,Supporting,"Tennessee content is primary; Common Core literacy standards support disciplinary reading, writing, speaking, and inquiry. NGSS is not applicable.",TN Social Studies 2024 PDF pp.68–69
FF.G5.SS.02,Social Studies,NSQ Online Courses (2025),B1,Design Alignment,"The competency supports measurable objectives, aligned learning activities, valid assessment evidence, learner interaction, and accessible options for demonstrating mastery.",NSQ Online Courses 2025
FF.G5.SS.02,Social Studies,NSQ Online Courses (2025),B2,Design Alignment,"The competency supports measurable objectives, aligned learning activities, valid assessment evidence, learner interaction, and accessible options for demonstrating mastery.",NSQ Online Courses 2025
FF.G5.SS.02,Social Studies,NSQ Online Courses (2025),C2,Design Alignment,"The competency supports measurable objectives, aligned learning activities, valid assessment evidence, learner interaction, and accessible options for demonstrating mastery.",NSQ Online Courses 2025
FF.G5.SS.02,Social Studies,NSQ Online Courses (2025),D1,Design Alignment,"The competency supports measurable objectives, aligned learning activities, valid assessment evidence, learner interaction, and accessible options for demonstrating mastery.",NSQ Online Courses 2025
FF.G5.SS.02,Social Studies,NSQ Online Courses (2025),D2,Design Alignment,"The competency supports measurable objectives, aligned learning activities, valid assessment evidence, learner interaction, and accessible options for demonstrating mastery.",NSQ Online Courses 2025
FF.G5.SS.02,Social Studies,NSQ Online Courses (2025),D4,Design Alignment,"The competency supports measurable objectives, aligned learning activities, valid assessment evidence, learner interaction, and accessible options for demonstrating mastery.",NSQ Online Courses 2025
FF.G5.SS.03,Social Studies,Tennessee Academic Standards,SSP.03,Direct,"Tennessee content is primary; Common Core literacy standards support disciplinary reading, writing, speaking, and inquiry. NGSS is not applicable.",TN Social Studies 2024 PDF pp.68–69
FF.G5.SS.03,Social Studies,Common Core State Standards,CCSS.ELA-LITERACY.RI.5.9,Supporting,"Tennessee content is primary; Common Core literacy standards support disciplinary reading, writing, speaking, and inquiry. NGSS is not applicable.",TN Social Studies 2024 PDF pp.68–69
FF.G5.SS.03,Social Studies,Common Core State Standards,CCSS.ELA-LITERACY.W.5.8,Supporting,"Tennessee content is primary; Common Core literacy standards support disciplinary reading, writing, speaking, and inquiry. NGSS is not applicable.",TN Social Studies 2024 PDF pp.68–69
FF.G5.SS.03,Social Studies,NSQ Online Courses (2025),B1,Design Alignment,"The competency supports measurable objectives, aligned learning activities, valid assessment evidence, learner interaction, and accessible options for demonstrating mastery.",NSQ Online Courses 2025
FF.G5.SS.03,Social Studies,NSQ Online Courses (2025),B2,Design Alignment,"The competency supports measurable objectives, aligned learning activities, valid assessment evidence, learner interaction, and accessible options for demonstrating mastery.",NSQ Online Courses 2025
FF.G5.SS.03,Social Studies,NSQ Online Courses (2025),C2,Design Alignment,"The competency supports measurable objectives, aligned learning activities, valid assessment evidence, learner interaction, and accessible options for demonstrating mastery.",NSQ Online Courses 2025
FF.G5.SS.03,Social Studies,NSQ Online Courses (2025),D1,Design Alignment,"The competency supports measurable objectives, aligned learning activities, valid assessment evidence, learner interaction, and accessible options for demonstrating mastery.",NSQ Online Courses 2025
FF.G5.SS.03,Social Studies,NSQ Online Courses (2025),D2,Design Alignment,"The competency supports measurable objectives, aligned learning activities, valid assessment evidence, learner interaction, and accessible options for demonstrating mastery.",NSQ Online Courses 2025
FF.G5.SS.03,Social Studies,NSQ Online Courses (2025),D4,Design Alignment,"The competency supports measurable objectives, aligned learning activities, valid assessment evidence, learner interaction, and accessible options for demonstrating mastery.",NSQ Online Courses 2025
FF.G5.SS.04,Social Studies,Tennessee Academic Standards,SSP.04,Direct,"Tennessee content is primary; Common Core literacy standards support disciplinary reading, writing, speaking, and inquiry. NGSS is not applicable.",TN Social Studies 2024 PDF pp.68–69
FF.G5.SS.04,Social Studies,Common Core State Standards,CCSS.ELA-LITERACY.W.5.1,Supporting,"Tennessee content is primary; Common Core literacy standards support disciplinary reading, writing, speaking, and inquiry. NGSS is not applicable.",TN Social Studies 2024 PDF pp.68–69
FF.G5.SS.04,Social Studies,Common Core State Standards,CCSS.ELA-LITERACY.SL.5.1,Supporting,"Tennessee content is primary; Common Core literacy standards support disciplinary reading, writing, speaking, and inquiry. NGSS is not applicable.",TN Social Studies 2024 PDF pp.68–69
FF.G5.SS.04,Social Studies,Common Core State Standards,CCSS.ELA-LITERACY.SL.5.4,Supporting,"Tennessee content is primary; Common Core literacy standards support disciplinary reading, writing, speaking, and inquiry. NGSS is not applicable.",TN Social Studies 2024 PDF pp.68–69
FF.G5.SS.04,Social Studies,NSQ Online Courses (2025),B1,Design Alignment,"The competency supports measurable objectives, aligned learning activities, valid assessment evidence, learner interaction, and accessible options for demonstrating mastery.",NSQ Online Courses 2025
FF.G5.SS.04,Social Studies,NSQ Online Courses (2025),B2,Design Alignment,"The competency supports measurable objectives, aligned learning activities, valid assessment evidence, learner interaction, and accessible options for demonstrating mastery.",NSQ Online Courses 2025
FF.G5.SS.04,Social Studies,NSQ Online Courses (2025),C2,Design Alignment,"The competency supports measurable objectives, aligned learning activities, valid assessment evidence, learner interaction, and accessible options for demonstrating mastery.",NSQ Online Courses 2025
FF.G5.SS.04,Social Studies,NSQ Online Courses (2025),D1,Design Alignment,"The competency supports measurable objectives, aligned learning activities, valid assessment evidence, learner interaction, and accessible options for demonstrating mastery.",NSQ Online Courses 2025
FF.G5.SS.04,Social Studies,NSQ Online Courses (2025),D2,Design Alignment,"The competency supports measurable objectives, aligned learning activities, valid assessment evidence, learner interaction, and accessible options for demonstrating mastery.",NSQ Online Courses 2025
FF.G5.SS.04,Social Studies,NSQ Online Courses (2025),D4,Design Alignment,"The competency supports measurable objectives, aligned learning activities, valid assessment evidence, learner interaction, and accessible options for demonstrating mastery.",NSQ Online Courses 2025
FF.G5.SS.05,Social Studies,Tennessee Academic Standards,SSP.05,Direct,"Tennessee content is primary; Common Core literacy standards support disciplinary reading, writing, speaking, and inquiry. NGSS is not applicable.",TN Social Studies 2024 PDF pp.68–69
FF.G5.SS.05,Social Studies,Common Core State Standards,CCSS.ELA-LITERACY.RI.5.3,Supporting,"Tennessee content is primary; Common Core literacy standards support disciplinary reading, writing, speaking, and inquiry. NGSS is not applicable.",TN Social Studies 2024 PDF pp.68–69
FF.G5.SS.05,Social Studies,Common Core State Standards,CCSS.ELA-LITERACY.RI.5.6,Supporting,"Tennessee content is primary; Common Core literacy standards support disciplinary reading, writing, speaking, and inquiry. NGSS is not applicable.",TN Social Studies 2024 PDF pp.68–69
FF.G5.SS.05,Social Studies,Common Core State Standards,CCSS.ELA-LITERACY.RI.5.9,Supporting,"Tennessee content is primary; Common Core literacy standards support disciplinary reading, writing, speaking, and inquiry. NGSS is not applicable.",TN Social Studies 2024 PDF pp.68–69
FF.G5.SS.05,Social Studies,NSQ Online Courses (2025),B1,Design Alignment,"The competency supports measurable objectives, aligned learning activities, valid assessment evidence, learner interaction, and accessible options for demonstrating mastery.",NSQ Online Courses 2025
FF.G5.SS.05,Social Studies,NSQ Online Courses (2025),B2,Design Alignment,"The competency supports measurable objectives, aligned learning activities, valid assessment evidence, learner interaction, and accessible options for demonstrating mastery.",NSQ Online Courses 2025
FF.G5.SS.05,Social Studies,NSQ Online Courses (2025),C2,Design Alignment,"The competency supports measurable objectives, aligned learning activities, valid assessment evidence, learner interaction, and accessible options for demonstrating mastery.",NSQ Online Courses 2025
FF.G5.SS.05,Social Studies,NSQ Online Courses (2025),D1,Design Alignment,"The competency supports measurable objectives, aligned learning activities, valid assessment evidence, learner interaction, and accessible options for demonstrating mastery.",NSQ Online Courses 2025
FF.G5.SS.05,Social Studies,NSQ Online Courses (2025),D2,Design Alignment,"The competency supports measurable objectives, aligned learning activities, valid assessment evidence, learner interaction, and accessible options for demonstrating mastery.",NSQ Online Courses 2025
FF.G5.SS.05,Social Studies,NSQ Online Courses (2025),D4,Design Alignment,"The competency supports measurable objectives, aligned learning activities, valid assessment evidence, learner interaction, and accessible options for demonstrating mastery.",NSQ Online Courses 2025
FF.G5.SS.06,Social Studies,Tennessee Academic Standards,SSP.06,Direct,"Tennessee content is primary; Common Core literacy standards support disciplinary reading, writing, speaking, and inquiry. NGSS is not applicable.",TN Social Studies 2024 PDF pp.68–69
FF.G5.SS.06,Social Studies,Common Core State Standards,CCSS.ELA-LITERACY.RI.5.7,Supporting,"Tennessee content is primary; Common Core literacy standards support disciplinary reading, writing, speaking, and inquiry. NGSS is not applicable.",TN Social Studies 2024 PDF pp.68–69
FF.G5.SS.06,Social Studies,Common Core State Standards,CCSS.ELA-LITERACY.W.5.2,Supporting,"Tennessee content is primary; Common Core literacy standards support disciplinary reading, writing, speaking, and inquiry. NGSS is not applicable.",TN Social Studies 2024 PDF pp.68–69
FF.G5.SS.06,Social Studies,NSQ Online Courses (2025),B1,Design Alignment,"The competency supports measurable objectives, aligned learning activities, valid assessment evidence, learner interaction, and accessible options for demonstrating mastery.",NSQ Online Courses 2025
FF.G5.SS.06,Social Studies,NSQ Online Courses (2025),B2,Design Alignment,"The competency supports measurable objectives, aligned learning activities, valid assessment evidence, learner interaction, and accessible options for demonstrating mastery.",NSQ Online Courses 2025
FF.G5.SS.06,Social Studies,NSQ Online Courses (2025),C2,Design Alignment,"The competency supports measurable objectives, aligned learning activities, valid assessment evidence, learner interaction, and accessible options for demonstrating mastery.",NSQ Online Courses 2025
FF.G5.SS.06,Social Studies,NSQ Online Courses (2025),D1,Design Alignment,"The competency supports measurable objectives, aligned learning activities, valid assessment evidence, learner interaction, and accessible options for demonstrating mastery.",NSQ Online Courses 2025
FF.G5.SS.06,Social Studies,NSQ Online Courses (2025),D2,Design Alignment,"The competency supports measurable objectives, aligned learning activities, valid assessment evidence, learner interaction, and accessible options for demonstrating mastery.",NSQ Online Courses 2025
FF.G5.SS.06,Social Studies,NSQ Online Courses (2025),D4,Design Alignment,"The competency supports measurable objectives, aligned learning activities, valid assessment evidence, learner interaction, and accessible options for demonstrating mastery.",NSQ Online Courses 2025
FF.G5.SS.07,Social Studies,Tennessee Academic Standards,5.01,Direct,"Tennessee content is primary; Common Core literacy standards support disciplinary reading, writing, speaking, and inquiry. NGSS is not applicable.",TN Social Studies 2024 PDF p.70
FF.G5.SS.07,Social Studies,Tennessee Academic Standards,5.02,Direct,"Tennessee content is primary; Common Core literacy standards support disciplinary reading, writing, speaking, and inquiry. NGSS is not applicable.",TN Social Studies 2024 PDF p.70
FF.G5.SS.07,Social Studies,Tennessee Academic Standards,5.03,Direct,"Tennessee content is primary; Common Core literacy standards support disciplinary reading, writing, speaking, and inquiry. NGSS is not applicable.",TN Social Studies 2024 PDF p.70
FF.G5.SS.07,Social Studies,Common Core State Standards,CCSS.ELA-LITERACY.RI.5.1,Supporting,"Tennessee content is primary; Common Core literacy standards support disciplinary reading, writing, speaking, and inquiry. NGSS is not applicable.",TN Social Studies 2024 PDF p.70
FF.G5.SS.07,Social Studies,Common Core State Standards,CCSS.ELA-LITERACY.RI.5.6,Supporting,"Tennessee content is primary; Common Core literacy standards support disciplinary reading, writing, speaking, and inquiry. NGSS is not applicable.",TN Social Studies 2024 PDF p.70
FF.G5.SS.07,Social Studies,Common Core State Standards,CCSS.ELA-LITERACY.RI.5.9,Supporting,"Tennessee content is primary; Common Core literacy standards support disciplinary reading, writing, speaking, and inquiry. NGSS is not applicable.",TN Social Studies 2024 PDF p.70
FF.G5.SS.07,Social Studies,NSQ Online Courses (2025),B1,Design Alignment,"The competency supports measurable objectives, aligned learning activities, valid assessment evidence, learner interaction, and accessible options for demonstrating mastery.",NSQ Online Courses 2025
FF.G5.SS.07,Social Studies,NSQ Online Courses (2025),B2,Design Alignment,"The competency supports measurable objectives, aligned learning activities, valid assessment evidence, learner interaction, and accessible options for demonstrating mastery.",NSQ Online Courses 2025
FF.G5.SS.07,Social Studies,NSQ Online Courses (2025),C2,Design Alignment,"The competency supports measurable objectives, aligned learning activities, valid assessment evidence, learner interaction, and accessible options for demonstrating mastery.",NSQ Online Courses 2025
FF.G5.SS.07,Social Studies,NSQ Online Courses (2025),D1,Design Alignment,"The competency supports measurable objectives, aligned learning activities, valid assessment evidence, learner interaction, and accessible options for demonstrating mastery.",NSQ Online Courses 2025
FF.G5.SS.07,Social Studies,NSQ Online Courses (2025),D2,Design Alignment,"The competency supports measurable objectives, aligned learning activities, valid assessment evidence, learner interaction, and accessible options for demonstrating mastery.",NSQ Online Courses 2025
FF.G5.SS.07,Social Studies,NSQ Online Courses (2025),D4,Design Alignment,"The competency supports measurable objectives, aligned learning activities, valid assessment evidence, learner interaction, and accessible options for demonstrating mastery.",NSQ Online Courses 2025
FF.G5.SS.08,Social Studies,Tennessee Academic Standards,5.04,Direct,"Tennessee content is primary; Common Core literacy standards support disciplinary reading, writing, speaking, and inquiry. NGSS is not applicable.",TN Social Studies 2024 PDF p.70
FF.G5.SS.08,Social Studies,Tennessee Academic Standards,5.05,Direct,"Tennessee content is primary; Common Core literacy standards support disciplinary reading, writing, speaking, and inquiry. NGSS is not applicable.",TN Social Studies 2024 PDF p.70
FF.G5.SS.08,Social Studies,Tennessee Academic Standards,5.06,Direct,"Tennessee content is primary; Common Core literacy standards support disciplinary reading, writing, speaking, and inquiry. NGSS is not applicable.",TN Social Studies 2024 PDF p.70
FF.G5.SS.08,Social Studies,Tennessee Academic Standards,5.07,Direct,"Tennessee content is primary; Common Core literacy standards support disciplinary reading, writing, speaking, and inquiry. NGSS is not applicable.",TN Social Studies 2024 PDF p.70
FF.G5.SS.08,Social Studies,Tennessee Academic Standards,5.08,Direct,"Tennessee content is primary; Common Core literacy standards support disciplinary reading, writing, speaking, and inquiry. NGSS is not applicable.",TN Social Studies 2024 PDF p.70
FF.G5.SS.08,Social Studies,Tennessee Academic Standards,5.09,Direct,"Tennessee content is primary; Common Core literacy standards support disciplinary reading, writing, speaking, and inquiry. NGSS is not applicable.",TN Social Studies 2024 PDF p.70
FF.G5.SS.08,Social Studies,Common Core State Standards,CCSS.ELA-LITERACY.RI.5.3,Supporting,"Tennessee content is primary; Common Core literacy standards support disciplinary reading, writing, speaking, and inquiry. NGSS is not applicable.",TN Social Studies 2024 PDF p.70
FF.G5.SS.08,Social Studies,Common Core State Standards,CCSS.ELA-LITERACY.RI.5.7,Supporting,"Tennessee content is primary; Common Core literacy standards support disciplinary reading, writing, speaking, and inquiry. NGSS is not applicable.",TN Social Studies 2024 PDF p.70
FF.G5.SS.08,Social Studies,Common Core State Standards,CCSS.ELA-LITERACY.W.5.2,Supporting,"Tennessee content is primary; Common Core literacy standards support disciplinary reading, writing, speaking, and inquiry. NGSS is not applicable.",TN Social Studies 2024 PDF p.70
FF.G5.SS.08,Social Studies,NSQ Online Courses (2025),B1,Design Alignment,"The competency supports measurable objectives, aligned learning activities, valid assessment evidence, learner interaction, and accessible options for demonstrating mastery.",NSQ Online Courses 2025
FF.G5.SS.08,Social Studies,NSQ Online Courses (2025),B2,Design Alignment,"The competency supports measurable objectives, aligned learning activities, valid assessment evidence, learner interaction, and accessible options for demonstrating mastery.",NSQ Online Courses 2025
FF.G5.SS.08,Social Studies,NSQ Online Courses (2025),C2,Design Alignment,"The competency supports measurable objectives, aligned learning activities, valid assessment evidence, learner interaction, and accessible options for demonstrating mastery.",NSQ Online Courses 2025
FF.G5.SS.08,Social Studies,NSQ Online Courses (2025),D1,Design Alignment,"The competency supports measurable objectives, aligned learning activities, valid assessment evidence, learner interaction, and accessible options for demonstrating mastery.",NSQ Online Courses 2025
FF.G5.SS.08,Social Studies,NSQ Online Courses (2025),D2,Design Alignment,"The competency supports measurable objectives, aligned learning activities, valid assessment evidence, learner interaction, and accessible options for demonstrating mastery.",NSQ Online Courses 2025
FF.G5.SS.08,Social Studies,NSQ Online Courses (2025),D4,Design Alignment,"The competency supports measurable objectives, aligned learning activities, valid assessment evidence, learner interaction, and accessible options for demonstrating mastery.",NSQ Online Courses 2025
FF.G5.SS.09,Social Studies,Tennessee Academic Standards,5.10,Direct,"Tennessee content is primary; Common Core literacy standards support disciplinary reading, writing, speaking, and inquiry. NGSS is not applicable.",TN Social Studies 2024 PDF p.71
FF.G5.SS.09,Social Studies,Tennessee Academic Standards,5.11,Direct,"Tennessee content is primary; Common Core literacy standards support disciplinary reading, writing, speaking, and inquiry. NGSS is not applicable.",TN Social Studies 2024 PDF p.71
FF.G5.SS.09,Social Studies,Tennessee Academic Standards,5.13,Direct,"Tennessee content is primary; Common Core literacy standards support disciplinary reading, writing, speaking, and inquiry. NGSS is not applicable.",TN Social Studies 2024 PDF p.71
FF.G5.SS.09,Social Studies,Common Core State Standards,CCSS.ELA-LITERACY.RI.5.3,Supporting,"Tennessee content is primary; Common Core literacy standards support disciplinary reading, writing, speaking, and inquiry. NGSS is not applicable.",TN Social Studies 2024 PDF p.71
FF.G5.SS.09,Social Studies,Common Core State Standards,CCSS.ELA-LITERACY.RI.5.7,Supporting,"Tennessee content is primary; Common Core literacy standards support disciplinary reading, writing, speaking, and inquiry. NGSS is not applicable.",TN Social Studies 2024 PDF p.71
FF.G5.SS.09,Social Studies,Common Core State Standards,CCSS.ELA-LITERACY.W.5.2,Supporting,"Tennessee content is primary; Common Core literacy standards support disciplinary reading, writing, speaking, and inquiry. NGSS is not applicable.",TN Social Studies 2024 PDF p.71
FF.G5.SS.09,Social Studies,NSQ Online Courses (2025),B1,Design Alignment,"The competency supports measurable objectives, aligned learning activities, valid assessment evidence, learner interaction, and accessible options for demonstrating mastery.",NSQ Online Courses 2025
FF.G5.SS.09,Social Studies,NSQ Online Courses (2025),B2,Design Alignment,"The competency supports measurable objectives, aligned learning activities, valid assessment evidence, learner interaction, and accessible options for demonstrating mastery.",NSQ Online Courses 2025
FF.G5.SS.09,Social Studies,NSQ Online Courses (2025),C2,Design Alignment,"The competency supports measurable objectives, aligned learning activities, valid assessment evidence, learner interaction, and accessible options for demonstrating mastery.",NSQ Online Courses 2025
FF.G5.SS.09,Social Studies,NSQ Online Courses (2025),D1,Design Alignment,"The competency supports measurable objectives, aligned learning activities, valid assessment evidence, learner interaction, and accessible options for demonstrating mastery.",NSQ Online Courses 2025
FF.G5.SS.09,Social Studies,NSQ Online Courses (2025),D2,Design Alignment,"The competency supports measurable objectives, aligned learning activities, valid assessment evidence, learner interaction, and accessible options for demonstrating mastery.",NSQ Online Courses 2025
FF.G5.SS.09,Social Studies,NSQ Online Courses (2025),D4,Design Alignment,"The competency supports measurable objectives, aligned learning activities, valid assessment evidence, learner interaction, and accessible options for demonstrating mastery.",NSQ Online Courses 2025
FF.G5.SS.10,Social Studies,Tennessee Academic Standards,5.12,Direct,"Tennessee content is primary; Common Core literacy standards support disciplinary reading, writing, speaking, and inquiry. NGSS is not applicable.",TN Social Studies 2024 PDF p.71
FF.G5.SS.10,Social Studies,Tennessee Academic Standards,5.14,Direct,"Tennessee content is primary; Common Core literacy standards support disciplinary reading, writing, speaking, and inquiry. NGSS is not applicable.",TN Social Studies 2024 PDF p.71
FF.G5.SS.10,Social Studies,Tennessee Academic Standards,5.15,Direct,"Tennessee content is primary; Common Core literacy standards support disciplinary reading, writing, speaking, and inquiry. NGSS is not applicable.",TN Social Studies 2024 PDF p.71
FF.G5.SS.10,Social Studies,Common Core State Standards,CCSS.ELA-LITERACY.RI.5.1,Supporting,"Tennessee content is primary; Common Core literacy standards support disciplinary reading, writing, speaking, and inquiry. NGSS is not applicable.",TN Social Studies 2024 PDF p.71
FF.G5.SS.10,Social Studies,Common Core State Standards,CCSS.ELA-LITERACY.RI.5.6,Supporting,"Tennessee content is primary; Common Core literacy standards support disciplinary reading, writing, speaking, and inquiry. NGSS is not applicable.",TN Social Studies 2024 PDF p.71
FF.G5.SS.10,Social Studies,Common Core State Standards,CCSS.ELA-LITERACY.W.5.1,Supporting,"Tennessee content is primary; Common Core literacy standards support disciplinary reading, writing, speaking, and inquiry. NGSS is not applicable.",TN Social Studies 2024 PDF p.71
FF.G5.SS.10,Social Studies,NSQ Online Courses (2025),B1,Design Alignment,"The competency supports measurable objectives, aligned learning activities, valid assessment evidence, learner interaction, and accessible options for demonstrating mastery.",NSQ Online Courses 2025
FF.G5.SS.10,Social Studies,NSQ Online Courses (2025),B2,Design Alignment,"The competency supports measurable objectives, aligned learning activities, valid assessment evidence, learner interaction, and accessible options for demonstrating mastery.",NSQ Online Courses 2025
FF.G5.SS.10,Social Studies,NSQ Online Courses (2025),C2,Design Alignment,"The competency supports measurable objectives, aligned learning activities, valid assessment evidence, learner interaction, and accessible options for demonstrating mastery.",NSQ Online Courses 2025
FF.G5.SS.10,Social Studies,NSQ Online Courses (2025),D1,Design Alignment,"The competency supports measurable objectives, aligned learning activities, valid assessment evidence, learner interaction, and accessible options for demonstrating mastery.",NSQ Online Courses 2025
FF.G5.SS.10,Social Studies,NSQ Online Courses (2025),D2,Design Alignment,"The competency supports measurable objectives, aligned learning activities, valid assessment evidence, learner interaction, and accessible options for demonstrating mastery.",NSQ Online Courses 2025
FF.G5.SS.10,Social Studies,NSQ Online Courses (2025),D4,Design Alignment,"The competency supports measurable objectives, aligned learning activities, valid assessment evidence, learner interaction, and accessible options for demonstrating mastery.",NSQ Online Courses 2025
FF.G5.SS.11,Social Studies,Tennessee Academic Standards,5.16,Direct,"Tennessee content is primary; Common Core literacy standards support disciplinary reading, writing, speaking, and inquiry. NGSS is not applicable.",TN Social Studies 2024 PDF p.72
FF.G5.SS.11,Social Studies,Tennessee Academic Standards,5.17,Direct,"Tennessee content is primary; Common Core literacy standards support disciplinary reading, writing, speaking, and inquiry. NGSS is not applicable.",TN Social Studies 2024 PDF p.72
FF.G5.SS.11,Social Studies,Tennessee Academic Standards,5.18,Direct,"Tennessee content is primary; Common Core literacy standards support disciplinary reading, writing, speaking, and inquiry. NGSS is not applicable.",TN Social Studies 2024 PDF p.72
FF.G5.SS.11,Social Studies,Common Core State Standards,CCSS.ELA-LITERACY.RI.5.3,Supporting,"Tennessee content is primary; Common Core literacy standards support disciplinary reading, writing, speaking, and inquiry. NGSS is not applicable.",TN Social Studies 2024 PDF p.72
FF.G5.SS.11,Social Studies,Common Core State Standards,CCSS.ELA-LITERACY.RI.5.7,Supporting,"Tennessee content is primary; Common Core literacy standards support disciplinary reading, writing, speaking, and inquiry. NGSS is not applicable.",TN Social Studies 2024 PDF p.72
FF.G5.SS.11,Social Studies,Common Core State Standards,CCSS.ELA-LITERACY.W.5.2,Supporting,"Tennessee content is primary; Common Core literacy standards support disciplinary reading, writing, speaking, and inquiry. NGSS is not applicable.",TN Social Studies 2024 PDF p.72
FF.G5.SS.11,Social Studies,NSQ Online Courses (2025),B1,Design Alignment,"The competency supports measurable objectives, aligned learning activities, valid assessment evidence, learner interaction, and accessible options for demonstrating mastery.",NSQ Online Courses 2025
FF.G5.SS.11,Social Studies,NSQ Online Courses (2025),B2,Design Alignment,"The competency supports measurable objectives, aligned learning activities, valid assessment evidence, learner interaction, and accessible options for demonstrating mastery.",NSQ Online Courses 2025
FF.G5.SS.11,Social Studies,NSQ Online Courses (2025),C2,Design Alignment,"The competency supports measurable objectives, aligned learning activities, valid assessment evidence, learner interaction, and accessible options for demonstrating mastery.",NSQ Online Courses 2025
FF.G5.SS.11,Social Studies,NSQ Online Courses (2025),D1,Design Alignment,"The competency supports measurable objectives, aligned learning activities, valid assessment evidence, learner interaction, and accessible options for demonstrating mastery.",NSQ Online Courses 2025
FF.G5.SS.11,Social Studies,NSQ Online Courses (2025),D2,Design Alignment,"The competency supports measurable objectives, aligned learning activities, valid assessment evidence, learner interaction, and accessible options for demonstrating mastery.",NSQ Online Courses 2025
FF.G5.SS.11,Social Studies,NSQ Online Courses (2025),D4,Design Alignment,"The competency supports measurable objectives, aligned learning activities, valid assessment evidence, learner interaction, and accessible options for demonstrating mastery.",NSQ Online Courses 2025
FF.G5.SS.12,Social Studies,Tennessee Academic Standards,5.19,Direct,"Tennessee content is primary; Common Core literacy standards support disciplinary reading, writing, speaking, and inquiry. NGSS is not applicable.",TN Social Studies 2024 PDF p.72
FF.G5.SS.12,Social Studies,Tennessee Academic Standards,5.20,Direct,"Tennessee content is primary; Common Core literacy standards support disciplinary reading, writing, speaking, and inquiry. NGSS is not applicable.",TN Social Studies 2024 PDF p.72
FF.G5.SS.12,Social Studies,Tennessee Academic Standards,5.21,Direct,"Tennessee content is primary; Common Core literacy standards support disciplinary reading, writing, speaking, and inquiry. NGSS is not applicable.",TN Social Studies 2024 PDF p.72
FF.G5.SS.12,Social Studies,Common Core State Standards,CCSS.ELA-LITERACY.RI.5.1,Supporting,"Tennessee content is primary; Common Core literacy standards support disciplinary reading, writing, speaking, and inquiry. NGSS is not applicable.",TN Social Studies 2024 PDF p.72
FF.G5.SS.12,Social Studies,Common Core State Standards,CCSS.ELA-LITERACY.RI.5.3,Supporting,"Tennessee content is primary; Common Core literacy standards support disciplinary reading, writing, speaking, and inquiry. NGSS is not applicable.",TN Social Studies 2024 PDF p.72
FF.G5.SS.12,Social Studies,Common Core State Standards,CCSS.ELA-LITERACY.W.5.2,Supporting,"Tennessee content is primary; Common Core literacy standards support disciplinary reading, writing, speaking, and inquiry. NGSS is not applicable.",TN Social Studies 2024 PDF p.72
FF.G5.SS.12,Social Studies,NSQ Online Courses (2025),B1,Design Alignment,"The competency supports measurable objectives, aligned learning activities, valid assessment evidence, learner interaction, and accessible options for demonstrating mastery.",NSQ Online Courses 2025
FF.G5.SS.12,Social Studies,NSQ Online Courses (2025),B2,Design Alignment,"The competency supports measurable objectives, aligned learning activities, valid assessment evidence, learner interaction, and accessible options for demonstrating mastery.",NSQ Online Courses 2025
FF.G5.SS.12,Social Studies,NSQ Online Courses (2025),C2,Design Alignment,"The competency supports measurable objectives, aligned learning activities, valid assessment evidence, learner interaction, and accessible options for demonstrating mastery.",NSQ Online Courses 2025
FF.G5.SS.12,Social Studies,NSQ Online Courses (2025),D1,Design Alignment,"The competency supports measurable objectives, aligned learning activities, valid assessment evidence, learner interaction, and accessible options for demonstrating mastery.",NSQ Online Courses 2025
FF.G5.SS.12,Social Studies,NSQ Online Courses (2025),D2,Design Alignment,"The competency supports measurable objectives, aligned learning activities, valid assessment evidence, learner interaction, and accessible options for demonstrating mastery.",NSQ Online Courses 2025
FF.G5.SS.12,Social Studies,NSQ Online Courses (2025),D4,Design Alignment,"The competency supports measurable objectives, aligned learning activities, valid assessment evidence, learner interaction, and accessible options for demonstrating mastery.",NSQ Online Courses 2025
FF.G5.SS.13,Social Studies,Tennessee Academic Standards,5.22,Direct,"Tennessee content is primary; Common Core literacy standards support disciplinary reading, writing, speaking, and inquiry. NGSS is not applicable.",TN Social Studies 2024 PDF pp.72–73
FF.G5.SS.13,Social Studies,Tennessee Academic Standards,5.23,Direct,"Tennessee content is primary; Common Core literacy standards support disciplinary reading, writing, speaking, and inquiry. NGSS is not applicable.",TN Social Studies 2024 PDF pp.72–73
FF.G5.SS.13,Social Studies,Common Core State Standards,CCSS.ELA-LITERACY.RI.5.1,Supporting,"Tennessee content is primary; Common Core literacy standards support disciplinary reading, writing, speaking, and inquiry. NGSS is not applicable.",TN Social Studies 2024 PDF pp.72–73
FF.G5.SS.13,Social Studies,Common Core State Standards,CCSS.ELA-LITERACY.RI.5.6,Supporting,"Tennessee content is primary; Common Core literacy standards support disciplinary reading, writing, speaking, and inquiry. NGSS is not applicable.",TN Social Studies 2024 PDF pp.72–73
FF.G5.SS.13,Social Studies,Common Core State Standards,CCSS.ELA-LITERACY.W.5.1,Supporting,"Tennessee content is primary; Common Core literacy standards support disciplinary reading, writing, speaking, and inquiry. NGSS is not applicable.",TN Social Studies 2024 PDF pp.72–73
FF.G5.SS.13,Social Studies,NSQ Online Courses (2025),B1,Design Alignment,"The competency supports measurable objectives, aligned learning activities, valid assessment evidence, learner interaction, and accessible options for demonstrating mastery.",NSQ Online Courses 2025
FF.G5.SS.13,Social Studies,NSQ Online Courses (2025),B2,Design Alignment,"The competency supports measurable objectives, aligned learning activities, valid assessment evidence, learner interaction, and accessible options for demonstrating mastery.",NSQ Online Courses 2025
FF.G5.SS.13,Social Studies,NSQ Online Courses (2025),C2,Design Alignment,"The competency supports measurable objectives, aligned learning activities, valid assessment evidence, learner interaction, and accessible options for demonstrating mastery.",NSQ Online Courses 2025
FF.G5.SS.13,Social Studies,NSQ Online Courses (2025),D1,Design Alignment,"The competency supports measurable objectives, aligned learning activities, valid assessment evidence, learner interaction, and accessible options for demonstrating mastery.",NSQ Online Courses 2025
FF.G5.SS.13,Social Studies,NSQ Online Courses (2025),D2,Design Alignment,"The competency supports measurable objectives, aligned learning activities, valid assessment evidence, learner interaction, and accessible options for demonstrating mastery.",NSQ Online Courses 2025
FF.G5.SS.13,Social Studies,NSQ Online Courses (2025),D4,Design Alignment,"The competency supports measurable objectives, aligned learning activities, valid assessment evidence, learner interaction, and accessible options for demonstrating mastery.",NSQ Online Courses 2025
FF.G5.SS.14,Social Studies,Tennessee Academic Standards,5.24,Direct,"Tennessee content is primary; Common Core literacy standards support disciplinary reading, writing, speaking, and inquiry. NGSS is not applicable.",TN Social Studies 2024 PDF p.74
FF.G5.SS.14,Social Studies,Tennessee Academic Standards,5.25,Direct,"Tennessee content is primary; Common Core literacy standards support disciplinary reading, writing, speaking, and inquiry. NGSS is not applicable.",TN Social Studies 2024 PDF p.74
FF.G5.SS.14,Social Studies,Tennessee Academic Standards,5.26,Direct,"Tennessee content is primary; Common Core literacy standards support disciplinary reading, writing, speaking, and inquiry. NGSS is not applicable.",TN Social Studies 2024 PDF p.74
FF.G5.SS.14,Social Studies,Common Core State Standards,CCSS.ELA-LITERACY.RI.5.3,Supporting,"Tennessee content is primary; Common Core literacy standards support disciplinary reading, writing, speaking, and inquiry. NGSS is not applicable.",TN Social Studies 2024 PDF p.74
FF.G5.SS.14,Social Studies,Common Core State Standards,CCSS.ELA-LITERACY.RI.5.7,Supporting,"Tennessee content is primary; Common Core literacy standards support disciplinary reading, writing, speaking, and inquiry. NGSS is not applicable.",TN Social Studies 2024 PDF p.74
FF.G5.SS.14,Social Studies,Common Core State Standards,CCSS.ELA-LITERACY.W.5.2,Supporting,"Tennessee content is primary; Common Core literacy standards support disciplinary reading, writing, speaking, and inquiry. NGSS is not applicable.",TN Social Studies 2024 PDF p.74
FF.G5.SS.14,Social Studies,NSQ Online Courses (2025),B1,Design Alignment,"The competency supports measurable objectives, aligned learning activities, valid assessment evidence, learner interaction, and accessible options for demonstrating mastery.",NSQ Online Courses 2025
FF.G5.SS.14,Social Studies,NSQ Online Courses (2025),B2,Design Alignment,"The competency supports measurable objectives, aligned learning activities, valid assessment evidence, learner interaction, and accessible options for demonstrating mastery.",NSQ Online Courses 2025
FF.G5.SS.14,Social Studies,NSQ Online Courses (2025),C2,Design Alignment,"The competency supports measurable objectives, aligned learning activities, valid assessment evidence, learner interaction, and accessible options for demonstrating mastery.",NSQ Online Courses 2025
FF.G5.SS.14,Social Studies,NSQ Online Courses (2025),D1,Design Alignment,"The competency supports measurable objectives, aligned learning activities, valid assessment evidence, learner interaction, and accessible options for demonstrating mastery.",NSQ Online Courses 2025
FF.G5.SS.14,Social Studies,NSQ Online Courses (2025),D2,Design Alignment,"The competency supports measurable objectives, aligned learning activities, valid assessment evidence, learner interaction, and accessible options for demonstrating mastery.",NSQ Online Courses 2025
FF.G5.SS.14,Social Studies,NSQ Online Courses (2025),D4,Design Alignment,"The competency supports measurable objectives, aligned learning activities, valid assessment evidence, learner interaction, and accessible options for demonstrating mastery.",NSQ Online Courses 2025
FF.G5.SS.15,Social Studies,Tennessee Academic Standards,5.27,Direct,"Tennessee content is primary; Common Core literacy standards support disciplinary reading, writing, speaking, and inquiry. NGSS is not applicable.",TN Social Studies 2024 PDF p.74
FF.G5.SS.15,Social Studies,Tennessee Academic Standards,5.28,Direct,"Tennessee content is primary; Common Core literacy standards support disciplinary reading, writing, speaking, and inquiry. NGSS is not applicable.",TN Social Studies 2024 PDF p.74
FF.G5.SS.15,Social Studies,Tennessee Academic Standards,5.29,Direct,"Tennessee content is primary; Common Core literacy standards support disciplinary reading, writing, speaking, and inquiry. NGSS is not applicable.",TN Social Studies 2024 PDF p.74
FF.G5.SS.15,Social Studies,Common Core State Standards,CCSS.ELA-LITERACY.RI.5.1,Supporting,"Tennessee content is primary; Common Core literacy standards support disciplinary reading, writing, speaking, and inquiry. NGSS is not applicable.",TN Social Studies 2024 PDF p.74
FF.G5.SS.15,Social Studies,Common Core State Standards,CCSS.ELA-LITERACY.RI.5.9,Supporting,"Tennessee content is primary; Common Core literacy standards support disciplinary reading, writing, speaking, and inquiry. NGSS is not applicable.",TN Social Studies 2024 PDF p.74
FF.G5.SS.15,Social Studies,Common Core State Standards,CCSS.ELA-LITERACY.SL.5.4,Supporting,"Tennessee content is primary; Common Core literacy standards support disciplinary reading, writing, speaking, and inquiry. NGSS is not applicable.",TN Social Studies 2024 PDF p.74
FF.G5.SS.15,Social Studies,NSQ Online Courses (2025),B1,Design Alignment,"The competency supports measurable objectives, aligned learning activities, valid assessment evidence, learner interaction, and accessible options for demonstrating mastery.",NSQ Online Courses 2025
FF.G5.SS.15,Social Studies,NSQ Online Courses (2025),B2,Design Alignment,"The competency supports measurable objectives, aligned learning activities, valid assessment evidence, learner interaction, and accessible options for demonstrating mastery.",NSQ Online Courses 2025
FF.G5.SS.15,Social Studies,NSQ Online Courses (2025),C2,Design Alignment,"The competency supports measurable objectives, aligned learning activities, valid assessment evidence, learner interaction, and accessible options for demonstrating mastery.",NSQ Online Courses 2025
FF.G5.SS.15,Social Studies,NSQ Online Courses (2025),D1,Design Alignment,"The competency supports measurable objectives, aligned learning activities, valid assessment evidence, learner interaction, and accessible options for demonstrating mastery.",NSQ Online Courses 2025
FF.G5.SS.15,Social Studies,NSQ Online Courses (2025),D2,Design Alignment,"The competency supports measurable objectives, aligned learning activities, valid assessment evidence, learner interaction, and accessible options for demonstrating mastery.",NSQ Online Courses 2025
FF.G5.SS.15,Social Studies,NSQ Online Courses (2025),D4,Design Alignment,"The competency supports measurable objectives, aligned learning activities, valid assessment evidence, learner interaction, and accessible options for demonstrating mastery.",NSQ Online Courses 2025
FF.G5.SS.16,Social Studies,Tennessee Academic Standards,5.30,Direct,"Tennessee content is primary; Common Core literacy standards support disciplinary reading, writing, speaking, and inquiry. NGSS is not applicable.",TN Social Studies 2024 PDF pp.74–75
FF.G5.SS.16,Social Studies,Tennessee Academic Standards,5.31,Direct,"Tennessee content is primary; Common Core literacy standards support disciplinary reading, writing, speaking, and inquiry. NGSS is not applicable.",TN Social Studies 2024 PDF pp.74–75
FF.G5.SS.16,Social Studies,Common Core State Standards,CCSS.ELA-LITERACY.RI.5.3,Supporting,"Tennessee content is primary; Common Core literacy standards support disciplinary reading, writing, speaking, and inquiry. NGSS is not applicable.",TN Social Studies 2024 PDF pp.74–75
FF.G5.SS.16,Social Studies,Common Core State Standards,CCSS.ELA-LITERACY.RI.5.7,Supporting,"Tennessee content is primary; Common Core literacy standards support disciplinary reading, writing, speaking, and inquiry. NGSS is not applicable.",TN Social Studies 2024 PDF pp.74–75
FF.G5.SS.16,Social Studies,Common Core State Standards,CCSS.ELA-LITERACY.W.5.2,Supporting,"Tennessee content is primary; Common Core literacy standards support disciplinary reading, writing, speaking, and inquiry. NGSS is not applicable.",TN Social Studies 2024 PDF pp.74–75
FF.G5.SS.16,Social Studies,NSQ Online Courses (2025),B1,Design Alignment,"The competency supports measurable objectives, aligned learning activities, valid assessment evidence, learner interaction, and accessible options for demonstrating mastery.",NSQ Online Courses 2025
FF.G5.SS.16,Social Studies,NSQ Online Courses (2025),B2,Design Alignment,"The competency supports measurable objectives, aligned learning activities, valid assessment evidence, learner interaction, and accessible options for demonstrating mastery.",NSQ Online Courses 2025
FF.G5.SS.16,Social Studies,NSQ Online Courses (2025),C2,Design Alignment,"The competency supports measurable objectives, aligned learning activities, valid assessment evidence, learner interaction, and accessible options for demonstrating mastery.",NSQ Online Courses 2025
FF.G5.SS.16,Social Studies,NSQ Online Courses (2025),D1,Design Alignment,"The competency supports measurable objectives, aligned learning activities, valid assessment evidence, learner interaction, and accessible options for demonstrating mastery.",NSQ Online Courses 2025
FF.G5.SS.16,Social Studies,NSQ Online Courses (2025),D2,Design Alignment,"The competency supports measurable objectives, aligned learning activities, valid assessment evidence, learner interaction, and accessible options for demonstrating mastery.",NSQ Online Courses 2025
FF.G5.SS.16,Social Studies,NSQ Online Courses (2025),D4,Design Alignment,"The competency supports measurable objectives, aligned learning activities, valid assessment evidence, learner interaction, and accessible options for demonstrating mastery.",NSQ Online Courses 2025
FF.G5.SS.17,Social Studies,Tennessee Academic Standards,5.32,Direct,"Tennessee content is primary; Common Core literacy standards support disciplinary reading, writing, speaking, and inquiry. NGSS is not applicable.",TN Social Studies 2024 PDF p.77
FF.G5.SS.17,Social Studies,Tennessee Academic Standards,5.33,Direct,"Tennessee content is primary; Common Core literacy standards support disciplinary reading, writing, speaking, and inquiry. NGSS is not applicable.",TN Social Studies 2024 PDF p.77
FF.G5.SS.17,Social Studies,Common Core State Standards,CCSS.ELA-LITERACY.RI.5.7,Supporting,"Tennessee content is primary; Common Core literacy standards support disciplinary reading, writing, speaking, and inquiry. NGSS is not applicable.",TN Social Studies 2024 PDF p.77
FF.G5.SS.17,Social Studies,Common Core State Standards,CCSS.ELA-LITERACY.W.5.2,Supporting,"Tennessee content is primary; Common Core literacy standards support disciplinary reading, writing, speaking, and inquiry. NGSS is not applicable.",TN Social Studies 2024 PDF p.77
FF.G5.SS.17,Social Studies,NSQ Online Courses (2025),B1,Design Alignment,"The competency supports measurable objectives, aligned learning activities, valid assessment evidence, learner interaction, and accessible options for demonstrating mastery.",NSQ Online Courses 2025
FF.G5.SS.17,Social Studies,NSQ Online Courses (2025),B2,Design Alignment,"The competency supports measurable objectives, aligned learning activities, valid assessment evidence, learner interaction, and accessible options for demonstrating mastery.",NSQ Online Courses 2025
FF.G5.SS.17,Social Studies,NSQ Online Courses (2025),C2,Design Alignment,"The competency supports measurable objectives, aligned learning activities, valid assessment evidence, learner interaction, and accessible options for demonstrating mastery.",NSQ Online Courses 2025
FF.G5.SS.17,Social Studies,NSQ Online Courses (2025),D1,Design Alignment,"The competency supports measurable objectives, aligned learning activities, valid assessment evidence, learner interaction, and accessible options for demonstrating mastery.",NSQ Online Courses 2025
FF.G5.SS.17,Social Studies,NSQ Online Courses (2025),D2,Design Alignment,"The competency supports measurable objectives, aligned learning activities, valid assessment evidence, learner interaction, and accessible options for demonstrating mastery.",NSQ Online Courses 2025
FF.G5.SS.17,Social Studies,NSQ Online Courses (2025),D4,Design Alignment,"The competency supports measurable objectives, aligned learning activities, valid assessment evidence, learner interaction, and accessible options for demonstrating mastery.",NSQ Online Courses 2025
FF.G5.SS.18,Social Studies,Tennessee Academic Standards,5.34,Direct,"Tennessee content is primary; Common Core literacy standards support disciplinary reading, writing, speaking, and inquiry. NGSS is not applicable.",TN Social Studies 2024 PDF p.77
FF.G5.SS.18,Social Studies,Tennessee Academic Standards,5.35,Direct,"Tennessee content is primary; Common Core literacy standards support disciplinary reading, writing, speaking, and inquiry. NGSS is not applicable.",TN Social Studies 2024 PDF p.77
FF.G5.SS.18,Social Studies,Tennessee Academic Standards,5.36,Direct,"Tennessee content is primary; Common Core literacy standards support disciplinary reading, writing, speaking, and inquiry. NGSS is not applicable.",TN Social Studies 2024 PDF p.77
FF.G5.SS.18,Social Studies,Tennessee Academic Standards,5.37,Direct,"Tennessee content is primary; Common Core literacy standards support disciplinary reading, writing, speaking, and inquiry. NGSS is not applicable.",TN Social Studies 2024 PDF p.77
FF.G5.SS.18,Social Studies,Common Core State Standards,CCSS.ELA-LITERACY.RI.5.7,Supporting,"Tennessee content is primary; Common Core literacy standards support disciplinary reading, writing, speaking, and inquiry. NGSS is not applicable.",TN Social Studies 2024 PDF p.77
FF.G5.SS.18,Social Studies,Common Core State Standards,CCSS.ELA-LITERACY.RI.5.9,Supporting,"Tennessee content is primary; Common Core literacy standards support disciplinary reading, writing, speaking, and inquiry. NGSS is not applicable.",TN Social Studies 2024 PDF p.77
FF.G5.SS.18,Social Studies,Common Core State Standards,CCSS.ELA-LITERACY.W.5.2,Supporting,"Tennessee content is primary; Common Core literacy standards support disciplinary reading, writing, speaking, and inquiry. NGSS is not applicable.",TN Social Studies 2024 PDF p.77
FF.G5.SS.18,Social Studies,NSQ Online Courses (2025),B1,Design Alignment,"The competency supports measurable objectives, aligned learning activities, valid assessment evidence, learner interaction, and accessible options for demonstrating mastery.",NSQ Online Courses 2025
FF.G5.SS.18,Social Studies,NSQ Online Courses (2025),B2,Design Alignment,"The competency supports measurable objectives, aligned learning activities, valid assessment evidence, learner interaction, and accessible options for demonstrating mastery.",NSQ Online Courses 2025
FF.G5.SS.18,Social Studies,NSQ Online Courses (2025),C2,Design Alignment,"The competency supports measurable objectives, aligned learning activities, valid assessment evidence, learner interaction, and accessible options for demonstrating mastery.",NSQ Online Courses 2025
FF.G5.SS.18,Social Studies,NSQ Online Courses (2025),D1,Design Alignment,"The competency supports measurable objectives, aligned learning activities, valid assessment evidence, learner interaction, and accessible options for demonstrating mastery.",NSQ Online Courses 2025
FF.G5.SS.18,Social Studies,NSQ Online Courses (2025),D2,Design Alignment,"The competency supports measurable objectives, aligned learning activities, valid assessment evidence, learner interaction, and accessible options for demonstrating mastery.",NSQ Online Courses 2025
FF.G5.SS.18,Social Studies,NSQ Online Courses (2025),D4,Design Alignment,"The competency supports measurable objectives, aligned learning activities, valid assessment evidence, learner interaction, and accessible options for demonstrating mastery.",NSQ Online Courses 2025
FF.G5.SS.19,Social Studies,Tennessee Academic Standards,5.38,Direct,"Tennessee content is primary; Common Core literacy standards support disciplinary reading, writing, speaking, and inquiry. NGSS is not applicable.",TN Social Studies 2024 PDF p.78
FF.G5.SS.19,Social Studies,Tennessee Academic Standards,5.39,Direct,"Tennessee content is primary; Common Core literacy standards support disciplinary reading, writing, speaking, and inquiry. NGSS is not applicable.",TN Social Studies 2024 PDF p.78
FF.G5.SS.19,Social Studies,Tennessee Academic Standards,5.40,Direct,"Tennessee content is primary; Common Core literacy standards support disciplinary reading, writing, speaking, and inquiry. NGSS is not applicable.",TN Social Studies 2024 PDF p.78
FF.G5.SS.19,Social Studies,Tennessee Academic Standards,5.41,Direct,"Tennessee content is primary; Common Core literacy standards support disciplinary reading, writing, speaking, and inquiry. NGSS is not applicable.",TN Social Studies 2024 PDF p.78
FF.G5.SS.19,Social Studies,Common Core State Standards,CCSS.ELA-LITERACY.RI.5.3,Supporting,"Tennessee content is primary; Common Core literacy standards support disciplinary reading, writing, speaking, and inquiry. NGSS is not applicable.",TN Social Studies 2024 PDF p.78
FF.G5.SS.19,Social Studies,Common Core State Standards,CCSS.ELA-LITERACY.RI.5.7,Supporting,"Tennessee content is primary; Common Core literacy standards support disciplinary reading, writing, speaking, and inquiry. NGSS is not applicable.",TN Social Studies 2024 PDF p.78
FF.G5.SS.19,Social Studies,Common Core State Standards,CCSS.ELA-LITERACY.W.5.2,Supporting,"Tennessee content is primary; Common Core literacy standards support disciplinary reading, writing, speaking, and inquiry. NGSS is not applicable.",TN Social Studies 2024 PDF p.78
FF.G5.SS.19,Social Studies,NSQ Online Courses (2025),B1,Design Alignment,"The competency supports measurable objectives, aligned learning activities, valid assessment evidence, learner interaction, and accessible options for demonstrating mastery.",NSQ Online Courses 2025
FF.G5.SS.19,Social Studies,NSQ Online Courses (2025),B2,Design Alignment,"The competency supports measurable objectives, aligned learning activities, valid assessment evidence, learner interaction, and accessible options for demonstrating mastery.",NSQ Online Courses 2025
FF.G5.SS.19,Social Studies,NSQ Online Courses (2025),C2,Design Alignment,"The competency supports measurable objectives, aligned learning activities, valid assessment evidence, learner interaction, and accessible options for demonstrating mastery.",NSQ Online Courses 2025
FF.G5.SS.19,Social Studies,NSQ Online Courses (2025),D1,Design Alignment,"The competency supports measurable objectives, aligned learning activities, valid assessment evidence, learner interaction, and accessible options for demonstrating mastery.",NSQ Online Courses 2025
FF.G5.SS.19,Social Studies,NSQ Online Courses (2025),D2,Design Alignment,"The competency supports measurable objectives, aligned learning activities, valid assessment evidence, learner interaction, and accessible options for demonstrating mastery.",NSQ Online Courses 2025
FF.G5.SS.19,Social Studies,NSQ Online Courses (2025),D4,Design Alignment,"The competency supports measurable objectives, aligned learning activities, valid assessment evidence, learner interaction, and accessible options for demonstrating mastery.",NSQ Online Courses 2025
FF.G5.SS.20,Social Studies,Tennessee Academic Standards,5.42,Direct,"Tennessee content is primary; Common Core literacy standards support disciplinary reading, writing, speaking, and inquiry. NGSS is not applicable.",TN Social Studies 2024 PDF p.78
FF.G5.SS.20,Social Studies,Common Core State Standards,CCSS.ELA-LITERACY.RI.5.7,Supporting,"Tennessee content is primary; Common Core literacy standards support disciplinary reading, writing, speaking, and inquiry. NGSS is not applicable.",TN Social Studies 2024 PDF p.78
FF.G5.SS.20,Social Studies,Common Core State Standards,CCSS.ELA-LITERACY.SL.5.4,Supporting,"Tennessee content is primary; Common Core literacy standards support disciplinary reading, writing, speaking, and inquiry. NGSS is not applicable.",TN Social Studies 2024 PDF p.78
FF.G5.SS.20,Social Studies,NSQ Online Courses (2025),B1,Design Alignment,"The competency supports measurable objectives, aligned learning activities, valid assessment evidence, learner interaction, and accessible options for demonstrating mastery.",NSQ Online Courses 2025
FF.G5.SS.20,Social Studies,NSQ Online Courses (2025),B2,Design Alignment,"The competency supports measurable objectives, aligned learning activities, valid assessment evidence, learner interaction, and accessible options for demonstrating mastery.",NSQ Online Courses 2025
FF.G5.SS.20,Social Studies,NSQ Online Courses (2025),C2,Design Alignment,"The competency supports measurable objectives, aligned learning activities, valid assessment evidence, learner interaction, and accessible options for demonstrating mastery.",NSQ Online Courses 2025
FF.G5.SS.20,Social Studies,NSQ Online Courses (2025),D1,Design Alignment,"The competency supports measurable objectives, aligned learning activities, valid assessment evidence, learner interaction, and accessible options for demonstrating mastery.",NSQ Online Courses 2025
FF.G5.SS.20,Social Studies,NSQ Online Courses (2025),D2,Design Alignment,"The competency supports measurable objectives, aligned learning activities, valid assessment evidence, learner interaction, and accessible options for demonstrating mastery.",NSQ Online Courses 2025
FF.G5.SS.20,Social Studies,NSQ Online Courses (2025),D4,Design Alignment,"The competency supports measurable objectives, aligned learning activities, valid assessment evidence, learner interaction, and accessible options for demonstrating mastery.",NSQ Online Courses 2025
FF.G5.SS.21,Social Studies,Tennessee Academic Standards,5.43,Direct,"Tennessee content is primary; Common Core literacy standards support disciplinary reading, writing, speaking, and inquiry. NGSS is not applicable.",TN Social Studies 2024 PDF p.79
FF.G5.SS.21,Social Studies,Tennessee Academic Standards,5.44,Direct,"Tennessee content is primary; Common Core literacy standards support disciplinary reading, writing, speaking, and inquiry. NGSS is not applicable.",TN Social Studies 2024 PDF p.79
FF.G5.SS.21,Social Studies,Tennessee Academic Standards,5.45,Direct,"Tennessee content is primary; Common Core literacy standards support disciplinary reading, writing, speaking, and inquiry. NGSS is not applicable.",TN Social Studies 2024 PDF p.79
FF.G5.SS.21,Social Studies,Tennessee Academic Standards,5.46,Direct,"Tennessee content is primary; Common Core literacy standards support disciplinary reading, writing, speaking, and inquiry. NGSS is not applicable.",TN Social Studies 2024 PDF p.79
FF.G5.SS.21,Social Studies,Common Core State Standards,CCSS.ELA-LITERACY.RI.5.3,Supporting,"Tennessee content is primary; Common Core literacy standards support disciplinary reading, writing, speaking, and inquiry. NGSS is not applicable.",TN Social Studies 2024 PDF p.79
FF.G5.SS.21,Social Studies,Common Core State Standards,CCSS.ELA-LITERACY.RI.5.7,Supporting,"Tennessee content is primary; Common Core literacy standards support disciplinary reading, writing, speaking, and inquiry. NGSS is not applicable.",TN Social Studies 2024 PDF p.79
FF.G5.SS.21,Social Studies,Common Core State Standards,CCSS.ELA-LITERACY.W.5.2,Supporting,"Tennessee content is primary; Common Core literacy standards support disciplinary reading, writing, speaking, and inquiry. NGSS is not applicable.",TN Social Studies 2024 PDF p.79
FF.G5.SS.21,Social Studies,NSQ Online Courses (2025),B1,Design Alignment,"The competency supports measurable objectives, aligned learning activities, valid assessment evidence, learner interaction, and accessible options for demonstrating mastery.",NSQ Online Courses 2025
FF.G5.SS.21,Social Studies,NSQ Online Courses (2025),B2,Design Alignment,"The competency supports measurable objectives, aligned learning activities, valid assessment evidence, learner interaction, and accessible options for demonstrating mastery.",NSQ Online Courses 2025
FF.G5.SS.21,Social Studies,NSQ Online Courses (2025),C2,Design Alignment,"The competency supports measurable objectives, aligned learning activities, valid assessment evidence, learner interaction, and accessible options for demonstrating mastery.",NSQ Online Courses 2025
FF.G5.SS.21,Social Studies,NSQ Online Courses (2025),D1,Design Alignment,"The competency supports measurable objectives, aligned learning activities, valid assessment evidence, learner interaction, and accessible options for demonstrating mastery.",NSQ Online Courses 2025
FF.G5.SS.21,Social Studies,NSQ Online Courses (2025),D2,Design Alignment,"The competency supports measurable objectives, aligned learning activities, valid assessment evidence, learner interaction, and accessible options for demonstrating mastery.",NSQ Online Courses 2025
FF.G5.SS.21,Social Studies,NSQ Online Courses (2025),D4,Design Alignment,"The competency supports measurable objectives, aligned learning activities, valid assessment evidence, learner interaction, and accessible options for demonstrating mastery.",NSQ Online Courses 2025
FF.G6.ELA.01,English Language Arts,Tennessee Academic Standards,6.L.CSE.1,Direct,Tennessee and Common Core Grade 6 expectations are directly aligned for use standard grammar and usage.,TN ELA PDF p.21; CCSS ELA Grade 6 L
FF.G6.ELA.01,English Language Arts,Common Core State Standards,CCSS.ELA-LITERACY.L.6.1,Direct,Tennessee and Common Core Grade 6 expectations are directly aligned for use standard grammar and usage.,TN ELA PDF p.21; CCSS ELA Grade 6 L
FF.G6.ELA.01,English Language Arts,NSQ Online Courses (2025),B1,Design Alignment,"The competency supports measurable objectives, aligned learning activities, valid assessment evidence, learner interaction, and accessible options for demonstrating mastery.",NSQ Online Courses 2025
FF.G6.ELA.01,English Language Arts,NSQ Online Courses (2025),B2,Design Alignment,"The competency supports measurable objectives, aligned learning activities, valid assessment evidence, learner interaction, and accessible options for demonstrating mastery.",NSQ Online Courses 2025
FF.G6.ELA.01,English Language Arts,NSQ Online Courses (2025),C2,Design Alignment,"The competency supports measurable objectives, aligned learning activities, valid assessment evidence, learner interaction, and accessible options for demonstrating mastery.",NSQ Online Courses 2025
FF.G6.ELA.01,English Language Arts,NSQ Online Courses (2025),D1,Design Alignment,"The competency supports measurable objectives, aligned learning activities, valid assessment evidence, learner interaction, and accessible options for demonstrating mastery.",NSQ Online Courses 2025
FF.G6.ELA.01,English Language Arts,NSQ Online Courses (2025),D2,Design Alignment,"The competency supports measurable objectives, aligned learning activities, valid assessment evidence, learner interaction, and accessible options for demonstrating mastery.",NSQ Online Courses 2025
FF.G6.ELA.01,English Language Arts,NSQ Online Courses (2025),D4,Design Alignment,"The competency supports measurable objectives, aligned learning activities, valid assessment evidence, learner interaction, and accessible options for demonstrating mastery.",NSQ Online Courses 2025
FF.G6.ELA.02,English Language Arts,Tennessee Academic Standards,6.L.CSE.2,Direct,"Tennessee and Common Core Grade 6 expectations are directly aligned for apply capitalization, punctuation, and spelling.",TN ELA PDF p.22; CCSS ELA Grade 6 L
FF.G6.ELA.02,English Language Arts,Common Core State Standards,CCSS.ELA-LITERACY.L.6.2,Direct,"Tennessee and Common Core Grade 6 expectations are directly aligned for apply capitalization, punctuation, and spelling.",TN ELA PDF p.22; CCSS ELA Grade 6 L
FF.G6.ELA.02,English Language Arts,NSQ Online Courses (2025),B1,Design Alignment,"The competency supports measurable objectives, aligned learning activities, valid assessment evidence, learner interaction, and accessible options for demonstrating mastery.",NSQ Online Courses 2025
FF.G6.ELA.02,English Language Arts,NSQ Online Courses (2025),B2,Design Alignment,"The competency supports measurable objectives, aligned learning activities, valid assessment evidence, learner interaction, and accessible options for demonstrating mastery.",NSQ Online Courses 2025
FF.G6.ELA.02,English Language Arts,NSQ Online Courses (2025),C2,Design Alignment,"The competency supports measurable objectives, aligned learning activities, valid assessment evidence, learner interaction, and accessible options for demonstrating mastery.",NSQ Online Courses 2025
FF.G6.ELA.02,English Language Arts,NSQ Online Courses (2025),D1,Design Alignment,"The competency supports measurable objectives, aligned learning activities, valid assessment evidence, learner interaction, and accessible options for demonstrating mastery.",NSQ Online Courses 2025
FF.G6.ELA.02,English Language Arts,NSQ Online Courses (2025),D2,Design Alignment,"The competency supports measurable objectives, aligned learning activities, valid assessment evidence, learner interaction, and accessible options for demonstrating mastery.",NSQ Online Courses 2025
FF.G6.ELA.02,English Language Arts,NSQ Online Courses (2025),D4,Design Alignment,"The competency supports measurable objectives, aligned learning activities, valid assessment evidence, learner interaction, and accessible options for demonstrating mastery.",NSQ Online Courses 2025
FF.G6.ELA.03,English Language Arts,Tennessee Academic Standards,6.L.KL.3,Direct,Tennessee and Common Core Grade 6 expectations are directly aligned for vary sentence patterns and maintain style.,TN ELA PDF p.23; CCSS ELA Grade 6 L
FF.G6.ELA.03,English Language Arts,Common Core State Standards,CCSS.ELA-LITERACY.L.6.3,Direct,Tennessee and Common Core Grade 6 expectations are directly aligned for vary sentence patterns and maintain style.,TN ELA PDF p.23; CCSS ELA Grade 6 L
FF.G6.ELA.03,English Language Arts,NSQ Online Courses (2025),B1,Design Alignment,"The competency supports measurable objectives, aligned learning activities, valid assessment evidence, learner interaction, and accessible options for demonstrating mastery.",NSQ Online Courses 2025
FF.G6.ELA.03,English Language Arts,NSQ Online Courses (2025),B2,Design Alignment,"The competency supports measurable objectives, aligned learning activities, valid assessment evidence, learner interaction, and accessible options for demonstrating mastery.",NSQ Online Courses 2025
FF.G6.ELA.03,English Language Arts,NSQ Online Courses (2025),C2,Design Alignment,"The competency supports measurable objectives, aligned learning activities, valid assessment evidence, learner interaction, and accessible options for demonstrating mastery.",NSQ Online Courses 2025
FF.G6.ELA.03,English Language Arts,NSQ Online Courses (2025),D1,Design Alignment,"The competency supports measurable objectives, aligned learning activities, valid assessment evidence, learner interaction, and accessible options for demonstrating mastery.",NSQ Online Courses 2025
FF.G6.ELA.03,English Language Arts,NSQ Online Courses (2025),D2,Design Alignment,"The competency supports measurable objectives, aligned learning activities, valid assessment evidence, learner interaction, and accessible options for demonstrating mastery.",NSQ Online Courses 2025
FF.G6.ELA.03,English Language Arts,NSQ Online Courses (2025),D4,Design Alignment,"The competency supports measurable objectives, aligned learning activities, valid assessment evidence, learner interaction, and accessible options for demonstrating mastery.",NSQ Online Courses 2025
FF.G6.ELA.04,English Language Arts,Tennessee Academic Standards,6.L.VAU.4,Direct,Tennessee and Common Core Grade 6 expectations are directly aligned for determine word meaning in context.,TN ELA PDF p.24; CCSS ELA Grade 6 L
FF.G6.ELA.04,English Language Arts,Common Core State Standards,CCSS.ELA-LITERACY.L.6.4,Direct,Tennessee and Common Core Grade 6 expectations are directly aligned for determine word meaning in context.,TN ELA PDF p.24; CCSS ELA Grade 6 L
FF.G6.ELA.04,English Language Arts,NSQ Online Courses (2025),B1,Design Alignment,"The competency supports measurable objectives, aligned learning activities, valid assessment evidence, learner interaction, and accessible options for demonstrating mastery.",NSQ Online Courses 2025
FF.G6.ELA.04,English Language Arts,NSQ Online Courses (2025),B2,Design Alignment,"The competency supports measurable objectives, aligned learning activities, valid assessment evidence, learner interaction, and accessible options for demonstrating mastery.",NSQ Online Courses 2025
FF.G6.ELA.04,English Language Arts,NSQ Online Courses (2025),C2,Design Alignment,"The competency supports measurable objectives, aligned learning activities, valid assessment evidence, learner interaction, and accessible options for demonstrating mastery.",NSQ Online Courses 2025
FF.G6.ELA.04,English Language Arts,NSQ Online Courses (2025),D1,Design Alignment,"The competency supports measurable objectives, aligned learning activities, valid assessment evidence, learner interaction, and accessible options for demonstrating mastery.",NSQ Online Courses 2025
FF.G6.ELA.04,English Language Arts,NSQ Online Courses (2025),D2,Design Alignment,"The competency supports measurable objectives, aligned learning activities, valid assessment evidence, learner interaction, and accessible options for demonstrating mastery.",NSQ Online Courses 2025
FF.G6.ELA.04,English Language Arts,NSQ Online Courses (2025),D4,Design Alignment,"The competency supports measurable objectives, aligned learning activities, valid assessment evidence, learner interaction, and accessible options for demonstrating mastery.",NSQ Online Courses 2025
FF.G6.ELA.05,English Language Arts,Tennessee Academic Standards,6.L.VAU.5,Direct,Tennessee and Common Core Grade 6 expectations are directly aligned for interpret figurative language and word relationships.,TN ELA PDF p.25; CCSS ELA Grade 6 L
FF.G6.ELA.05,English Language Arts,Common Core State Standards,CCSS.ELA-LITERACY.L.6.5,Direct,Tennessee and Common Core Grade 6 expectations are directly aligned for interpret figurative language and word relationships.,TN ELA PDF p.25; CCSS ELA Grade 6 L
FF.G6.ELA.05,English Language Arts,NSQ Online Courses (2025),B1,Design Alignment,"The competency supports measurable objectives, aligned learning activities, valid assessment evidence, learner interaction, and accessible options for demonstrating mastery.",NSQ Online Courses 2025
FF.G6.ELA.05,English Language Arts,NSQ Online Courses (2025),B2,Design Alignment,"The competency supports measurable objectives, aligned learning activities, valid assessment evidence, learner interaction, and accessible options for demonstrating mastery.",NSQ Online Courses 2025
FF.G6.ELA.05,English Language Arts,NSQ Online Courses (2025),C2,Design Alignment,"The competency supports measurable objectives, aligned learning activities, valid assessment evidence, learner interaction, and accessible options for demonstrating mastery.",NSQ Online Courses 2025
FF.G6.ELA.05,English Language Arts,NSQ Online Courses (2025),D1,Design Alignment,"The competency supports measurable objectives, aligned learning activities, valid assessment evidence, learner interaction, and accessible options for demonstrating mastery.",NSQ Online Courses 2025
FF.G6.ELA.05,English Language Arts,NSQ Online Courses (2025),D2,Design Alignment,"The competency supports measurable objectives, aligned learning activities, valid assessment evidence, learner interaction, and accessible options for demonstrating mastery.",NSQ Online Courses 2025
FF.G6.ELA.05,English Language Arts,NSQ Online Courses (2025),D4,Design Alignment,"The competency supports measurable objectives, aligned learning activities, valid assessment evidence, learner interaction, and accessible options for demonstrating mastery.",NSQ Online Courses 2025
FF.G6.ELA.06,English Language Arts,Tennessee Academic Standards,6.L.VAU.6,Direct,Tennessee and Common Core Grade 6 expectations are directly aligned for acquire academic and domain vocabulary.,TN ELA PDF p.26; CCSS ELA Grade 6 L
FF.G6.ELA.06,English Language Arts,Common Core State Standards,CCSS.ELA-LITERACY.L.6.6,Direct,Tennessee and Common Core Grade 6 expectations are directly aligned for acquire academic and domain vocabulary.,TN ELA PDF p.26; CCSS ELA Grade 6 L
FF.G6.ELA.06,English Language Arts,NSQ Online Courses (2025),B1,Design Alignment,"The competency supports measurable objectives, aligned learning activities, valid assessment evidence, learner interaction, and accessible options for demonstrating mastery.",NSQ Online Courses 2025
FF.G6.ELA.06,English Language Arts,NSQ Online Courses (2025),B2,Design Alignment,"The competency supports measurable objectives, aligned learning activities, valid assessment evidence, learner interaction, and accessible options for demonstrating mastery.",NSQ Online Courses 2025
FF.G6.ELA.06,English Language Arts,NSQ Online Courses (2025),C2,Design Alignment,"The competency supports measurable objectives, aligned learning activities, valid assessment evidence, learner interaction, and accessible options for demonstrating mastery.",NSQ Online Courses 2025
FF.G6.ELA.06,English Language Arts,NSQ Online Courses (2025),D1,Design Alignment,"The competency supports measurable objectives, aligned learning activities, valid assessment evidence, learner interaction, and accessible options for demonstrating mastery.",NSQ Online Courses 2025
FF.G6.ELA.06,English Language Arts,NSQ Online Courses (2025),D2,Design Alignment,"The competency supports measurable objectives, aligned learning activities, valid assessment evidence, learner interaction, and accessible options for demonstrating mastery.",NSQ Online Courses 2025
FF.G6.ELA.06,English Language Arts,NSQ Online Courses (2025),D4,Design Alignment,"The competency supports measurable objectives, aligned learning activities, valid assessment evidence, learner interaction, and accessible options for demonstrating mastery.",NSQ Online Courses 2025
FF.G6.ELA.07,English Language Arts,Tennessee Academic Standards,6.RL.KID.1,Direct,Tennessee and Common Core Grade 6 expectations are directly aligned for cite evidence and make inferences.,TN ELA PDF p.29; CCSS ELA Grade 6 RL
FF.G6.ELA.07,English Language Arts,Common Core State Standards,CCSS.ELA-LITERACY.RL.6.1,Direct,Tennessee and Common Core Grade 6 expectations are directly aligned for cite evidence and make inferences.,TN ELA PDF p.29; CCSS ELA Grade 6 RL
FF.G6.ELA.07,English Language Arts,NSQ Online Courses (2025),B1,Design Alignment,"The competency supports measurable objectives, aligned learning activities, valid assessment evidence, learner interaction, and accessible options for demonstrating mastery.",NSQ Online Courses 2025
FF.G6.ELA.07,English Language Arts,NSQ Online Courses (2025),B2,Design Alignment,"The competency supports measurable objectives, aligned learning activities, valid assessment evidence, learner interaction, and accessible options for demonstrating mastery.",NSQ Online Courses 2025
FF.G6.ELA.07,English Language Arts,NSQ Online Courses (2025),C2,Design Alignment,"The competency supports measurable objectives, aligned learning activities, valid assessment evidence, learner interaction, and accessible options for demonstrating mastery.",NSQ Online Courses 2025
FF.G6.ELA.07,English Language Arts,NSQ Online Courses (2025),D1,Design Alignment,"The competency supports measurable objectives, aligned learning activities, valid assessment evidence, learner interaction, and accessible options for demonstrating mastery.",NSQ Online Courses 2025
FF.G6.ELA.07,English Language Arts,NSQ Online Courses (2025),D2,Design Alignment,"The competency supports measurable objectives, aligned learning activities, valid assessment evidence, learner interaction, and accessible options for demonstrating mastery.",NSQ Online Courses 2025
FF.G6.ELA.07,English Language Arts,NSQ Online Courses (2025),D4,Design Alignment,"The competency supports measurable objectives, aligned learning activities, valid assessment evidence, learner interaction, and accessible options for demonstrating mastery.",NSQ Online Courses 2025
FF.G6.ELA.08,English Language Arts,Tennessee Academic Standards,6.RL.KID.2,Direct,Tennessee and Common Core Grade 6 expectations are directly aligned for analyze theme development and summarize.,TN ELA PDF p.30; CCSS ELA Grade 6 RL
FF.G6.ELA.08,English Language Arts,Common Core State Standards,CCSS.ELA-LITERACY.RL.6.2,Direct,Tennessee and Common Core Grade 6 expectations are directly aligned for analyze theme development and summarize.,TN ELA PDF p.30; CCSS ELA Grade 6 RL
FF.G6.ELA.08,English Language Arts,NSQ Online Courses (2025),B1,Design Alignment,"The competency supports measurable objectives, aligned learning activities, valid assessment evidence, learner interaction, and accessible options for demonstrating mastery.",NSQ Online Courses 2025
FF.G6.ELA.08,English Language Arts,NSQ Online Courses (2025),B2,Design Alignment,"The competency supports measurable objectives, aligned learning activities, valid assessment evidence, learner interaction, and accessible options for demonstrating mastery.",NSQ Online Courses 2025
FF.G6.ELA.08,English Language Arts,NSQ Online Courses (2025),C2,Design Alignment,"The competency supports measurable objectives, aligned learning activities, valid assessment evidence, learner interaction, and accessible options for demonstrating mastery.",NSQ Online Courses 2025
FF.G6.ELA.08,English Language Arts,NSQ Online Courses (2025),D1,Design Alignment,"The competency supports measurable objectives, aligned learning activities, valid assessment evidence, learner interaction, and accessible options for demonstrating mastery.",NSQ Online Courses 2025
FF.G6.ELA.08,English Language Arts,NSQ Online Courses (2025),D2,Design Alignment,"The competency supports measurable objectives, aligned learning activities, valid assessment evidence, learner interaction, and accessible options for demonstrating mastery.",NSQ Online Courses 2025
FF.G6.ELA.08,English Language Arts,NSQ Online Courses (2025),D4,Design Alignment,"The competency supports measurable objectives, aligned learning activities, valid assessment evidence, learner interaction, and accessible options for demonstrating mastery.",NSQ Online Courses 2025
FF.G6.ELA.09,English Language Arts,Tennessee Academic Standards,6.RL.KID.3,Direct,Tennessee and Common Core Grade 6 expectations are directly aligned for analyze plot and character response.,TN ELA PDF p.31; CCSS ELA Grade 6 RL
FF.G6.ELA.09,English Language Arts,Common Core State Standards,CCSS.ELA-LITERACY.RL.6.3,Direct,Tennessee and Common Core Grade 6 expectations are directly aligned for analyze plot and character response.,TN ELA PDF p.31; CCSS ELA Grade 6 RL
FF.G6.ELA.09,English Language Arts,NSQ Online Courses (2025),B1,Design Alignment,"The competency supports measurable objectives, aligned learning activities, valid assessment evidence, learner interaction, and accessible options for demonstrating mastery.",NSQ Online Courses 2025
FF.G6.ELA.09,English Language Arts,NSQ Online Courses (2025),B2,Design Alignment,"The competency supports measurable objectives, aligned learning activities, valid assessment evidence, learner interaction, and accessible options for demonstrating mastery.",NSQ Online Courses 2025
FF.G6.ELA.09,English Language Arts,NSQ Online Courses (2025),C2,Design Alignment,"The competency supports measurable objectives, aligned learning activities, valid assessment evidence, learner interaction, and accessible options for demonstrating mastery.",NSQ Online Courses 2025
FF.G6.ELA.09,English Language Arts,NSQ Online Courses (2025),D1,Design Alignment,"The competency supports measurable objectives, aligned learning activities, valid assessment evidence, learner interaction, and accessible options for demonstrating mastery.",NSQ Online Courses 2025
FF.G6.ELA.09,English Language Arts,NSQ Online Courses (2025),D2,Design Alignment,"The competency supports measurable objectives, aligned learning activities, valid assessment evidence, learner interaction, and accessible options for demonstrating mastery.",NSQ Online Courses 2025
FF.G6.ELA.09,English Language Arts,NSQ Online Courses (2025),D4,Design Alignment,"The competency supports measurable objectives, aligned learning activities, valid assessment evidence, learner interaction, and accessible options for demonstrating mastery.",NSQ Online Courses 2025
FF.G6.ELA.10,English Language Arts,Tennessee Academic Standards,6.RL.CS.4,Direct,"Tennessee and Common Core Grade 6 expectations are directly aligned for analyze literary craft, structure, and viewpoint.",TN ELA PDF pp.33–35; CCSS ELA Grade 6 RL
FF.G6.ELA.10,English Language Arts,Tennessee Academic Standards,6.RL.CS.5,Direct,"Tennessee and Common Core Grade 6 expectations are directly aligned for analyze literary craft, structure, and viewpoint.",TN ELA PDF pp.33–35; CCSS ELA Grade 6 RL
FF.G6.ELA.10,English Language Arts,Tennessee Academic Standards,6.RL.CS.6,Direct,"Tennessee and Common Core Grade 6 expectations are directly aligned for analyze literary craft, structure, and viewpoint.",TN ELA PDF pp.33–35; CCSS ELA Grade 6 RL
FF.G6.ELA.10,English Language Arts,Common Core State Standards,CCSS.ELA-LITERACY.RL.6.4,Direct,"Tennessee and Common Core Grade 6 expectations are directly aligned for analyze literary craft, structure, and viewpoint.",TN ELA PDF pp.33–35; CCSS ELA Grade 6 RL
FF.G6.ELA.10,English Language Arts,Common Core State Standards,CCSS.ELA-LITERACY.RL.6.5,Direct,"Tennessee and Common Core Grade 6 expectations are directly aligned for analyze literary craft, structure, and viewpoint.",TN ELA PDF pp.33–35; CCSS ELA Grade 6 RL
FF.G6.ELA.10,English Language Arts,Common Core State Standards,CCSS.ELA-LITERACY.RL.6.6,Direct,"Tennessee and Common Core Grade 6 expectations are directly aligned for analyze literary craft, structure, and viewpoint.",TN ELA PDF pp.33–35; CCSS ELA Grade 6 RL
FF.G6.ELA.10,English Language Arts,NSQ Online Courses (2025),B1,Design Alignment,"The competency supports measurable objectives, aligned learning activities, valid assessment evidence, learner interaction, and accessible options for demonstrating mastery.",NSQ Online Courses 2025
FF.G6.ELA.10,English Language Arts,NSQ Online Courses (2025),B2,Design Alignment,"The competency supports measurable objectives, aligned learning activities, valid assessment evidence, learner interaction, and accessible options for demonstrating mastery.",NSQ Online Courses 2025
FF.G6.ELA.10,English Language Arts,NSQ Online Courses (2025),C2,Design Alignment,"The competency supports measurable objectives, aligned learning activities, valid assessment evidence, learner interaction, and accessible options for demonstrating mastery.",NSQ Online Courses 2025
FF.G6.ELA.10,English Language Arts,NSQ Online Courses (2025),D1,Design Alignment,"The competency supports measurable objectives, aligned learning activities, valid assessment evidence, learner interaction, and accessible options for demonstrating mastery.",NSQ Online Courses 2025
FF.G6.ELA.10,English Language Arts,NSQ Online Courses (2025),D2,Design Alignment,"The competency supports measurable objectives, aligned learning activities, valid assessment evidence, learner interaction, and accessible options for demonstrating mastery.",NSQ Online Courses 2025
FF.G6.ELA.10,English Language Arts,NSQ Online Courses (2025),D4,Design Alignment,"The competency supports measurable objectives, aligned learning activities, valid assessment evidence, learner interaction, and accessible options for demonstrating mastery.",NSQ Online Courses 2025
FF.G6.ELA.11,English Language Arts,Tennessee Academic Standards,6.RL.IKI.7,Direct,Tennessee and Common Core Grade 6 expectations are directly aligned for compare representations and related texts.,"TN ELA PDF pp.36, 39; CCSS ELA Grade 6 RL"
FF.G6.ELA.11,English Language Arts,Tennessee Academic Standards,6.RL.IKI.9,Direct,Tennessee and Common Core Grade 6 expectations are directly aligned for compare representations and related texts.,"TN ELA PDF pp.36, 39; CCSS ELA Grade 6 RL"
FF.G6.ELA.11,English Language Arts,Common Core State Standards,CCSS.ELA-LITERACY.RL.6.7,Direct,Tennessee and Common Core Grade 6 expectations are directly aligned for compare representations and related texts.,"TN ELA PDF pp.36, 39; CCSS ELA Grade 6 RL"
FF.G6.ELA.11,English Language Arts,Common Core State Standards,CCSS.ELA-LITERACY.RL.6.9,Direct,Tennessee and Common Core Grade 6 expectations are directly aligned for compare representations and related texts.,"TN ELA PDF pp.36, 39; CCSS ELA Grade 6 RL"
FF.G6.ELA.11,English Language Arts,NSQ Online Courses (2025),B1,Design Alignment,"The competency supports measurable objectives, aligned learning activities, valid assessment evidence, learner interaction, and accessible options for demonstrating mastery.",NSQ Online Courses 2025
FF.G6.ELA.11,English Language Arts,NSQ Online Courses (2025),B2,Design Alignment,"The competency supports measurable objectives, aligned learning activities, valid assessment evidence, learner interaction, and accessible options for demonstrating mastery.",NSQ Online Courses 2025
FF.G6.ELA.11,English Language Arts,NSQ Online Courses (2025),C2,Design Alignment,"The competency supports measurable objectives, aligned learning activities, valid assessment evidence, learner interaction, and accessible options for demonstrating mastery.",NSQ Online Courses 2025
FF.G6.ELA.11,English Language Arts,NSQ Online Courses (2025),D1,Design Alignment,"The competency supports measurable objectives, aligned learning activities, valid assessment evidence, learner interaction, and accessible options for demonstrating mastery.",NSQ Online Courses 2025
FF.G6.ELA.11,English Language Arts,NSQ Online Courses (2025),D2,Design Alignment,"The competency supports measurable objectives, aligned learning activities, valid assessment evidence, learner interaction, and accessible options for demonstrating mastery.",NSQ Online Courses 2025
FF.G6.ELA.11,English Language Arts,NSQ Online Courses (2025),D4,Design Alignment,"The competency supports measurable objectives, aligned learning activities, valid assessment evidence, learner interaction, and accessible options for demonstrating mastery.",NSQ Online Courses 2025
FF.G6.ELA.12,English Language Arts,Tennessee Academic Standards,6.RI.KID.1,Direct,"Tennessee and Common Core Grade 6 expectations are directly aligned for analyze evidence, central ideas, and development.",TN ELA PDF pp.29–31; CCSS ELA Grade 6 RI
FF.G6.ELA.12,English Language Arts,Tennessee Academic Standards,6.RI.KID.2,Direct,"Tennessee and Common Core Grade 6 expectations are directly aligned for analyze evidence, central ideas, and development.",TN ELA PDF pp.29–31; CCSS ELA Grade 6 RI
FF.G6.ELA.12,English Language Arts,Tennessee Academic Standards,6.RI.KID.3,Direct,"Tennessee and Common Core Grade 6 expectations are directly aligned for analyze evidence, central ideas, and development.",TN ELA PDF pp.29–31; CCSS ELA Grade 6 RI
FF.G6.ELA.12,English Language Arts,Common Core State Standards,CCSS.ELA-LITERACY.RI.6.1,Direct,"Tennessee and Common Core Grade 6 expectations are directly aligned for analyze evidence, central ideas, and development.",TN ELA PDF pp.29–31; CCSS ELA Grade 6 RI
FF.G6.ELA.12,English Language Arts,Common Core State Standards,CCSS.ELA-LITERACY.RI.6.2,Direct,"Tennessee and Common Core Grade 6 expectations are directly aligned for analyze evidence, central ideas, and development.",TN ELA PDF pp.29–31; CCSS ELA Grade 6 RI
FF.G6.ELA.12,English Language Arts,Common Core State Standards,CCSS.ELA-LITERACY.RI.6.3,Direct,"Tennessee and Common Core Grade 6 expectations are directly aligned for analyze evidence, central ideas, and development.",TN ELA PDF pp.29–31; CCSS ELA Grade 6 RI
FF.G6.ELA.12,English Language Arts,NSQ Online Courses (2025),B1,Design Alignment,"The competency supports measurable objectives, aligned learning activities, valid assessment evidence, learner interaction, and accessible options for demonstrating mastery.",NSQ Online Courses 2025
FF.G6.ELA.12,English Language Arts,NSQ Online Courses (2025),B2,Design Alignment,"The competency supports measurable objectives, aligned learning activities, valid assessment evidence, learner interaction, and accessible options for demonstrating mastery.",NSQ Online Courses 2025
FF.G6.ELA.12,English Language Arts,NSQ Online Courses (2025),C2,Design Alignment,"The competency supports measurable objectives, aligned learning activities, valid assessment evidence, learner interaction, and accessible options for demonstrating mastery.",NSQ Online Courses 2025
FF.G6.ELA.12,English Language Arts,NSQ Online Courses (2025),D1,Design Alignment,"The competency supports measurable objectives, aligned learning activities, valid assessment evidence, learner interaction, and accessible options for demonstrating mastery.",NSQ Online Courses 2025
FF.G6.ELA.12,English Language Arts,NSQ Online Courses (2025),D2,Design Alignment,"The competency supports measurable objectives, aligned learning activities, valid assessment evidence, learner interaction, and accessible options for demonstrating mastery.",NSQ Online Courses 2025
FF.G6.ELA.12,English Language Arts,NSQ Online Courses (2025),D4,Design Alignment,"The competency supports measurable objectives, aligned learning activities, valid assessment evidence, learner interaction, and accessible options for demonstrating mastery.",NSQ Online Courses 2025
FF.G6.ELA.13,English Language Arts,Tennessee Academic Standards,6.RI.CS.4,Direct,"Tennessee and Common Core Grade 6 expectations are directly aligned for analyze informational craft, structure, and purpose.",TN ELA PDF pp.33–35; CCSS ELA Grade 6 RI
FF.G6.ELA.13,English Language Arts,Tennessee Academic Standards,6.RI.CS.5,Direct,"Tennessee and Common Core Grade 6 expectations are directly aligned for analyze informational craft, structure, and purpose.",TN ELA PDF pp.33–35; CCSS ELA Grade 6 RI
FF.G6.ELA.13,English Language Arts,Tennessee Academic Standards,6.RI.CS.6,Direct,"Tennessee and Common Core Grade 6 expectations are directly aligned for analyze informational craft, structure, and purpose.",TN ELA PDF pp.33–35; CCSS ELA Grade 6 RI
FF.G6.ELA.13,English Language Arts,Common Core State Standards,CCSS.ELA-LITERACY.RI.6.4,Direct,"Tennessee and Common Core Grade 6 expectations are directly aligned for analyze informational craft, structure, and purpose.",TN ELA PDF pp.33–35; CCSS ELA Grade 6 RI
FF.G6.ELA.13,English Language Arts,Common Core State Standards,CCSS.ELA-LITERACY.RI.6.5,Direct,"Tennessee and Common Core Grade 6 expectations are directly aligned for analyze informational craft, structure, and purpose.",TN ELA PDF pp.33–35; CCSS ELA Grade 6 RI
FF.G6.ELA.13,English Language Arts,Common Core State Standards,CCSS.ELA-LITERACY.RI.6.6,Direct,"Tennessee and Common Core Grade 6 expectations are directly aligned for analyze informational craft, structure, and purpose.",TN ELA PDF pp.33–35; CCSS ELA Grade 6 RI
FF.G6.ELA.13,English Language Arts,NSQ Online Courses (2025),B1,Design Alignment,"The competency supports measurable objectives, aligned learning activities, valid assessment evidence, learner interaction, and accessible options for demonstrating mastery.",NSQ Online Courses 2025
FF.G6.ELA.13,English Language Arts,NSQ Online Courses (2025),B2,Design Alignment,"The competency supports measurable objectives, aligned learning activities, valid assessment evidence, learner interaction, and accessible options for demonstrating mastery.",NSQ Online Courses 2025
FF.G6.ELA.13,English Language Arts,NSQ Online Courses (2025),C2,Design Alignment,"The competency supports measurable objectives, aligned learning activities, valid assessment evidence, learner interaction, and accessible options for demonstrating mastery.",NSQ Online Courses 2025
FF.G6.ELA.13,English Language Arts,NSQ Online Courses (2025),D1,Design Alignment,"The competency supports measurable objectives, aligned learning activities, valid assessment evidence, learner interaction, and accessible options for demonstrating mastery.",NSQ Online Courses 2025
FF.G6.ELA.13,English Language Arts,NSQ Online Courses (2025),D2,Design Alignment,"The competency supports measurable objectives, aligned learning activities, valid assessment evidence, learner interaction, and accessible options for demonstrating mastery.",NSQ Online Courses 2025
FF.G6.ELA.13,English Language Arts,NSQ Online Courses (2025),D4,Design Alignment,"The competency supports measurable objectives, aligned learning activities, valid assessment evidence, learner interaction, and accessible options for demonstrating mastery.",NSQ Online Courses 2025
FF.G6.ELA.14,English Language Arts,Tennessee Academic Standards,6.RI.IKI.7,Direct,"Tennessee and Common Core Grade 6 expectations are directly aligned for integrate media, evaluate arguments, and compare sources.","TN ELA PDF pp.36, 38–39; CCSS ELA Grade 6 RI"
FF.G6.ELA.14,English Language Arts,Tennessee Academic Standards,6.RI.IKI.8,Direct,"Tennessee and Common Core Grade 6 expectations are directly aligned for integrate media, evaluate arguments, and compare sources.","TN ELA PDF pp.36, 38–39; CCSS ELA Grade 6 RI"
FF.G6.ELA.14,English Language Arts,Tennessee Academic Standards,6.RI.IKI.9,Direct,"Tennessee and Common Core Grade 6 expectations are directly aligned for integrate media, evaluate arguments, and compare sources.","TN ELA PDF pp.36, 38–39; CCSS ELA Grade 6 RI"
FF.G6.ELA.14,English Language Arts,Common Core State Standards,CCSS.ELA-LITERACY.RI.6.7,Direct,"Tennessee and Common Core Grade 6 expectations are directly aligned for integrate media, evaluate arguments, and compare sources.","TN ELA PDF pp.36, 38–39; CCSS ELA Grade 6 RI"
FF.G6.ELA.14,English Language Arts,Common Core State Standards,CCSS.ELA-LITERACY.RI.6.8,Direct,"Tennessee and Common Core Grade 6 expectations are directly aligned for integrate media, evaluate arguments, and compare sources.","TN ELA PDF pp.36, 38–39; CCSS ELA Grade 6 RI"
FF.G6.ELA.14,English Language Arts,Common Core State Standards,CCSS.ELA-LITERACY.RI.6.9,Direct,"Tennessee and Common Core Grade 6 expectations are directly aligned for integrate media, evaluate arguments, and compare sources.","TN ELA PDF pp.36, 38–39; CCSS ELA Grade 6 RI"
FF.G6.ELA.14,English Language Arts,NSQ Online Courses (2025),B1,Design Alignment,"The competency supports measurable objectives, aligned learning activities, valid assessment evidence, learner interaction, and accessible options for demonstrating mastery.",NSQ Online Courses 2025
FF.G6.ELA.14,English Language Arts,NSQ Online Courses (2025),B2,Design Alignment,"The competency supports measurable objectives, aligned learning activities, valid assessment evidence, learner interaction, and accessible options for demonstrating mastery.",NSQ Online Courses 2025
FF.G6.ELA.14,English Language Arts,NSQ Online Courses (2025),C2,Design Alignment,"The competency supports measurable objectives, aligned learning activities, valid assessment evidence, learner interaction, and accessible options for demonstrating mastery.",NSQ Online Courses 2025
FF.G6.ELA.14,English Language Arts,NSQ Online Courses (2025),D1,Design Alignment,"The competency supports measurable objectives, aligned learning activities, valid assessment evidence, learner interaction, and accessible options for demonstrating mastery.",NSQ Online Courses 2025
FF.G6.ELA.14,English Language Arts,NSQ Online Courses (2025),D2,Design Alignment,"The competency supports measurable objectives, aligned learning activities, valid assessment evidence, learner interaction, and accessible options for demonstrating mastery.",NSQ Online Courses 2025
FF.G6.ELA.14,English Language Arts,NSQ Online Courses (2025),D4,Design Alignment,"The competency supports measurable objectives, aligned learning activities, valid assessment evidence, learner interaction, and accessible options for demonstrating mastery.",NSQ Online Courses 2025
FF.G6.ELA.15,English Language Arts,Tennessee Academic Standards,6.RL.RRTC.10,Direct,Tennessee and Common Core Grade 6 expectations are directly aligned for read and comprehend grade 6 literature and information.,TN ELA PDF p.42; CCSS ELA Grade 6 RL/RI
FF.G6.ELA.15,English Language Arts,Tennessee Academic Standards,6.RI.RRTC.10,Direct,Tennessee and Common Core Grade 6 expectations are directly aligned for read and comprehend grade 6 literature and information.,TN ELA PDF p.42; CCSS ELA Grade 6 RL/RI
FF.G6.ELA.15,English Language Arts,Common Core State Standards,CCSS.ELA-LITERACY.RL.6.10,Direct,Tennessee and Common Core Grade 6 expectations are directly aligned for read and comprehend grade 6 literature and information.,TN ELA PDF p.42; CCSS ELA Grade 6 RL/RI
FF.G6.ELA.15,English Language Arts,Common Core State Standards,CCSS.ELA-LITERACY.RI.6.10,Direct,Tennessee and Common Core Grade 6 expectations are directly aligned for read and comprehend grade 6 literature and information.,TN ELA PDF p.42; CCSS ELA Grade 6 RL/RI
FF.G6.ELA.15,English Language Arts,NSQ Online Courses (2025),B1,Design Alignment,"The competency supports measurable objectives, aligned learning activities, valid assessment evidence, learner interaction, and accessible options for demonstrating mastery.",NSQ Online Courses 2025
FF.G6.ELA.15,English Language Arts,NSQ Online Courses (2025),B2,Design Alignment,"The competency supports measurable objectives, aligned learning activities, valid assessment evidence, learner interaction, and accessible options for demonstrating mastery.",NSQ Online Courses 2025
FF.G6.ELA.15,English Language Arts,NSQ Online Courses (2025),C2,Design Alignment,"The competency supports measurable objectives, aligned learning activities, valid assessment evidence, learner interaction, and accessible options for demonstrating mastery.",NSQ Online Courses 2025
FF.G6.ELA.15,English Language Arts,NSQ Online Courses (2025),D1,Design Alignment,"The competency supports measurable objectives, aligned learning activities, valid assessment evidence, learner interaction, and accessible options for demonstrating mastery.",NSQ Online Courses 2025
FF.G6.ELA.15,English Language Arts,NSQ Online Courses (2025),D2,Design Alignment,"The competency supports measurable objectives, aligned learning activities, valid assessment evidence, learner interaction, and accessible options for demonstrating mastery.",NSQ Online Courses 2025
FF.G6.ELA.15,English Language Arts,NSQ Online Courses (2025),D4,Design Alignment,"The competency supports measurable objectives, aligned learning activities, valid assessment evidence, learner interaction, and accessible options for demonstrating mastery.",NSQ Online Courses 2025
FF.G6.ELA.16,English Language Arts,Tennessee Academic Standards,6.SL.CC.1,Direct,Tennessee and Common Core Grade 6 expectations are directly aligned for collaborate and interpret spoken and multimedia information.,TN ELA PDF pp.45–47; CCSS ELA Grade 6 SL
FF.G6.ELA.16,English Language Arts,Tennessee Academic Standards,6.SL.CC.2,Direct,Tennessee and Common Core Grade 6 expectations are directly aligned for collaborate and interpret spoken and multimedia information.,TN ELA PDF pp.45–47; CCSS ELA Grade 6 SL
FF.G6.ELA.16,English Language Arts,Common Core State Standards,CCSS.ELA-LITERACY.SL.6.1,Direct,Tennessee and Common Core Grade 6 expectations are directly aligned for collaborate and interpret spoken and multimedia information.,TN ELA PDF pp.45–47; CCSS ELA Grade 6 SL
FF.G6.ELA.16,English Language Arts,Common Core State Standards,CCSS.ELA-LITERACY.SL.6.2,Direct,Tennessee and Common Core Grade 6 expectations are directly aligned for collaborate and interpret spoken and multimedia information.,TN ELA PDF pp.45–47; CCSS ELA Grade 6 SL
FF.G6.ELA.16,English Language Arts,NSQ Online Courses (2025),B1,Design Alignment,"The competency supports measurable objectives, aligned learning activities, valid assessment evidence, learner interaction, and accessible options for demonstrating mastery.",NSQ Online Courses 2025
FF.G6.ELA.16,English Language Arts,NSQ Online Courses (2025),B2,Design Alignment,"The competency supports measurable objectives, aligned learning activities, valid assessment evidence, learner interaction, and accessible options for demonstrating mastery.",NSQ Online Courses 2025
FF.G6.ELA.16,English Language Arts,NSQ Online Courses (2025),C2,Design Alignment,"The competency supports measurable objectives, aligned learning activities, valid assessment evidence, learner interaction, and accessible options for demonstrating mastery.",NSQ Online Courses 2025
FF.G6.ELA.16,English Language Arts,NSQ Online Courses (2025),D1,Design Alignment,"The competency supports measurable objectives, aligned learning activities, valid assessment evidence, learner interaction, and accessible options for demonstrating mastery.",NSQ Online Courses 2025
FF.G6.ELA.16,English Language Arts,NSQ Online Courses (2025),D2,Design Alignment,"The competency supports measurable objectives, aligned learning activities, valid assessment evidence, learner interaction, and accessible options for demonstrating mastery.",NSQ Online Courses 2025
FF.G6.ELA.16,English Language Arts,NSQ Online Courses (2025),D4,Design Alignment,"The competency supports measurable objectives, aligned learning activities, valid assessment evidence, learner interaction, and accessible options for demonstrating mastery.",NSQ Online Courses 2025
FF.G6.ELA.17,English Language Arts,Tennessee Academic Standards,6.SL.CC.3,Direct,Tennessee and Common Core Grade 6 expectations are directly aligned for evaluate arguments and present claims.,TN ELA PDF pp.48–51; CCSS ELA Grade 6 SL
FF.G6.ELA.17,English Language Arts,Tennessee Academic Standards,6.SL.PKI.4,Direct,Tennessee and Common Core Grade 6 expectations are directly aligned for evaluate arguments and present claims.,TN ELA PDF pp.48–51; CCSS ELA Grade 6 SL
FF.G6.ELA.17,English Language Arts,Tennessee Academic Standards,6.SL.PKI.5,Direct,Tennessee and Common Core Grade 6 expectations are directly aligned for evaluate arguments and present claims.,TN ELA PDF pp.48–51; CCSS ELA Grade 6 SL
FF.G6.ELA.17,English Language Arts,Tennessee Academic Standards,6.SL.PKI.6,Direct,Tennessee and Common Core Grade 6 expectations are directly aligned for evaluate arguments and present claims.,TN ELA PDF pp.48–51; CCSS ELA Grade 6 SL
FF.G6.ELA.17,English Language Arts,Common Core State Standards,CCSS.ELA-LITERACY.SL.6.3,Direct,Tennessee and Common Core Grade 6 expectations are directly aligned for evaluate arguments and present claims.,TN ELA PDF pp.48–51; CCSS ELA Grade 6 SL
FF.G6.ELA.17,English Language Arts,Common Core State Standards,CCSS.ELA-LITERACY.SL.6.4,Direct,Tennessee and Common Core Grade 6 expectations are directly aligned for evaluate arguments and present claims.,TN ELA PDF pp.48–51; CCSS ELA Grade 6 SL
FF.G6.ELA.17,English Language Arts,Common Core State Standards,CCSS.ELA-LITERACY.SL.6.5,Direct,Tennessee and Common Core Grade 6 expectations are directly aligned for evaluate arguments and present claims.,TN ELA PDF pp.48–51; CCSS ELA Grade 6 SL
FF.G6.ELA.17,English Language Arts,Common Core State Standards,CCSS.ELA-LITERACY.SL.6.6,Direct,Tennessee and Common Core Grade 6 expectations are directly aligned for evaluate arguments and present claims.,TN ELA PDF pp.48–51; CCSS ELA Grade 6 SL
FF.G6.ELA.17,English Language Arts,NSQ Online Courses (2025),B1,Design Alignment,"The competency supports measurable objectives, aligned learning activities, valid assessment evidence, learner interaction, and accessible options for demonstrating mastery.",NSQ Online Courses 2025
FF.G6.ELA.17,English Language Arts,NSQ Online Courses (2025),B2,Design Alignment,"The competency supports measurable objectives, aligned learning activities, valid assessment evidence, learner interaction, and accessible options for demonstrating mastery.",NSQ Online Courses 2025
FF.G6.ELA.17,English Language Arts,NSQ Online Courses (2025),C2,Design Alignment,"The competency supports measurable objectives, aligned learning activities, valid assessment evidence, learner interaction, and accessible options for demonstrating mastery.",NSQ Online Courses 2025
FF.G6.ELA.17,English Language Arts,NSQ Online Courses (2025),D1,Design Alignment,"The competency supports measurable objectives, aligned learning activities, valid assessment evidence, learner interaction, and accessible options for demonstrating mastery.",NSQ Online Courses 2025
FF.G6.ELA.17,English Language Arts,NSQ Online Courses (2025),D2,Design Alignment,"The competency supports measurable objectives, aligned learning activities, valid assessment evidence, learner interaction, and accessible options for demonstrating mastery.",NSQ Online Courses 2025
FF.G6.ELA.17,English Language Arts,NSQ Online Courses (2025),D4,Design Alignment,"The competency supports measurable objectives, aligned learning activities, valid assessment evidence, learner interaction, and accessible options for demonstrating mastery.",NSQ Online Courses 2025
FF.G6.ELA.18,English Language Arts,Tennessee Academic Standards,6.W.TTP.1,Direct,Tennessee and Common Core Grade 6 expectations are directly aligned for write evidence-based arguments.,TN ELA PDF pp.55–57; CCSS ELA Grade 6 W
FF.G6.ELA.18,English Language Arts,Common Core State Standards,CCSS.ELA-LITERACY.W.6.1,Direct,Tennessee and Common Core Grade 6 expectations are directly aligned for write evidence-based arguments.,TN ELA PDF pp.55–57; CCSS ELA Grade 6 W
FF.G6.ELA.18,English Language Arts,NSQ Online Courses (2025),B1,Design Alignment,"The competency supports measurable objectives, aligned learning activities, valid assessment evidence, learner interaction, and accessible options for demonstrating mastery.",NSQ Online Courses 2025
FF.G6.ELA.18,English Language Arts,NSQ Online Courses (2025),B2,Design Alignment,"The competency supports measurable objectives, aligned learning activities, valid assessment evidence, learner interaction, and accessible options for demonstrating mastery.",NSQ Online Courses 2025
FF.G6.ELA.18,English Language Arts,NSQ Online Courses (2025),C2,Design Alignment,"The competency supports measurable objectives, aligned learning activities, valid assessment evidence, learner interaction, and accessible options for demonstrating mastery.",NSQ Online Courses 2025
FF.G6.ELA.18,English Language Arts,NSQ Online Courses (2025),D1,Design Alignment,"The competency supports measurable objectives, aligned learning activities, valid assessment evidence, learner interaction, and accessible options for demonstrating mastery.",NSQ Online Courses 2025
FF.G6.ELA.18,English Language Arts,NSQ Online Courses (2025),D2,Design Alignment,"The competency supports measurable objectives, aligned learning activities, valid assessment evidence, learner interaction, and accessible options for demonstrating mastery.",NSQ Online Courses 2025
FF.G6.ELA.18,English Language Arts,NSQ Online Courses (2025),D4,Design Alignment,"The competency supports measurable objectives, aligned learning activities, valid assessment evidence, learner interaction, and accessible options for demonstrating mastery.",NSQ Online Courses 2025
FF.G6.ELA.19,English Language Arts,Tennessee Academic Standards,6.W.TTP.2,Direct,Tennessee and Common Core Grade 6 expectations are directly aligned for write informative explanations.,TN ELA PDF pp.58–60; CCSS ELA Grade 6 W
FF.G6.ELA.19,English Language Arts,Common Core State Standards,CCSS.ELA-LITERACY.W.6.2,Direct,Tennessee and Common Core Grade 6 expectations are directly aligned for write informative explanations.,TN ELA PDF pp.58–60; CCSS ELA Grade 6 W
FF.G6.ELA.19,English Language Arts,NSQ Online Courses (2025),B1,Design Alignment,"The competency supports measurable objectives, aligned learning activities, valid assessment evidence, learner interaction, and accessible options for demonstrating mastery.",NSQ Online Courses 2025
FF.G6.ELA.19,English Language Arts,NSQ Online Courses (2025),B2,Design Alignment,"The competency supports measurable objectives, aligned learning activities, valid assessment evidence, learner interaction, and accessible options for demonstrating mastery.",NSQ Online Courses 2025
FF.G6.ELA.19,English Language Arts,NSQ Online Courses (2025),C2,Design Alignment,"The competency supports measurable objectives, aligned learning activities, valid assessment evidence, learner interaction, and accessible options for demonstrating mastery.",NSQ Online Courses 2025
FF.G6.ELA.19,English Language Arts,NSQ Online Courses (2025),D1,Design Alignment,"The competency supports measurable objectives, aligned learning activities, valid assessment evidence, learner interaction, and accessible options for demonstrating mastery.",NSQ Online Courses 2025
FF.G6.ELA.19,English Language Arts,NSQ Online Courses (2025),D2,Design Alignment,"The competency supports measurable objectives, aligned learning activities, valid assessment evidence, learner interaction, and accessible options for demonstrating mastery.",NSQ Online Courses 2025
FF.G6.ELA.19,English Language Arts,NSQ Online Courses (2025),D4,Design Alignment,"The competency supports measurable objectives, aligned learning activities, valid assessment evidence, learner interaction, and accessible options for demonstrating mastery.",NSQ Online Courses 2025
FF.G6.ELA.20,English Language Arts,Tennessee Academic Standards,6.W.TTP.3,Direct,Tennessee and Common Core Grade 6 expectations are directly aligned for craft effective narratives.,TN ELA PDF pp.61–62; CCSS ELA Grade 6 W
FF.G6.ELA.20,English Language Arts,Common Core State Standards,CCSS.ELA-LITERACY.W.6.3,Direct,Tennessee and Common Core Grade 6 expectations are directly aligned for craft effective narratives.,TN ELA PDF pp.61–62; CCSS ELA Grade 6 W
FF.G6.ELA.20,English Language Arts,NSQ Online Courses (2025),B1,Design Alignment,"The competency supports measurable objectives, aligned learning activities, valid assessment evidence, learner interaction, and accessible options for demonstrating mastery.",NSQ Online Courses 2025
FF.G6.ELA.20,English Language Arts,NSQ Online Courses (2025),B2,Design Alignment,"The competency supports measurable objectives, aligned learning activities, valid assessment evidence, learner interaction, and accessible options for demonstrating mastery.",NSQ Online Courses 2025
FF.G6.ELA.20,English Language Arts,NSQ Online Courses (2025),C2,Design Alignment,"The competency supports measurable objectives, aligned learning activities, valid assessment evidence, learner interaction, and accessible options for demonstrating mastery.",NSQ Online Courses 2025
FF.G6.ELA.20,English Language Arts,NSQ Online Courses (2025),D1,Design Alignment,"The competency supports measurable objectives, aligned learning activities, valid assessment evidence, learner interaction, and accessible options for demonstrating mastery.",NSQ Online Courses 2025
FF.G6.ELA.20,English Language Arts,NSQ Online Courses (2025),D2,Design Alignment,"The competency supports measurable objectives, aligned learning activities, valid assessment evidence, learner interaction, and accessible options for demonstrating mastery.",NSQ Online Courses 2025
FF.G6.ELA.20,English Language Arts,NSQ Online Courses (2025),D4,Design Alignment,"The competency supports measurable objectives, aligned learning activities, valid assessment evidence, learner interaction, and accessible options for demonstrating mastery.",NSQ Online Courses 2025
FF.G6.ELA.21,English Language Arts,Tennessee Academic Standards,6.W.PDW.4,Direct,"Tennessee and Common Core Grade 6 expectations are directly aligned for plan, revise, edit, and publish coherent writing.",TN ELA PDF pp.63–65; CCSS ELA Grade 6 W
FF.G6.ELA.21,English Language Arts,Tennessee Academic Standards,6.W.PDW.5,Direct,"Tennessee and Common Core Grade 6 expectations are directly aligned for plan, revise, edit, and publish coherent writing.",TN ELA PDF pp.63–65; CCSS ELA Grade 6 W
FF.G6.ELA.21,English Language Arts,Common Core State Standards,CCSS.ELA-LITERACY.W.6.4,Direct,"Tennessee and Common Core Grade 6 expectations are directly aligned for plan, revise, edit, and publish coherent writing.",TN ELA PDF pp.63–65; CCSS ELA Grade 6 W
FF.G6.ELA.21,English Language Arts,Common Core State Standards,CCSS.ELA-LITERACY.W.6.5,Direct,"Tennessee and Common Core Grade 6 expectations are directly aligned for plan, revise, edit, and publish coherent writing.",TN ELA PDF pp.63–65; CCSS ELA Grade 6 W
FF.G6.ELA.21,English Language Arts,Common Core State Standards,CCSS.ELA-LITERACY.W.6.6,Direct,"Tennessee and Common Core Grade 6 expectations are directly aligned for plan, revise, edit, and publish coherent writing.",TN ELA PDF pp.63–65; CCSS ELA Grade 6 W
FF.G6.ELA.21,English Language Arts,NSQ Online Courses (2025),B1,Design Alignment,"The competency supports measurable objectives, aligned learning activities, valid assessment evidence, learner interaction, and accessible options for demonstrating mastery.",NSQ Online Courses 2025
FF.G6.ELA.21,English Language Arts,NSQ Online Courses (2025),B2,Design Alignment,"The competency supports measurable objectives, aligned learning activities, valid assessment evidence, learner interaction, and accessible options for demonstrating mastery.",NSQ Online Courses 2025
FF.G6.ELA.21,English Language Arts,NSQ Online Courses (2025),C2,Design Alignment,"The competency supports measurable objectives, aligned learning activities, valid assessment evidence, learner interaction, and accessible options for demonstrating mastery.",NSQ Online Courses 2025
FF.G6.ELA.21,English Language Arts,NSQ Online Courses (2025),D1,Design Alignment,"The competency supports measurable objectives, aligned learning activities, valid assessment evidence, learner interaction, and accessible options for demonstrating mastery.",NSQ Online Courses 2025
FF.G6.ELA.21,English Language Arts,NSQ Online Courses (2025),D2,Design Alignment,"The competency supports measurable objectives, aligned learning activities, valid assessment evidence, learner interaction, and accessible options for demonstrating mastery.",NSQ Online Courses 2025
FF.G6.ELA.21,English Language Arts,NSQ Online Courses (2025),D4,Design Alignment,"The competency supports measurable objectives, aligned learning activities, valid assessment evidence, learner interaction, and accessible options for demonstrating mastery.",NSQ Online Courses 2025
FF.G6.ELA.22,English Language Arts,Tennessee Academic Standards,6.W.RBPK.7,Direct,"Tennessee and Common Core Grade 6 expectations are directly aligned for research, evaluate sources, and integrate evidence.",TN ELA PDF pp.66–68; CCSS ELA Grade 6 W
FF.G6.ELA.22,English Language Arts,Tennessee Academic Standards,6.W.RBPK.8,Direct,"Tennessee and Common Core Grade 6 expectations are directly aligned for research, evaluate sources, and integrate evidence.",TN ELA PDF pp.66–68; CCSS ELA Grade 6 W
FF.G6.ELA.22,English Language Arts,Tennessee Academic Standards,6.W.RBPK.9,Direct,"Tennessee and Common Core Grade 6 expectations are directly aligned for research, evaluate sources, and integrate evidence.",TN ELA PDF pp.66–68; CCSS ELA Grade 6 W
FF.G6.ELA.22,English Language Arts,Common Core State Standards,CCSS.ELA-LITERACY.W.6.7,Direct,"Tennessee and Common Core Grade 6 expectations are directly aligned for research, evaluate sources, and integrate evidence.",TN ELA PDF pp.66–68; CCSS ELA Grade 6 W
FF.G6.ELA.22,English Language Arts,Common Core State Standards,CCSS.ELA-LITERACY.W.6.8,Direct,"Tennessee and Common Core Grade 6 expectations are directly aligned for research, evaluate sources, and integrate evidence.",TN ELA PDF pp.66–68; CCSS ELA Grade 6 W
FF.G6.ELA.22,English Language Arts,Common Core State Standards,CCSS.ELA-LITERACY.W.6.9,Direct,"Tennessee and Common Core Grade 6 expectations are directly aligned for research, evaluate sources, and integrate evidence.",TN ELA PDF pp.66–68; CCSS ELA Grade 6 W
FF.G6.ELA.22,English Language Arts,NSQ Online Courses (2025),B1,Design Alignment,"The competency supports measurable objectives, aligned learning activities, valid assessment evidence, learner interaction, and accessible options for demonstrating mastery.",NSQ Online Courses 2025
FF.G6.ELA.22,English Language Arts,NSQ Online Courses (2025),B2,Design Alignment,"The competency supports measurable objectives, aligned learning activities, valid assessment evidence, learner interaction, and accessible options for demonstrating mastery.",NSQ Online Courses 2025
FF.G6.ELA.22,English Language Arts,NSQ Online Courses (2025),C2,Design Alignment,"The competency supports measurable objectives, aligned learning activities, valid assessment evidence, learner interaction, and accessible options for demonstrating mastery.",NSQ Online Courses 2025
FF.G6.ELA.22,English Language Arts,NSQ Online Courses (2025),D1,Design Alignment,"The competency supports measurable objectives, aligned learning activities, valid assessment evidence, learner interaction, and accessible options for demonstrating mastery.",NSQ Online Courses 2025
FF.G6.ELA.22,English Language Arts,NSQ Online Courses (2025),D2,Design Alignment,"The competency supports measurable objectives, aligned learning activities, valid assessment evidence, learner interaction, and accessible options for demonstrating mastery.",NSQ Online Courses 2025
FF.G6.ELA.22,English Language Arts,NSQ Online Courses (2025),D4,Design Alignment,"The competency supports measurable objectives, aligned learning activities, valid assessment evidence, learner interaction, and accessible options for demonstrating mastery.",NSQ Online Courses 2025
FF.G6.ELA.23,English Language Arts,Tennessee Academic Standards,6.W.RW.10,Direct,Tennessee and Common Core Grade 6 expectations are directly aligned for write routinely for varied purposes and time frames.,TN ELA PDF p.69; CCSS ELA Grade 6 W
FF.G6.ELA.23,English Language Arts,Common Core State Standards,CCSS.ELA-LITERACY.W.6.10,Direct,Tennessee and Common Core Grade 6 expectations are directly aligned for write routinely for varied purposes and time frames.,TN ELA PDF p.69; CCSS ELA Grade 6 W
FF.G6.ELA.23,English Language Arts,NSQ Online Courses (2025),B1,Design Alignment,"The competency supports measurable objectives, aligned learning activities, valid assessment evidence, learner interaction, and accessible options for demonstrating mastery.",NSQ Online Courses 2025
FF.G6.ELA.23,English Language Arts,NSQ Online Courses (2025),B2,Design Alignment,"The competency supports measurable objectives, aligned learning activities, valid assessment evidence, learner interaction, and accessible options for demonstrating mastery.",NSQ Online Courses 2025
FF.G6.ELA.23,English Language Arts,NSQ Online Courses (2025),C2,Design Alignment,"The competency supports measurable objectives, aligned learning activities, valid assessment evidence, learner interaction, and accessible options for demonstrating mastery.",NSQ Online Courses 2025
FF.G6.ELA.23,English Language Arts,NSQ Online Courses (2025),D1,Design Alignment,"The competency supports measurable objectives, aligned learning activities, valid assessment evidence, learner interaction, and accessible options for demonstrating mastery.",NSQ Online Courses 2025
FF.G6.ELA.23,English Language Arts,NSQ Online Courses (2025),D2,Design Alignment,"The competency supports measurable objectives, aligned learning activities, valid assessment evidence, learner interaction, and accessible options for demonstrating mastery.",NSQ Online Courses 2025
FF.G6.ELA.23,English Language Arts,NSQ Online Courses (2025),D4,Design Alignment,"The competency supports measurable objectives, aligned learning activities, valid assessment evidence, learner interaction, and accessible options for demonstrating mastery.",NSQ Online Courses 2025
FF.G6.MATH.01,Mathematics,Tennessee Academic Standards,6.RP.A.1,Direct,The Tennessee and Common Core Grade 6 standards share the same domain and a substantially aligned performance expectation.,TN Math 2021 PDF p.65
FF.G6.MATH.01,Mathematics,Common Core State Standards,CCSS.MATH.CONTENT.6.RP.A.1,Direct,The Tennessee and Common Core Grade 6 standards share the same domain and a substantially aligned performance expectation.,TN Math 2021 PDF p.65
FF.G6.MATH.01,Mathematics,NSQ Online Courses (2025),B1,Design Alignment,"The competency supports measurable objectives, aligned learning activities, valid assessment evidence, learner interaction, and accessible options for demonstrating mastery.",NSQ Online Courses 2025
FF.G6.MATH.01,Mathematics,NSQ Online Courses (2025),B2,Design Alignment,"The competency supports measurable objectives, aligned learning activities, valid assessment evidence, learner interaction, and accessible options for demonstrating mastery.",NSQ Online Courses 2025
FF.G6.MATH.01,Mathematics,NSQ Online Courses (2025),C2,Design Alignment,"The competency supports measurable objectives, aligned learning activities, valid assessment evidence, learner interaction, and accessible options for demonstrating mastery.",NSQ Online Courses 2025
FF.G6.MATH.01,Mathematics,NSQ Online Courses (2025),D1,Design Alignment,"The competency supports measurable objectives, aligned learning activities, valid assessment evidence, learner interaction, and accessible options for demonstrating mastery.",NSQ Online Courses 2025
FF.G6.MATH.01,Mathematics,NSQ Online Courses (2025),D2,Design Alignment,"The competency supports measurable objectives, aligned learning activities, valid assessment evidence, learner interaction, and accessible options for demonstrating mastery.",NSQ Online Courses 2025
FF.G6.MATH.01,Mathematics,NSQ Online Courses (2025),D4,Design Alignment,"The competency supports measurable objectives, aligned learning activities, valid assessment evidence, learner interaction, and accessible options for demonstrating mastery.",NSQ Online Courses 2025
FF.G6.MATH.02,Mathematics,Tennessee Academic Standards,6.RP.A.2,Direct,The Tennessee and Common Core Grade 6 standards share the same domain and a substantially aligned performance expectation.,TN Math 2021 PDF p.65
FF.G6.MATH.02,Mathematics,Common Core State Standards,CCSS.MATH.CONTENT.6.RP.A.2,Direct,The Tennessee and Common Core Grade 6 standards share the same domain and a substantially aligned performance expectation.,TN Math 2021 PDF p.65
FF.G6.MATH.02,Mathematics,NSQ Online Courses (2025),B1,Design Alignment,"The competency supports measurable objectives, aligned learning activities, valid assessment evidence, learner interaction, and accessible options for demonstrating mastery.",NSQ Online Courses 2025
FF.G6.MATH.02,Mathematics,NSQ Online Courses (2025),B2,Design Alignment,"The competency supports measurable objectives, aligned learning activities, valid assessment evidence, learner interaction, and accessible options for demonstrating mastery.",NSQ Online Courses 2025
FF.G6.MATH.02,Mathematics,NSQ Online Courses (2025),C2,Design Alignment,"The competency supports measurable objectives, aligned learning activities, valid assessment evidence, learner interaction, and accessible options for demonstrating mastery.",NSQ Online Courses 2025
FF.G6.MATH.02,Mathematics,NSQ Online Courses (2025),D1,Design Alignment,"The competency supports measurable objectives, aligned learning activities, valid assessment evidence, learner interaction, and accessible options for demonstrating mastery.",NSQ Online Courses 2025
FF.G6.MATH.02,Mathematics,NSQ Online Courses (2025),D2,Design Alignment,"The competency supports measurable objectives, aligned learning activities, valid assessment evidence, learner interaction, and accessible options for demonstrating mastery.",NSQ Online Courses 2025
FF.G6.MATH.02,Mathematics,NSQ Online Courses (2025),D4,Design Alignment,"The competency supports measurable objectives, aligned learning activities, valid assessment evidence, learner interaction, and accessible options for demonstrating mastery.",NSQ Online Courses 2025
FF.G6.MATH.03,Mathematics,Tennessee Academic Standards,6.RP.A.3,Direct,The Tennessee and Common Core Grade 6 standards share the same domain and a substantially aligned performance expectation.,TN Math 2021 PDF p.65
FF.G6.MATH.03,Mathematics,Common Core State Standards,CCSS.MATH.CONTENT.6.RP.A.3,Direct,The Tennessee and Common Core Grade 6 standards share the same domain and a substantially aligned performance expectation.,TN Math 2021 PDF p.65
FF.G6.MATH.03,Mathematics,NSQ Online Courses (2025),B1,Design Alignment,"The competency supports measurable objectives, aligned learning activities, valid assessment evidence, learner interaction, and accessible options for demonstrating mastery.",NSQ Online Courses 2025
FF.G6.MATH.03,Mathematics,NSQ Online Courses (2025),B2,Design Alignment,"The competency supports measurable objectives, aligned learning activities, valid assessment evidence, learner interaction, and accessible options for demonstrating mastery.",NSQ Online Courses 2025
FF.G6.MATH.03,Mathematics,NSQ Online Courses (2025),C2,Design Alignment,"The competency supports measurable objectives, aligned learning activities, valid assessment evidence, learner interaction, and accessible options for demonstrating mastery.",NSQ Online Courses 2025
FF.G6.MATH.03,Mathematics,NSQ Online Courses (2025),D1,Design Alignment,"The competency supports measurable objectives, aligned learning activities, valid assessment evidence, learner interaction, and accessible options for demonstrating mastery.",NSQ Online Courses 2025
FF.G6.MATH.03,Mathematics,NSQ Online Courses (2025),D2,Design Alignment,"The competency supports measurable objectives, aligned learning activities, valid assessment evidence, learner interaction, and accessible options for demonstrating mastery.",NSQ Online Courses 2025
FF.G6.MATH.03,Mathematics,NSQ Online Courses (2025),D4,Design Alignment,"The competency supports measurable objectives, aligned learning activities, valid assessment evidence, learner interaction, and accessible options for demonstrating mastery.",NSQ Online Courses 2025
FF.G6.MATH.04,Mathematics,Tennessee Academic Standards,6.NS.A.1,Direct,The Tennessee and Common Core Grade 6 standards share the same domain and a substantially aligned performance expectation.,TN Math 2021 PDF p.65
FF.G6.MATH.04,Mathematics,Common Core State Standards,CCSS.MATH.CONTENT.6.NS.A.1,Direct,The Tennessee and Common Core Grade 6 standards share the same domain and a substantially aligned performance expectation.,TN Math 2021 PDF p.65
FF.G6.MATH.04,Mathematics,NSQ Online Courses (2025),B1,Design Alignment,"The competency supports measurable objectives, aligned learning activities, valid assessment evidence, learner interaction, and accessible options for demonstrating mastery.",NSQ Online Courses 2025
FF.G6.MATH.04,Mathematics,NSQ Online Courses (2025),B2,Design Alignment,"The competency supports measurable objectives, aligned learning activities, valid assessment evidence, learner interaction, and accessible options for demonstrating mastery.",NSQ Online Courses 2025
FF.G6.MATH.04,Mathematics,NSQ Online Courses (2025),C2,Design Alignment,"The competency supports measurable objectives, aligned learning activities, valid assessment evidence, learner interaction, and accessible options for demonstrating mastery.",NSQ Online Courses 2025
FF.G6.MATH.04,Mathematics,NSQ Online Courses (2025),D1,Design Alignment,"The competency supports measurable objectives, aligned learning activities, valid assessment evidence, learner interaction, and accessible options for demonstrating mastery.",NSQ Online Courses 2025
FF.G6.MATH.04,Mathematics,NSQ Online Courses (2025),D2,Design Alignment,"The competency supports measurable objectives, aligned learning activities, valid assessment evidence, learner interaction, and accessible options for demonstrating mastery.",NSQ Online Courses 2025
FF.G6.MATH.04,Mathematics,NSQ Online Courses (2025),D4,Design Alignment,"The competency supports measurable objectives, aligned learning activities, valid assessment evidence, learner interaction, and accessible options for demonstrating mastery.",NSQ Online Courses 2025
FF.G6.MATH.05,Mathematics,Tennessee Academic Standards,6.NS.B.2,Direct,The Tennessee and Common Core Grade 6 standards share the same domain and a substantially aligned performance expectation.,TN Math 2021 PDF p.66
FF.G6.MATH.05,Mathematics,Common Core State Standards,CCSS.MATH.CONTENT.6.NS.B.2,Direct,The Tennessee and Common Core Grade 6 standards share the same domain and a substantially aligned performance expectation.,TN Math 2021 PDF p.66
FF.G6.MATH.05,Mathematics,NSQ Online Courses (2025),B1,Design Alignment,"The competency supports measurable objectives, aligned learning activities, valid assessment evidence, learner interaction, and accessible options for demonstrating mastery.",NSQ Online Courses 2025
FF.G6.MATH.05,Mathematics,NSQ Online Courses (2025),B2,Design Alignment,"The competency supports measurable objectives, aligned learning activities, valid assessment evidence, learner interaction, and accessible options for demonstrating mastery.",NSQ Online Courses 2025
FF.G6.MATH.05,Mathematics,NSQ Online Courses (2025),C2,Design Alignment,"The competency supports measurable objectives, aligned learning activities, valid assessment evidence, learner interaction, and accessible options for demonstrating mastery.",NSQ Online Courses 2025
FF.G6.MATH.05,Mathematics,NSQ Online Courses (2025),D1,Design Alignment,"The competency supports measurable objectives, aligned learning activities, valid assessment evidence, learner interaction, and accessible options for demonstrating mastery.",NSQ Online Courses 2025
FF.G6.MATH.05,Mathematics,NSQ Online Courses (2025),D2,Design Alignment,"The competency supports measurable objectives, aligned learning activities, valid assessment evidence, learner interaction, and accessible options for demonstrating mastery.",NSQ Online Courses 2025
FF.G6.MATH.05,Mathematics,NSQ Online Courses (2025),D4,Design Alignment,"The competency supports measurable objectives, aligned learning activities, valid assessment evidence, learner interaction, and accessible options for demonstrating mastery.",NSQ Online Courses 2025
FF.G6.MATH.06,Mathematics,Tennessee Academic Standards,6.NS.B.3,Direct,The Tennessee and Common Core Grade 6 standards share the same domain and a substantially aligned performance expectation.,TN Math 2021 PDF p.66
FF.G6.MATH.06,Mathematics,Common Core State Standards,CCSS.MATH.CONTENT.6.NS.B.3,Direct,The Tennessee and Common Core Grade 6 standards share the same domain and a substantially aligned performance expectation.,TN Math 2021 PDF p.66
FF.G6.MATH.06,Mathematics,NSQ Online Courses (2025),B1,Design Alignment,"The competency supports measurable objectives, aligned learning activities, valid assessment evidence, learner interaction, and accessible options for demonstrating mastery.",NSQ Online Courses 2025
FF.G6.MATH.06,Mathematics,NSQ Online Courses (2025),B2,Design Alignment,"The competency supports measurable objectives, aligned learning activities, valid assessment evidence, learner interaction, and accessible options for demonstrating mastery.",NSQ Online Courses 2025
FF.G6.MATH.06,Mathematics,NSQ Online Courses (2025),C2,Design Alignment,"The competency supports measurable objectives, aligned learning activities, valid assessment evidence, learner interaction, and accessible options for demonstrating mastery.",NSQ Online Courses 2025
FF.G6.MATH.06,Mathematics,NSQ Online Courses (2025),D1,Design Alignment,"The competency supports measurable objectives, aligned learning activities, valid assessment evidence, learner interaction, and accessible options for demonstrating mastery.",NSQ Online Courses 2025
FF.G6.MATH.06,Mathematics,NSQ Online Courses (2025),D2,Design Alignment,"The competency supports measurable objectives, aligned learning activities, valid assessment evidence, learner interaction, and accessible options for demonstrating mastery.",NSQ Online Courses 2025
FF.G6.MATH.06,Mathematics,NSQ Online Courses (2025),D4,Design Alignment,"The competency supports measurable objectives, aligned learning activities, valid assessment evidence, learner interaction, and accessible options for demonstrating mastery.",NSQ Online Courses 2025
FF.G6.MATH.07,Mathematics,Tennessee Academic Standards,6.NS.B.4,Direct,The Tennessee and Common Core Grade 6 standards share the same domain and a substantially aligned performance expectation.,TN Math 2021 PDF p.66
FF.G6.MATH.07,Mathematics,Common Core State Standards,CCSS.MATH.CONTENT.6.NS.B.4,Direct,The Tennessee and Common Core Grade 6 standards share the same domain and a substantially aligned performance expectation.,TN Math 2021 PDF p.66
FF.G6.MATH.07,Mathematics,NSQ Online Courses (2025),B1,Design Alignment,"The competency supports measurable objectives, aligned learning activities, valid assessment evidence, learner interaction, and accessible options for demonstrating mastery.",NSQ Online Courses 2025
FF.G6.MATH.07,Mathematics,NSQ Online Courses (2025),B2,Design Alignment,"The competency supports measurable objectives, aligned learning activities, valid assessment evidence, learner interaction, and accessible options for demonstrating mastery.",NSQ Online Courses 2025
FF.G6.MATH.07,Mathematics,NSQ Online Courses (2025),C2,Design Alignment,"The competency supports measurable objectives, aligned learning activities, valid assessment evidence, learner interaction, and accessible options for demonstrating mastery.",NSQ Online Courses 2025
FF.G6.MATH.07,Mathematics,NSQ Online Courses (2025),D1,Design Alignment,"The competency supports measurable objectives, aligned learning activities, valid assessment evidence, learner interaction, and accessible options for demonstrating mastery.",NSQ Online Courses 2025
FF.G6.MATH.07,Mathematics,NSQ Online Courses (2025),D2,Design Alignment,"The competency supports measurable objectives, aligned learning activities, valid assessment evidence, learner interaction, and accessible options for demonstrating mastery.",NSQ Online Courses 2025
FF.G6.MATH.07,Mathematics,NSQ Online Courses (2025),D4,Design Alignment,"The competency supports measurable objectives, aligned learning activities, valid assessment evidence, learner interaction, and accessible options for demonstrating mastery.",NSQ Online Courses 2025
FF.G6.MATH.08,Mathematics,Tennessee Academic Standards,6.NS.C.5,Direct,The Tennessee and Common Core Grade 6 standards share the same domain and a substantially aligned performance expectation.,TN Math 2021 PDF p.66
FF.G6.MATH.08,Mathematics,Common Core State Standards,CCSS.MATH.CONTENT.6.NS.C.5,Direct,The Tennessee and Common Core Grade 6 standards share the same domain and a substantially aligned performance expectation.,TN Math 2021 PDF p.66
FF.G6.MATH.08,Mathematics,NSQ Online Courses (2025),B1,Design Alignment,"The competency supports measurable objectives, aligned learning activities, valid assessment evidence, learner interaction, and accessible options for demonstrating mastery.",NSQ Online Courses 2025
FF.G6.MATH.08,Mathematics,NSQ Online Courses (2025),B2,Design Alignment,"The competency supports measurable objectives, aligned learning activities, valid assessment evidence, learner interaction, and accessible options for demonstrating mastery.",NSQ Online Courses 2025
FF.G6.MATH.08,Mathematics,NSQ Online Courses (2025),C2,Design Alignment,"The competency supports measurable objectives, aligned learning activities, valid assessment evidence, learner interaction, and accessible options for demonstrating mastery.",NSQ Online Courses 2025
FF.G6.MATH.08,Mathematics,NSQ Online Courses (2025),D1,Design Alignment,"The competency supports measurable objectives, aligned learning activities, valid assessment evidence, learner interaction, and accessible options for demonstrating mastery.",NSQ Online Courses 2025
FF.G6.MATH.08,Mathematics,NSQ Online Courses (2025),D2,Design Alignment,"The competency supports measurable objectives, aligned learning activities, valid assessment evidence, learner interaction, and accessible options for demonstrating mastery.",NSQ Online Courses 2025
FF.G6.MATH.08,Mathematics,NSQ Online Courses (2025),D4,Design Alignment,"The competency supports measurable objectives, aligned learning activities, valid assessment evidence, learner interaction, and accessible options for demonstrating mastery.",NSQ Online Courses 2025
FF.G6.MATH.09,Mathematics,Tennessee Academic Standards,6.NS.C.6,Direct,The Tennessee and Common Core Grade 6 standards share the same domain and a substantially aligned performance expectation.,TN Math 2021 PDF p.66
FF.G6.MATH.09,Mathematics,Common Core State Standards,CCSS.MATH.CONTENT.6.NS.C.6,Direct,The Tennessee and Common Core Grade 6 standards share the same domain and a substantially aligned performance expectation.,TN Math 2021 PDF p.66
FF.G6.MATH.09,Mathematics,NSQ Online Courses (2025),B1,Design Alignment,"The competency supports measurable objectives, aligned learning activities, valid assessment evidence, learner interaction, and accessible options for demonstrating mastery.",NSQ Online Courses 2025
FF.G6.MATH.09,Mathematics,NSQ Online Courses (2025),B2,Design Alignment,"The competency supports measurable objectives, aligned learning activities, valid assessment evidence, learner interaction, and accessible options for demonstrating mastery.",NSQ Online Courses 2025
FF.G6.MATH.09,Mathematics,NSQ Online Courses (2025),C2,Design Alignment,"The competency supports measurable objectives, aligned learning activities, valid assessment evidence, learner interaction, and accessible options for demonstrating mastery.",NSQ Online Courses 2025
FF.G6.MATH.09,Mathematics,NSQ Online Courses (2025),D1,Design Alignment,"The competency supports measurable objectives, aligned learning activities, valid assessment evidence, learner interaction, and accessible options for demonstrating mastery.",NSQ Online Courses 2025
FF.G6.MATH.09,Mathematics,NSQ Online Courses (2025),D2,Design Alignment,"The competency supports measurable objectives, aligned learning activities, valid assessment evidence, learner interaction, and accessible options for demonstrating mastery.",NSQ Online Courses 2025
FF.G6.MATH.09,Mathematics,NSQ Online Courses (2025),D4,Design Alignment,"The competency supports measurable objectives, aligned learning activities, valid assessment evidence, learner interaction, and accessible options for demonstrating mastery.",NSQ Online Courses 2025
FF.G6.MATH.10,Mathematics,Tennessee Academic Standards,6.NS.C.7,Direct,The Tennessee and Common Core Grade 6 standards share the same domain and a substantially aligned performance expectation.,TN Math 2021 PDF p.66
FF.G6.MATH.10,Mathematics,Common Core State Standards,CCSS.MATH.CONTENT.6.NS.C.7,Direct,The Tennessee and Common Core Grade 6 standards share the same domain and a substantially aligned performance expectation.,TN Math 2021 PDF p.66
FF.G6.MATH.10,Mathematics,NSQ Online Courses (2025),B1,Design Alignment,"The competency supports measurable objectives, aligned learning activities, valid assessment evidence, learner interaction, and accessible options for demonstrating mastery.",NSQ Online Courses 2025
FF.G6.MATH.10,Mathematics,NSQ Online Courses (2025),B2,Design Alignment,"The competency supports measurable objectives, aligned learning activities, valid assessment evidence, learner interaction, and accessible options for demonstrating mastery.",NSQ Online Courses 2025
FF.G6.MATH.10,Mathematics,NSQ Online Courses (2025),C2,Design Alignment,"The competency supports measurable objectives, aligned learning activities, valid assessment evidence, learner interaction, and accessible options for demonstrating mastery.",NSQ Online Courses 2025
FF.G6.MATH.10,Mathematics,NSQ Online Courses (2025),D1,Design Alignment,"The competency supports measurable objectives, aligned learning activities, valid assessment evidence, learner interaction, and accessible options for demonstrating mastery.",NSQ Online Courses 2025
FF.G6.MATH.10,Mathematics,NSQ Online Courses (2025),D2,Design Alignment,"The competency supports measurable objectives, aligned learning activities, valid assessment evidence, learner interaction, and accessible options for demonstrating mastery.",NSQ Online Courses 2025
FF.G6.MATH.10,Mathematics,NSQ Online Courses (2025),D4,Design Alignment,"The competency supports measurable objectives, aligned learning activities, valid assessment evidence, learner interaction, and accessible options for demonstrating mastery.",NSQ Online Courses 2025
FF.G6.MATH.11,Mathematics,Tennessee Academic Standards,6.NS.C.8,Direct,The Tennessee and Common Core Grade 6 standards share the same domain and a substantially aligned performance expectation.,TN Math 2021 PDF p.67
FF.G6.MATH.11,Mathematics,Common Core State Standards,CCSS.MATH.CONTENT.6.NS.C.8,Direct,The Tennessee and Common Core Grade 6 standards share the same domain and a substantially aligned performance expectation.,TN Math 2021 PDF p.67
FF.G6.MATH.11,Mathematics,NSQ Online Courses (2025),B1,Design Alignment,"The competency supports measurable objectives, aligned learning activities, valid assessment evidence, learner interaction, and accessible options for demonstrating mastery.",NSQ Online Courses 2025
FF.G6.MATH.11,Mathematics,NSQ Online Courses (2025),B2,Design Alignment,"The competency supports measurable objectives, aligned learning activities, valid assessment evidence, learner interaction, and accessible options for demonstrating mastery.",NSQ Online Courses 2025
FF.G6.MATH.11,Mathematics,NSQ Online Courses (2025),C2,Design Alignment,"The competency supports measurable objectives, aligned learning activities, valid assessment evidence, learner interaction, and accessible options for demonstrating mastery.",NSQ Online Courses 2025
FF.G6.MATH.11,Mathematics,NSQ Online Courses (2025),D1,Design Alignment,"The competency supports measurable objectives, aligned learning activities, valid assessment evidence, learner interaction, and accessible options for demonstrating mastery.",NSQ Online Courses 2025
FF.G6.MATH.11,Mathematics,NSQ Online Courses (2025),D2,Design Alignment,"The competency supports measurable objectives, aligned learning activities, valid assessment evidence, learner interaction, and accessible options for demonstrating mastery.",NSQ Online Courses 2025
FF.G6.MATH.11,Mathematics,NSQ Online Courses (2025),D4,Design Alignment,"The competency supports measurable objectives, aligned learning activities, valid assessment evidence, learner interaction, and accessible options for demonstrating mastery.",NSQ Online Courses 2025
FF.G6.MATH.12,Mathematics,Tennessee Academic Standards,6.EE.A.1,Direct,The Tennessee and Common Core Grade 6 standards share the same domain and a substantially aligned performance expectation.,TN Math 2021 PDF p.67
FF.G6.MATH.12,Mathematics,Common Core State Standards,CCSS.MATH.CONTENT.6.EE.A.1,Direct,The Tennessee and Common Core Grade 6 standards share the same domain and a substantially aligned performance expectation.,TN Math 2021 PDF p.67
FF.G6.MATH.12,Mathematics,NSQ Online Courses (2025),B1,Design Alignment,"The competency supports measurable objectives, aligned learning activities, valid assessment evidence, learner interaction, and accessible options for demonstrating mastery.",NSQ Online Courses 2025
FF.G6.MATH.12,Mathematics,NSQ Online Courses (2025),B2,Design Alignment,"The competency supports measurable objectives, aligned learning activities, valid assessment evidence, learner interaction, and accessible options for demonstrating mastery.",NSQ Online Courses 2025
FF.G6.MATH.12,Mathematics,NSQ Online Courses (2025),C2,Design Alignment,"The competency supports measurable objectives, aligned learning activities, valid assessment evidence, learner interaction, and accessible options for demonstrating mastery.",NSQ Online Courses 2025
FF.G6.MATH.12,Mathematics,NSQ Online Courses (2025),D1,Design Alignment,"The competency supports measurable objectives, aligned learning activities, valid assessment evidence, learner interaction, and accessible options for demonstrating mastery.",NSQ Online Courses 2025
FF.G6.MATH.12,Mathematics,NSQ Online Courses (2025),D2,Design Alignment,"The competency supports measurable objectives, aligned learning activities, valid assessment evidence, learner interaction, and accessible options for demonstrating mastery.",NSQ Online Courses 2025
FF.G6.MATH.12,Mathematics,NSQ Online Courses (2025),D4,Design Alignment,"The competency supports measurable objectives, aligned learning activities, valid assessment evidence, learner interaction, and accessible options for demonstrating mastery.",NSQ Online Courses 2025
FF.G6.MATH.13,Mathematics,Tennessee Academic Standards,6.EE.A.2,Direct,The Tennessee and Common Core Grade 6 standards share the same domain and a substantially aligned performance expectation.,TN Math 2021 PDF p.67
FF.G6.MATH.13,Mathematics,Common Core State Standards,CCSS.MATH.CONTENT.6.EE.A.2,Direct,The Tennessee and Common Core Grade 6 standards share the same domain and a substantially aligned performance expectation.,TN Math 2021 PDF p.67
FF.G6.MATH.13,Mathematics,NSQ Online Courses (2025),B1,Design Alignment,"The competency supports measurable objectives, aligned learning activities, valid assessment evidence, learner interaction, and accessible options for demonstrating mastery.",NSQ Online Courses 2025
FF.G6.MATH.13,Mathematics,NSQ Online Courses (2025),B2,Design Alignment,"The competency supports measurable objectives, aligned learning activities, valid assessment evidence, learner interaction, and accessible options for demonstrating mastery.",NSQ Online Courses 2025
FF.G6.MATH.13,Mathematics,NSQ Online Courses (2025),C2,Design Alignment,"The competency supports measurable objectives, aligned learning activities, valid assessment evidence, learner interaction, and accessible options for demonstrating mastery.",NSQ Online Courses 2025
FF.G6.MATH.13,Mathematics,NSQ Online Courses (2025),D1,Design Alignment,"The competency supports measurable objectives, aligned learning activities, valid assessment evidence, learner interaction, and accessible options for demonstrating mastery.",NSQ Online Courses 2025
FF.G6.MATH.13,Mathematics,NSQ Online Courses (2025),D2,Design Alignment,"The competency supports measurable objectives, aligned learning activities, valid assessment evidence, learner interaction, and accessible options for demonstrating mastery.",NSQ Online Courses 2025
FF.G6.MATH.13,Mathematics,NSQ Online Courses (2025),D4,Design Alignment,"The competency supports measurable objectives, aligned learning activities, valid assessment evidence, learner interaction, and accessible options for demonstrating mastery.",NSQ Online Courses 2025
FF.G6.MATH.14,Mathematics,Tennessee Academic Standards,6.EE.A.3,Direct,The Tennessee and Common Core Grade 6 standards share the same domain and a substantially aligned performance expectation.,TN Math 2021 PDF p.67
FF.G6.MATH.14,Mathematics,Common Core State Standards,CCSS.MATH.CONTENT.6.EE.A.3,Direct,The Tennessee and Common Core Grade 6 standards share the same domain and a substantially aligned performance expectation.,TN Math 2021 PDF p.67
FF.G6.MATH.14,Mathematics,NSQ Online Courses (2025),B1,Design Alignment,"The competency supports measurable objectives, aligned learning activities, valid assessment evidence, learner interaction, and accessible options for demonstrating mastery.",NSQ Online Courses 2025
FF.G6.MATH.14,Mathematics,NSQ Online Courses (2025),B2,Design Alignment,"The competency supports measurable objectives, aligned learning activities, valid assessment evidence, learner interaction, and accessible options for demonstrating mastery.",NSQ Online Courses 2025
FF.G6.MATH.14,Mathematics,NSQ Online Courses (2025),C2,Design Alignment,"The competency supports measurable objectives, aligned learning activities, valid assessment evidence, learner interaction, and accessible options for demonstrating mastery.",NSQ Online Courses 2025
FF.G6.MATH.14,Mathematics,NSQ Online Courses (2025),D1,Design Alignment,"The competency supports measurable objectives, aligned learning activities, valid assessment evidence, learner interaction, and accessible options for demonstrating mastery.",NSQ Online Courses 2025
FF.G6.MATH.14,Mathematics,NSQ Online Courses (2025),D2,Design Alignment,"The competency supports measurable objectives, aligned learning activities, valid assessment evidence, learner interaction, and accessible options for demonstrating mastery.",NSQ Online Courses 2025
FF.G6.MATH.14,Mathematics,NSQ Online Courses (2025),D4,Design Alignment,"The competency supports measurable objectives, aligned learning activities, valid assessment evidence, learner interaction, and accessible options for demonstrating mastery.",NSQ Online Courses 2025
FF.G6.MATH.15,Mathematics,Tennessee Academic Standards,6.EE.A.4,Direct,The Tennessee and Common Core Grade 6 standards share the same domain and a substantially aligned performance expectation.,TN Math 2021 PDF p.67
FF.G6.MATH.15,Mathematics,Common Core State Standards,CCSS.MATH.CONTENT.6.EE.A.4,Direct,The Tennessee and Common Core Grade 6 standards share the same domain and a substantially aligned performance expectation.,TN Math 2021 PDF p.67
FF.G6.MATH.15,Mathematics,NSQ Online Courses (2025),B1,Design Alignment,"The competency supports measurable objectives, aligned learning activities, valid assessment evidence, learner interaction, and accessible options for demonstrating mastery.",NSQ Online Courses 2025
FF.G6.MATH.15,Mathematics,NSQ Online Courses (2025),B2,Design Alignment,"The competency supports measurable objectives, aligned learning activities, valid assessment evidence, learner interaction, and accessible options for demonstrating mastery.",NSQ Online Courses 2025
FF.G6.MATH.15,Mathematics,NSQ Online Courses (2025),C2,Design Alignment,"The competency supports measurable objectives, aligned learning activities, valid assessment evidence, learner interaction, and accessible options for demonstrating mastery.",NSQ Online Courses 2025
FF.G6.MATH.15,Mathematics,NSQ Online Courses (2025),D1,Design Alignment,"The competency supports measurable objectives, aligned learning activities, valid assessment evidence, learner interaction, and accessible options for demonstrating mastery.",NSQ Online Courses 2025
FF.G6.MATH.15,Mathematics,NSQ Online Courses (2025),D2,Design Alignment,"The competency supports measurable objectives, aligned learning activities, valid assessment evidence, learner interaction, and accessible options for demonstrating mastery.",NSQ Online Courses 2025
FF.G6.MATH.15,Mathematics,NSQ Online Courses (2025),D4,Design Alignment,"The competency supports measurable objectives, aligned learning activities, valid assessment evidence, learner interaction, and accessible options for demonstrating mastery.",NSQ Online Courses 2025
FF.G6.MATH.16,Mathematics,Tennessee Academic Standards,6.EE.B.5,Direct,The Tennessee and Common Core Grade 6 standards share the same domain and a substantially aligned performance expectation.,TN Math 2021 PDF p.68
FF.G6.MATH.16,Mathematics,Common Core State Standards,CCSS.MATH.CONTENT.6.EE.B.5,Direct,The Tennessee and Common Core Grade 6 standards share the same domain and a substantially aligned performance expectation.,TN Math 2021 PDF p.68
FF.G6.MATH.16,Mathematics,NSQ Online Courses (2025),B1,Design Alignment,"The competency supports measurable objectives, aligned learning activities, valid assessment evidence, learner interaction, and accessible options for demonstrating mastery.",NSQ Online Courses 2025
FF.G6.MATH.16,Mathematics,NSQ Online Courses (2025),B2,Design Alignment,"The competency supports measurable objectives, aligned learning activities, valid assessment evidence, learner interaction, and accessible options for demonstrating mastery.",NSQ Online Courses 2025
FF.G6.MATH.16,Mathematics,NSQ Online Courses (2025),C2,Design Alignment,"The competency supports measurable objectives, aligned learning activities, valid assessment evidence, learner interaction, and accessible options for demonstrating mastery.",NSQ Online Courses 2025
FF.G6.MATH.16,Mathematics,NSQ Online Courses (2025),D1,Design Alignment,"The competency supports measurable objectives, aligned learning activities, valid assessment evidence, learner interaction, and accessible options for demonstrating mastery.",NSQ Online Courses 2025
FF.G6.MATH.16,Mathematics,NSQ Online Courses (2025),D2,Design Alignment,"The competency supports measurable objectives, aligned learning activities, valid assessment evidence, learner interaction, and accessible options for demonstrating mastery.",NSQ Online Courses 2025
FF.G6.MATH.16,Mathematics,NSQ Online Courses (2025),D4,Design Alignment,"The competency supports measurable objectives, aligned learning activities, valid assessment evidence, learner interaction, and accessible options for demonstrating mastery.",NSQ Online Courses 2025
FF.G6.MATH.17,Mathematics,Tennessee Academic Standards,6.EE.B.6,Direct,The Tennessee and Common Core Grade 6 standards share the same domain and a substantially aligned performance expectation.,TN Math 2021 PDF p.68
FF.G6.MATH.17,Mathematics,Common Core State Standards,CCSS.MATH.CONTENT.6.EE.B.6,Direct,The Tennessee and Common Core Grade 6 standards share the same domain and a substantially aligned performance expectation.,TN Math 2021 PDF p.68
FF.G6.MATH.17,Mathematics,NSQ Online Courses (2025),B1,Design Alignment,"The competency supports measurable objectives, aligned learning activities, valid assessment evidence, learner interaction, and accessible options for demonstrating mastery.",NSQ Online Courses 2025
FF.G6.MATH.17,Mathematics,NSQ Online Courses (2025),B2,Design Alignment,"The competency supports measurable objectives, aligned learning activities, valid assessment evidence, learner interaction, and accessible options for demonstrating mastery.",NSQ Online Courses 2025
FF.G6.MATH.17,Mathematics,NSQ Online Courses (2025),C2,Design Alignment,"The competency supports measurable objectives, aligned learning activities, valid assessment evidence, learner interaction, and accessible options for demonstrating mastery.",NSQ Online Courses 2025
FF.G6.MATH.17,Mathematics,NSQ Online Courses (2025),D1,Design Alignment,"The competency supports measurable objectives, aligned learning activities, valid assessment evidence, learner interaction, and accessible options for demonstrating mastery.",NSQ Online Courses 2025
FF.G6.MATH.17,Mathematics,NSQ Online Courses (2025),D2,Design Alignment,"The competency supports measurable objectives, aligned learning activities, valid assessment evidence, learner interaction, and accessible options for demonstrating mastery.",NSQ Online Courses 2025
FF.G6.MATH.17,Mathematics,NSQ Online Courses (2025),D4,Design Alignment,"The competency supports measurable objectives, aligned learning activities, valid assessment evidence, learner interaction, and accessible options for demonstrating mastery.",NSQ Online Courses 2025
FF.G6.MATH.18,Mathematics,Tennessee Academic Standards,6.EE.B.7,Direct,The Tennessee and Common Core Grade 6 standards share the same domain and a substantially aligned performance expectation.,TN Math 2021 PDF p.68
FF.G6.MATH.18,Mathematics,Common Core State Standards,CCSS.MATH.CONTENT.6.EE.B.7,Direct,The Tennessee and Common Core Grade 6 standards share the same domain and a substantially aligned performance expectation.,TN Math 2021 PDF p.68
FF.G6.MATH.18,Mathematics,NSQ Online Courses (2025),B1,Design Alignment,"The competency supports measurable objectives, aligned learning activities, valid assessment evidence, learner interaction, and accessible options for demonstrating mastery.",NSQ Online Courses 2025
FF.G6.MATH.18,Mathematics,NSQ Online Courses (2025),B2,Design Alignment,"The competency supports measurable objectives, aligned learning activities, valid assessment evidence, learner interaction, and accessible options for demonstrating mastery.",NSQ Online Courses 2025
FF.G6.MATH.18,Mathematics,NSQ Online Courses (2025),C2,Design Alignment,"The competency supports measurable objectives, aligned learning activities, valid assessment evidence, learner interaction, and accessible options for demonstrating mastery.",NSQ Online Courses 2025
FF.G6.MATH.18,Mathematics,NSQ Online Courses (2025),D1,Design Alignment,"The competency supports measurable objectives, aligned learning activities, valid assessment evidence, learner interaction, and accessible options for demonstrating mastery.",NSQ Online Courses 2025
FF.G6.MATH.18,Mathematics,NSQ Online Courses (2025),D2,Design Alignment,"The competency supports measurable objectives, aligned learning activities, valid assessment evidence, learner interaction, and accessible options for demonstrating mastery.",NSQ Online Courses 2025
FF.G6.MATH.18,Mathematics,NSQ Online Courses (2025),D4,Design Alignment,"The competency supports measurable objectives, aligned learning activities, valid assessment evidence, learner interaction, and accessible options for demonstrating mastery.",NSQ Online Courses 2025
FF.G6.MATH.19,Mathematics,Tennessee Academic Standards,6.EE.B.8,Direct,The Tennessee and Common Core Grade 6 standards share the same domain and a substantially aligned performance expectation.,TN Math 2021 PDF p.68
FF.G6.MATH.19,Mathematics,Common Core State Standards,CCSS.MATH.CONTENT.6.EE.B.8,Direct,The Tennessee and Common Core Grade 6 standards share the same domain and a substantially aligned performance expectation.,TN Math 2021 PDF p.68
FF.G6.MATH.19,Mathematics,NSQ Online Courses (2025),B1,Design Alignment,"The competency supports measurable objectives, aligned learning activities, valid assessment evidence, learner interaction, and accessible options for demonstrating mastery.",NSQ Online Courses 2025
FF.G6.MATH.19,Mathematics,NSQ Online Courses (2025),B2,Design Alignment,"The competency supports measurable objectives, aligned learning activities, valid assessment evidence, learner interaction, and accessible options for demonstrating mastery.",NSQ Online Courses 2025
FF.G6.MATH.19,Mathematics,NSQ Online Courses (2025),C2,Design Alignment,"The competency supports measurable objectives, aligned learning activities, valid assessment evidence, learner interaction, and accessible options for demonstrating mastery.",NSQ Online Courses 2025
FF.G6.MATH.19,Mathematics,NSQ Online Courses (2025),D1,Design Alignment,"The competency supports measurable objectives, aligned learning activities, valid assessment evidence, learner interaction, and accessible options for demonstrating mastery.",NSQ Online Courses 2025
FF.G6.MATH.19,Mathematics,NSQ Online Courses (2025),D2,Design Alignment,"The competency supports measurable objectives, aligned learning activities, valid assessment evidence, learner interaction, and accessible options for demonstrating mastery.",NSQ Online Courses 2025
FF.G6.MATH.19,Mathematics,NSQ Online Courses (2025),D4,Design Alignment,"The competency supports measurable objectives, aligned learning activities, valid assessment evidence, learner interaction, and accessible options for demonstrating mastery.",NSQ Online Courses 2025
FF.G6.MATH.20,Mathematics,Tennessee Academic Standards,6.EE.C.9,Direct,The Tennessee and Common Core Grade 6 standards share the same domain and a substantially aligned performance expectation.,TN Math 2021 PDF p.68
FF.G6.MATH.20,Mathematics,Common Core State Standards,CCSS.MATH.CONTENT.6.EE.C.9,Direct,The Tennessee and Common Core Grade 6 standards share the same domain and a substantially aligned performance expectation.,TN Math 2021 PDF p.68
FF.G6.MATH.20,Mathematics,NSQ Online Courses (2025),B1,Design Alignment,"The competency supports measurable objectives, aligned learning activities, valid assessment evidence, learner interaction, and accessible options for demonstrating mastery.",NSQ Online Courses 2025
FF.G6.MATH.20,Mathematics,NSQ Online Courses (2025),B2,Design Alignment,"The competency supports measurable objectives, aligned learning activities, valid assessment evidence, learner interaction, and accessible options for demonstrating mastery.",NSQ Online Courses 2025
FF.G6.MATH.20,Mathematics,NSQ Online Courses (2025),C2,Design Alignment,"The competency supports measurable objectives, aligned learning activities, valid assessment evidence, learner interaction, and accessible options for demonstrating mastery.",NSQ Online Courses 2025
FF.G6.MATH.20,Mathematics,NSQ Online Courses (2025),D1,Design Alignment,"The competency supports measurable objectives, aligned learning activities, valid assessment evidence, learner interaction, and accessible options for demonstrating mastery.",NSQ Online Courses 2025
FF.G6.MATH.20,Mathematics,NSQ Online Courses (2025),D2,Design Alignment,"The competency supports measurable objectives, aligned learning activities, valid assessment evidence, learner interaction, and accessible options for demonstrating mastery.",NSQ Online Courses 2025
FF.G6.MATH.20,Mathematics,NSQ Online Courses (2025),D4,Design Alignment,"The competency supports measurable objectives, aligned learning activities, valid assessment evidence, learner interaction, and accessible options for demonstrating mastery.",NSQ Online Courses 2025
FF.G6.MATH.21,Mathematics,Tennessee Academic Standards,6.G.A.1,Direct,The Tennessee and Common Core Grade 6 standards share the same domain and a substantially aligned performance expectation.,TN Math 2021 PDF p.68
FF.G6.MATH.21,Mathematics,Common Core State Standards,CCSS.MATH.CONTENT.6.G.A.1,Direct,The Tennessee and Common Core Grade 6 standards share the same domain and a substantially aligned performance expectation.,TN Math 2021 PDF p.68
FF.G6.MATH.21,Mathematics,NSQ Online Courses (2025),B1,Design Alignment,"The competency supports measurable objectives, aligned learning activities, valid assessment evidence, learner interaction, and accessible options for demonstrating mastery.",NSQ Online Courses 2025
FF.G6.MATH.21,Mathematics,NSQ Online Courses (2025),B2,Design Alignment,"The competency supports measurable objectives, aligned learning activities, valid assessment evidence, learner interaction, and accessible options for demonstrating mastery.",NSQ Online Courses 2025
FF.G6.MATH.21,Mathematics,NSQ Online Courses (2025),C2,Design Alignment,"The competency supports measurable objectives, aligned learning activities, valid assessment evidence, learner interaction, and accessible options for demonstrating mastery.",NSQ Online Courses 2025
FF.G6.MATH.21,Mathematics,NSQ Online Courses (2025),D1,Design Alignment,"The competency supports measurable objectives, aligned learning activities, valid assessment evidence, learner interaction, and accessible options for demonstrating mastery.",NSQ Online Courses 2025
FF.G6.MATH.21,Mathematics,NSQ Online Courses (2025),D2,Design Alignment,"The competency supports measurable objectives, aligned learning activities, valid assessment evidence, learner interaction, and accessible options for demonstrating mastery.",NSQ Online Courses 2025
FF.G6.MATH.21,Mathematics,NSQ Online Courses (2025),D4,Design Alignment,"The competency supports measurable objectives, aligned learning activities, valid assessment evidence, learner interaction, and accessible options for demonstrating mastery.",NSQ Online Courses 2025
FF.G6.MATH.22,Mathematics,Tennessee Academic Standards,6.G.A.2,Direct,The Tennessee and Common Core Grade 6 standards share the same domain and a substantially aligned performance expectation.,TN Math 2021 PDF p.68
FF.G6.MATH.22,Mathematics,Common Core State Standards,CCSS.MATH.CONTENT.6.G.A.2,Direct,The Tennessee and Common Core Grade 6 standards share the same domain and a substantially aligned performance expectation.,TN Math 2021 PDF p.68
FF.G6.MATH.22,Mathematics,NSQ Online Courses (2025),B1,Design Alignment,"The competency supports measurable objectives, aligned learning activities, valid assessment evidence, learner interaction, and accessible options for demonstrating mastery.",NSQ Online Courses 2025
FF.G6.MATH.22,Mathematics,NSQ Online Courses (2025),B2,Design Alignment,"The competency supports measurable objectives, aligned learning activities, valid assessment evidence, learner interaction, and accessible options for demonstrating mastery.",NSQ Online Courses 2025
FF.G6.MATH.22,Mathematics,NSQ Online Courses (2025),C2,Design Alignment,"The competency supports measurable objectives, aligned learning activities, valid assessment evidence, learner interaction, and accessible options for demonstrating mastery.",NSQ Online Courses 2025
FF.G6.MATH.22,Mathematics,NSQ Online Courses (2025),D1,Design Alignment,"The competency supports measurable objectives, aligned learning activities, valid assessment evidence, learner interaction, and accessible options for demonstrating mastery.",NSQ Online Courses 2025
FF.G6.MATH.22,Mathematics,NSQ Online Courses (2025),D2,Design Alignment,"The competency supports measurable objectives, aligned learning activities, valid assessment evidence, learner interaction, and accessible options for demonstrating mastery.",NSQ Online Courses 2025
FF.G6.MATH.22,Mathematics,NSQ Online Courses (2025),D4,Design Alignment,"The competency supports measurable objectives, aligned learning activities, valid assessment evidence, learner interaction, and accessible options for demonstrating mastery.",NSQ Online Courses 2025
FF.G6.MATH.23,Mathematics,Tennessee Academic Standards,6.G.A.3,Direct,The Tennessee and Common Core Grade 6 standards share the same domain and a substantially aligned performance expectation.,TN Math 2021 PDF p.69
FF.G6.MATH.23,Mathematics,Common Core State Standards,CCSS.MATH.CONTENT.6.G.A.3,Direct,The Tennessee and Common Core Grade 6 standards share the same domain and a substantially aligned performance expectation.,TN Math 2021 PDF p.69
FF.G6.MATH.23,Mathematics,NSQ Online Courses (2025),B1,Design Alignment,"The competency supports measurable objectives, aligned learning activities, valid assessment evidence, learner interaction, and accessible options for demonstrating mastery.",NSQ Online Courses 2025
FF.G6.MATH.23,Mathematics,NSQ Online Courses (2025),B2,Design Alignment,"The competency supports measurable objectives, aligned learning activities, valid assessment evidence, learner interaction, and accessible options for demonstrating mastery.",NSQ Online Courses 2025
FF.G6.MATH.23,Mathematics,NSQ Online Courses (2025),C2,Design Alignment,"The competency supports measurable objectives, aligned learning activities, valid assessment evidence, learner interaction, and accessible options for demonstrating mastery.",NSQ Online Courses 2025
FF.G6.MATH.23,Mathematics,NSQ Online Courses (2025),D1,Design Alignment,"The competency supports measurable objectives, aligned learning activities, valid assessment evidence, learner interaction, and accessible options for demonstrating mastery.",NSQ Online Courses 2025
FF.G6.MATH.23,Mathematics,NSQ Online Courses (2025),D2,Design Alignment,"The competency supports measurable objectives, aligned learning activities, valid assessment evidence, learner interaction, and accessible options for demonstrating mastery.",NSQ Online Courses 2025
FF.G6.MATH.23,Mathematics,NSQ Online Courses (2025),D4,Design Alignment,"The competency supports measurable objectives, aligned learning activities, valid assessment evidence, learner interaction, and accessible options for demonstrating mastery.",NSQ Online Courses 2025
FF.G6.MATH.24,Mathematics,Tennessee Academic Standards,6.G.A.4,Direct,The Tennessee and Common Core Grade 6 standards share the same domain and a substantially aligned performance expectation.,TN Math 2021 PDF p.69
FF.G6.MATH.24,Mathematics,Common Core State Standards,CCSS.MATH.CONTENT.6.G.A.4,Direct,The Tennessee and Common Core Grade 6 standards share the same domain and a substantially aligned performance expectation.,TN Math 2021 PDF p.69
FF.G6.MATH.24,Mathematics,NSQ Online Courses (2025),B1,Design Alignment,"The competency supports measurable objectives, aligned learning activities, valid assessment evidence, learner interaction, and accessible options for demonstrating mastery.",NSQ Online Courses 2025
FF.G6.MATH.24,Mathematics,NSQ Online Courses (2025),B2,Design Alignment,"The competency supports measurable objectives, aligned learning activities, valid assessment evidence, learner interaction, and accessible options for demonstrating mastery.",NSQ Online Courses 2025
FF.G6.MATH.24,Mathematics,NSQ Online Courses (2025),C2,Design Alignment,"The competency supports measurable objectives, aligned learning activities, valid assessment evidence, learner interaction, and accessible options for demonstrating mastery.",NSQ Online Courses 2025
FF.G6.MATH.24,Mathematics,NSQ Online Courses (2025),D1,Design Alignment,"The competency supports measurable objectives, aligned learning activities, valid assessment evidence, learner interaction, and accessible options for demonstrating mastery.",NSQ Online Courses 2025
FF.G6.MATH.24,Mathematics,NSQ Online Courses (2025),D2,Design Alignment,"The competency supports measurable objectives, aligned learning activities, valid assessment evidence, learner interaction, and accessible options for demonstrating mastery.",NSQ Online Courses 2025
FF.G6.MATH.24,Mathematics,NSQ Online Courses (2025),D4,Design Alignment,"The competency supports measurable objectives, aligned learning activities, valid assessment evidence, learner interaction, and accessible options for demonstrating mastery.",NSQ Online Courses 2025
FF.G6.MATH.25,Mathematics,Tennessee Academic Standards,6.SP.A.1,Direct,The Tennessee and Common Core Grade 6 standards share the same domain and a substantially aligned performance expectation.,TN Math 2021 PDF p.69
FF.G6.MATH.25,Mathematics,Common Core State Standards,CCSS.MATH.CONTENT.6.SP.A.1,Direct,The Tennessee and Common Core Grade 6 standards share the same domain and a substantially aligned performance expectation.,TN Math 2021 PDF p.69
FF.G6.MATH.25,Mathematics,NSQ Online Courses (2025),B1,Design Alignment,"The competency supports measurable objectives, aligned learning activities, valid assessment evidence, learner interaction, and accessible options for demonstrating mastery.",NSQ Online Courses 2025
FF.G6.MATH.25,Mathematics,NSQ Online Courses (2025),B2,Design Alignment,"The competency supports measurable objectives, aligned learning activities, valid assessment evidence, learner interaction, and accessible options for demonstrating mastery.",NSQ Online Courses 2025
FF.G6.MATH.25,Mathematics,NSQ Online Courses (2025),C2,Design Alignment,"The competency supports measurable objectives, aligned learning activities, valid assessment evidence, learner interaction, and accessible options for demonstrating mastery.",NSQ Online Courses 2025
FF.G6.MATH.25,Mathematics,NSQ Online Courses (2025),D1,Design Alignment,"The competency supports measurable objectives, aligned learning activities, valid assessment evidence, learner interaction, and accessible options for demonstrating mastery.",NSQ Online Courses 2025
FF.G6.MATH.25,Mathematics,NSQ Online Courses (2025),D2,Design Alignment,"The competency supports measurable objectives, aligned learning activities, valid assessment evidence, learner interaction, and accessible options for demonstrating mastery.",NSQ Online Courses 2025
FF.G6.MATH.25,Mathematics,NSQ Online Courses (2025),D4,Design Alignment,"The competency supports measurable objectives, aligned learning activities, valid assessment evidence, learner interaction, and accessible options for demonstrating mastery.",NSQ Online Courses 2025
FF.G6.MATH.26,Mathematics,Tennessee Academic Standards,6.SP.A.2,Direct,The Tennessee and Common Core Grade 6 standards share the same domain and a substantially aligned performance expectation.,TN Math 2021 PDF p.69
FF.G6.MATH.26,Mathematics,Common Core State Standards,CCSS.MATH.CONTENT.6.SP.A.2,Direct,The Tennessee and Common Core Grade 6 standards share the same domain and a substantially aligned performance expectation.,TN Math 2021 PDF p.69
FF.G6.MATH.26,Mathematics,NSQ Online Courses (2025),B1,Design Alignment,"The competency supports measurable objectives, aligned learning activities, valid assessment evidence, learner interaction, and accessible options for demonstrating mastery.",NSQ Online Courses 2025
FF.G6.MATH.26,Mathematics,NSQ Online Courses (2025),B2,Design Alignment,"The competency supports measurable objectives, aligned learning activities, valid assessment evidence, learner interaction, and accessible options for demonstrating mastery.",NSQ Online Courses 2025
FF.G6.MATH.26,Mathematics,NSQ Online Courses (2025),C2,Design Alignment,"The competency supports measurable objectives, aligned learning activities, valid assessment evidence, learner interaction, and accessible options for demonstrating mastery.",NSQ Online Courses 2025
FF.G6.MATH.26,Mathematics,NSQ Online Courses (2025),D1,Design Alignment,"The competency supports measurable objectives, aligned learning activities, valid assessment evidence, learner interaction, and accessible options for demonstrating mastery.",NSQ Online Courses 2025
FF.G6.MATH.26,Mathematics,NSQ Online Courses (2025),D2,Design Alignment,"The competency supports measurable objectives, aligned learning activities, valid assessment evidence, learner interaction, and accessible options for demonstrating mastery.",NSQ Online Courses 2025
FF.G6.MATH.26,Mathematics,NSQ Online Courses (2025),D4,Design Alignment,"The competency supports measurable objectives, aligned learning activities, valid assessment evidence, learner interaction, and accessible options for demonstrating mastery.",NSQ Online Courses 2025
FF.G6.MATH.27,Mathematics,Tennessee Academic Standards,6.SP.A.3,Direct,The Tennessee and Common Core Grade 6 standards share the same domain and a substantially aligned performance expectation.,TN Math 2021 PDF p.69
FF.G6.MATH.27,Mathematics,Common Core State Standards,CCSS.MATH.CONTENT.6.SP.A.3,Direct,The Tennessee and Common Core Grade 6 standards share the same domain and a substantially aligned performance expectation.,TN Math 2021 PDF p.69
FF.G6.MATH.27,Mathematics,NSQ Online Courses (2025),B1,Design Alignment,"The competency supports measurable objectives, aligned learning activities, valid assessment evidence, learner interaction, and accessible options for demonstrating mastery.",NSQ Online Courses 2025
FF.G6.MATH.27,Mathematics,NSQ Online Courses (2025),B2,Design Alignment,"The competency supports measurable objectives, aligned learning activities, valid assessment evidence, learner interaction, and accessible options for demonstrating mastery.",NSQ Online Courses 2025
FF.G6.MATH.27,Mathematics,NSQ Online Courses (2025),C2,Design Alignment,"The competency supports measurable objectives, aligned learning activities, valid assessment evidence, learner interaction, and accessible options for demonstrating mastery.",NSQ Online Courses 2025
FF.G6.MATH.27,Mathematics,NSQ Online Courses (2025),D1,Design Alignment,"The competency supports measurable objectives, aligned learning activities, valid assessment evidence, learner interaction, and accessible options for demonstrating mastery.",NSQ Online Courses 2025
FF.G6.MATH.27,Mathematics,NSQ Online Courses (2025),D2,Design Alignment,"The competency supports measurable objectives, aligned learning activities, valid assessment evidence, learner interaction, and accessible options for demonstrating mastery.",NSQ Online Courses 2025
FF.G6.MATH.27,Mathematics,NSQ Online Courses (2025),D4,Design Alignment,"The competency supports measurable objectives, aligned learning activities, valid assessment evidence, learner interaction, and accessible options for demonstrating mastery.",NSQ Online Courses 2025
FF.G6.MATH.28,Mathematics,Tennessee Academic Standards,6.SP.B.4,Direct,The Tennessee and Common Core Grade 6 standards share the same domain and a substantially aligned performance expectation.,TN Math 2021 PDF p.69
FF.G6.MATH.28,Mathematics,Common Core State Standards,CCSS.MATH.CONTENT.6.SP.B.4,Direct,The Tennessee and Common Core Grade 6 standards share the same domain and a substantially aligned performance expectation.,TN Math 2021 PDF p.69
FF.G6.MATH.28,Mathematics,NSQ Online Courses (2025),B1,Design Alignment,"The competency supports measurable objectives, aligned learning activities, valid assessment evidence, learner interaction, and accessible options for demonstrating mastery.",NSQ Online Courses 2025
FF.G6.MATH.28,Mathematics,NSQ Online Courses (2025),B2,Design Alignment,"The competency supports measurable objectives, aligned learning activities, valid assessment evidence, learner interaction, and accessible options for demonstrating mastery.",NSQ Online Courses 2025
FF.G6.MATH.28,Mathematics,NSQ Online Courses (2025),C2,Design Alignment,"The competency supports measurable objectives, aligned learning activities, valid assessment evidence, learner interaction, and accessible options for demonstrating mastery.",NSQ Online Courses 2025
FF.G6.MATH.28,Mathematics,NSQ Online Courses (2025),D1,Design Alignment,"The competency supports measurable objectives, aligned learning activities, valid assessment evidence, learner interaction, and accessible options for demonstrating mastery.",NSQ Online Courses 2025
FF.G6.MATH.28,Mathematics,NSQ Online Courses (2025),D2,Design Alignment,"The competency supports measurable objectives, aligned learning activities, valid assessment evidence, learner interaction, and accessible options for demonstrating mastery.",NSQ Online Courses 2025
FF.G6.MATH.28,Mathematics,NSQ Online Courses (2025),D4,Design Alignment,"The competency supports measurable objectives, aligned learning activities, valid assessment evidence, learner interaction, and accessible options for demonstrating mastery.",NSQ Online Courses 2025
FF.G6.MATH.29,Mathematics,Tennessee Academic Standards,6.SP.B.5,Direct,The Tennessee and Common Core Grade 6 standards share the same domain and a substantially aligned performance expectation.,TN Math 2021 PDF p.69
FF.G6.MATH.29,Mathematics,Common Core State Standards,CCSS.MATH.CONTENT.6.SP.B.5,Direct,The Tennessee and Common Core Grade 6 standards share the same domain and a substantially aligned performance expectation.,TN Math 2021 PDF p.69
FF.G6.MATH.29,Mathematics,NSQ Online Courses (2025),B1,Design Alignment,"The competency supports measurable objectives, aligned learning activities, valid assessment evidence, learner interaction, and accessible options for demonstrating mastery.",NSQ Online Courses 2025
FF.G6.MATH.29,Mathematics,NSQ Online Courses (2025),B2,Design Alignment,"The competency supports measurable objectives, aligned learning activities, valid assessment evidence, learner interaction, and accessible options for demonstrating mastery.",NSQ Online Courses 2025
FF.G6.MATH.29,Mathematics,NSQ Online Courses (2025),C2,Design Alignment,"The competency supports measurable objectives, aligned learning activities, valid assessment evidence, learner interaction, and accessible options for demonstrating mastery.",NSQ Online Courses 2025
FF.G6.MATH.29,Mathematics,NSQ Online Courses (2025),D1,Design Alignment,"The competency supports measurable objectives, aligned learning activities, valid assessment evidence, learner interaction, and accessible options for demonstrating mastery.",NSQ Online Courses 2025
FF.G6.MATH.29,Mathematics,NSQ Online Courses (2025),D2,Design Alignment,"The competency supports measurable objectives, aligned learning activities, valid assessment evidence, learner interaction, and accessible options for demonstrating mastery.",NSQ Online Courses 2025
FF.G6.MATH.29,Mathematics,NSQ Online Courses (2025),D4,Design Alignment,"The competency supports measurable objectives, aligned learning activities, valid assessment evidence, learner interaction, and accessible options for demonstrating mastery.",NSQ Online Courses 2025
FF.G6.SCI.01,Science,Tennessee Academic Standards,6.PS3.1,Direct,The Tennessee expectation is mapped to the closest NGSS performance expectation; grade-band or emphasis differences are disclosed in the source locator.,TN Science 2022 PDF p.51; NGSS MS-PS3
FF.G6.SCI.01,Science,Next Generation Science Standards,MS-PS3-5,Direct,The Tennessee expectation is mapped to the closest NGSS performance expectation; grade-band or emphasis differences are disclosed in the source locator.,TN Science 2022 PDF p.51; NGSS MS-PS3
FF.G6.SCI.01,Science,NSQ Online Courses (2025),B1,Design Alignment,"The competency supports measurable objectives, aligned learning activities, valid assessment evidence, learner interaction, and accessible options for demonstrating mastery.",NSQ Online Courses 2025
FF.G6.SCI.01,Science,NSQ Online Courses (2025),B2,Design Alignment,"The competency supports measurable objectives, aligned learning activities, valid assessment evidence, learner interaction, and accessible options for demonstrating mastery.",NSQ Online Courses 2025
FF.G6.SCI.01,Science,NSQ Online Courses (2025),C2,Design Alignment,"The competency supports measurable objectives, aligned learning activities, valid assessment evidence, learner interaction, and accessible options for demonstrating mastery.",NSQ Online Courses 2025
FF.G6.SCI.01,Science,NSQ Online Courses (2025),D1,Design Alignment,"The competency supports measurable objectives, aligned learning activities, valid assessment evidence, learner interaction, and accessible options for demonstrating mastery.",NSQ Online Courses 2025
FF.G6.SCI.01,Science,NSQ Online Courses (2025),D2,Design Alignment,"The competency supports measurable objectives, aligned learning activities, valid assessment evidence, learner interaction, and accessible options for demonstrating mastery.",NSQ Online Courses 2025
FF.G6.SCI.01,Science,NSQ Online Courses (2025),D4,Design Alignment,"The competency supports measurable objectives, aligned learning activities, valid assessment evidence, learner interaction, and accessible options for demonstrating mastery.",NSQ Online Courses 2025
FF.G6.SCI.02,Science,Tennessee Academic Standards,6.PS3.2,Direct,The Tennessee expectation is mapped to the closest NGSS performance expectation; grade-band or emphasis differences are disclosed in the source locator.,TN Science 2022 PDF p.51; NGSS MS-PS3
FF.G6.SCI.02,Science,Next Generation Science Standards,MS-PS3-4,Direct,The Tennessee expectation is mapped to the closest NGSS performance expectation; grade-band or emphasis differences are disclosed in the source locator.,TN Science 2022 PDF p.51; NGSS MS-PS3
FF.G6.SCI.02,Science,NSQ Online Courses (2025),B1,Design Alignment,"The competency supports measurable objectives, aligned learning activities, valid assessment evidence, learner interaction, and accessible options for demonstrating mastery.",NSQ Online Courses 2025
FF.G6.SCI.02,Science,NSQ Online Courses (2025),B2,Design Alignment,"The competency supports measurable objectives, aligned learning activities, valid assessment evidence, learner interaction, and accessible options for demonstrating mastery.",NSQ Online Courses 2025
FF.G6.SCI.02,Science,NSQ Online Courses (2025),C2,Design Alignment,"The competency supports measurable objectives, aligned learning activities, valid assessment evidence, learner interaction, and accessible options for demonstrating mastery.",NSQ Online Courses 2025
FF.G6.SCI.02,Science,NSQ Online Courses (2025),D1,Design Alignment,"The competency supports measurable objectives, aligned learning activities, valid assessment evidence, learner interaction, and accessible options for demonstrating mastery.",NSQ Online Courses 2025
FF.G6.SCI.02,Science,NSQ Online Courses (2025),D2,Design Alignment,"The competency supports measurable objectives, aligned learning activities, valid assessment evidence, learner interaction, and accessible options for demonstrating mastery.",NSQ Online Courses 2025
FF.G6.SCI.02,Science,NSQ Online Courses (2025),D4,Design Alignment,"The competency supports measurable objectives, aligned learning activities, valid assessment evidence, learner interaction, and accessible options for demonstrating mastery.",NSQ Online Courses 2025
FF.G6.SCI.03,Science,Tennessee Academic Standards,6.LS2.1,Direct,The Tennessee expectation is mapped to the closest NGSS performance expectation; grade-band or emphasis differences are disclosed in the source locator.,TN Science 2022 PDF p.51; NGSS MS-LS2
FF.G6.SCI.03,Science,Next Generation Science Standards,MS-LS2-1,Direct,The Tennessee expectation is mapped to the closest NGSS performance expectation; grade-band or emphasis differences are disclosed in the source locator.,TN Science 2022 PDF p.51; NGSS MS-LS2
FF.G6.SCI.03,Science,NSQ Online Courses (2025),B1,Design Alignment,"The competency supports measurable objectives, aligned learning activities, valid assessment evidence, learner interaction, and accessible options for demonstrating mastery.",NSQ Online Courses 2025
FF.G6.SCI.03,Science,NSQ Online Courses (2025),B2,Design Alignment,"The competency supports measurable objectives, aligned learning activities, valid assessment evidence, learner interaction, and accessible options for demonstrating mastery.",NSQ Online Courses 2025
FF.G6.SCI.03,Science,NSQ Online Courses (2025),C2,Design Alignment,"The competency supports measurable objectives, aligned learning activities, valid assessment evidence, learner interaction, and accessible options for demonstrating mastery.",NSQ Online Courses 2025
FF.G6.SCI.03,Science,NSQ Online Courses (2025),D1,Design Alignment,"The competency supports measurable objectives, aligned learning activities, valid assessment evidence, learner interaction, and accessible options for demonstrating mastery.",NSQ Online Courses 2025
FF.G6.SCI.03,Science,NSQ Online Courses (2025),D2,Design Alignment,"The competency supports measurable objectives, aligned learning activities, valid assessment evidence, learner interaction, and accessible options for demonstrating mastery.",NSQ Online Courses 2025
FF.G6.SCI.03,Science,NSQ Online Courses (2025),D4,Design Alignment,"The competency supports measurable objectives, aligned learning activities, valid assessment evidence, learner interaction, and accessible options for demonstrating mastery.",NSQ Online Courses 2025
FF.G6.SCI.04,Science,Tennessee Academic Standards,6.LS2.2,Direct,The Tennessee expectation is mapped to the closest NGSS performance expectation; grade-band or emphasis differences are disclosed in the source locator.,TN Science 2022 PDF p.51; NGSS MS-LS2
FF.G6.SCI.04,Science,Next Generation Science Standards,MS-LS2-2,Direct,The Tennessee expectation is mapped to the closest NGSS performance expectation; grade-band or emphasis differences are disclosed in the source locator.,TN Science 2022 PDF p.51; NGSS MS-LS2
FF.G6.SCI.04,Science,NSQ Online Courses (2025),B1,Design Alignment,"The competency supports measurable objectives, aligned learning activities, valid assessment evidence, learner interaction, and accessible options for demonstrating mastery.",NSQ Online Courses 2025
FF.G6.SCI.04,Science,NSQ Online Courses (2025),B2,Design Alignment,"The competency supports measurable objectives, aligned learning activities, valid assessment evidence, learner interaction, and accessible options for demonstrating mastery.",NSQ Online Courses 2025
FF.G6.SCI.04,Science,NSQ Online Courses (2025),C2,Design Alignment,"The competency supports measurable objectives, aligned learning activities, valid assessment evidence, learner interaction, and accessible options for demonstrating mastery.",NSQ Online Courses 2025
FF.G6.SCI.04,Science,NSQ Online Courses (2025),D1,Design Alignment,"The competency supports measurable objectives, aligned learning activities, valid assessment evidence, learner interaction, and accessible options for demonstrating mastery.",NSQ Online Courses 2025
FF.G6.SCI.04,Science,NSQ Online Courses (2025),D2,Design Alignment,"The competency supports measurable objectives, aligned learning activities, valid assessment evidence, learner interaction, and accessible options for demonstrating mastery.",NSQ Online Courses 2025
FF.G6.SCI.04,Science,NSQ Online Courses (2025),D4,Design Alignment,"The competency supports measurable objectives, aligned learning activities, valid assessment evidence, learner interaction, and accessible options for demonstrating mastery.",NSQ Online Courses 2025
FF.G6.SCI.05,Science,Tennessee Academic Standards,6.LS2.3,Direct,The Tennessee expectation is mapped to the closest NGSS performance expectation; grade-band or emphasis differences are disclosed in the source locator.,TN Science 2022 PDF p.51; NGSS MS-LS2
FF.G6.SCI.05,Science,Next Generation Science Standards,MS-LS2-3,Direct,The Tennessee expectation is mapped to the closest NGSS performance expectation; grade-band or emphasis differences are disclosed in the source locator.,TN Science 2022 PDF p.51; NGSS MS-LS2
FF.G6.SCI.05,Science,NSQ Online Courses (2025),B1,Design Alignment,"The competency supports measurable objectives, aligned learning activities, valid assessment evidence, learner interaction, and accessible options for demonstrating mastery.",NSQ Online Courses 2025
FF.G6.SCI.05,Science,NSQ Online Courses (2025),B2,Design Alignment,"The competency supports measurable objectives, aligned learning activities, valid assessment evidence, learner interaction, and accessible options for demonstrating mastery.",NSQ Online Courses 2025
FF.G6.SCI.05,Science,NSQ Online Courses (2025),C2,Design Alignment,"The competency supports measurable objectives, aligned learning activities, valid assessment evidence, learner interaction, and accessible options for demonstrating mastery.",NSQ Online Courses 2025
FF.G6.SCI.05,Science,NSQ Online Courses (2025),D1,Design Alignment,"The competency supports measurable objectives, aligned learning activities, valid assessment evidence, learner interaction, and accessible options for demonstrating mastery.",NSQ Online Courses 2025
FF.G6.SCI.05,Science,NSQ Online Courses (2025),D2,Design Alignment,"The competency supports measurable objectives, aligned learning activities, valid assessment evidence, learner interaction, and accessible options for demonstrating mastery.",NSQ Online Courses 2025
FF.G6.SCI.05,Science,NSQ Online Courses (2025),D4,Design Alignment,"The competency supports measurable objectives, aligned learning activities, valid assessment evidence, learner interaction, and accessible options for demonstrating mastery.",NSQ Online Courses 2025
FF.G6.SCI.06,Science,Tennessee Academic Standards,6.LS2.4,Direct,The Tennessee expectation is mapped to the closest NGSS performance expectation; grade-band or emphasis differences are disclosed in the source locator.,TN Science 2022 PDF p.51; NGSS MS-LS2
FF.G6.SCI.06,Science,Next Generation Science Standards,MS-LS2-4,Direct,The Tennessee expectation is mapped to the closest NGSS performance expectation; grade-band or emphasis differences are disclosed in the source locator.,TN Science 2022 PDF p.51; NGSS MS-LS2
FF.G6.SCI.06,Science,Next Generation Science Standards,MS-LS2-5,Direct,The Tennessee expectation is mapped to the closest NGSS performance expectation; grade-band or emphasis differences are disclosed in the source locator.,TN Science 2022 PDF p.51; NGSS MS-LS2
FF.G6.SCI.06,Science,NSQ Online Courses (2025),B1,Design Alignment,"The competency supports measurable objectives, aligned learning activities, valid assessment evidence, learner interaction, and accessible options for demonstrating mastery.",NSQ Online Courses 2025
FF.G6.SCI.06,Science,NSQ Online Courses (2025),B2,Design Alignment,"The competency supports measurable objectives, aligned learning activities, valid assessment evidence, learner interaction, and accessible options for demonstrating mastery.",NSQ Online Courses 2025
FF.G6.SCI.06,Science,NSQ Online Courses (2025),C2,Design Alignment,"The competency supports measurable objectives, aligned learning activities, valid assessment evidence, learner interaction, and accessible options for demonstrating mastery.",NSQ Online Courses 2025
FF.G6.SCI.06,Science,NSQ Online Courses (2025),D1,Design Alignment,"The competency supports measurable objectives, aligned learning activities, valid assessment evidence, learner interaction, and accessible options for demonstrating mastery.",NSQ Online Courses 2025
FF.G6.SCI.06,Science,NSQ Online Courses (2025),D2,Design Alignment,"The competency supports measurable objectives, aligned learning activities, valid assessment evidence, learner interaction, and accessible options for demonstrating mastery.",NSQ Online Courses 2025
FF.G6.SCI.06,Science,NSQ Online Courses (2025),D4,Design Alignment,"The competency supports measurable objectives, aligned learning activities, valid assessment evidence, learner interaction, and accessible options for demonstrating mastery.",NSQ Online Courses 2025
FF.G6.SCI.07,Science,Tennessee Academic Standards,6.LS2.5,Direct,The Tennessee expectation is mapped to the closest NGSS performance expectation; grade-band or emphasis differences are disclosed in the source locator.,TN Science 2022 PDF p.51; NGSS MS-LS2
FF.G6.SCI.07,Science,Next Generation Science Standards,MS-LS2-5,Direct,The Tennessee expectation is mapped to the closest NGSS performance expectation; grade-band or emphasis differences are disclosed in the source locator.,TN Science 2022 PDF p.51; NGSS MS-LS2
FF.G6.SCI.07,Science,NSQ Online Courses (2025),B1,Design Alignment,"The competency supports measurable objectives, aligned learning activities, valid assessment evidence, learner interaction, and accessible options for demonstrating mastery.",NSQ Online Courses 2025
FF.G6.SCI.07,Science,NSQ Online Courses (2025),B2,Design Alignment,"The competency supports measurable objectives, aligned learning activities, valid assessment evidence, learner interaction, and accessible options for demonstrating mastery.",NSQ Online Courses 2025
FF.G6.SCI.07,Science,NSQ Online Courses (2025),C2,Design Alignment,"The competency supports measurable objectives, aligned learning activities, valid assessment evidence, learner interaction, and accessible options for demonstrating mastery.",NSQ Online Courses 2025
FF.G6.SCI.07,Science,NSQ Online Courses (2025),D1,Design Alignment,"The competency supports measurable objectives, aligned learning activities, valid assessment evidence, learner interaction, and accessible options for demonstrating mastery.",NSQ Online Courses 2025
FF.G6.SCI.07,Science,NSQ Online Courses (2025),D2,Design Alignment,"The competency supports measurable objectives, aligned learning activities, valid assessment evidence, learner interaction, and accessible options for demonstrating mastery.",NSQ Online Courses 2025
FF.G6.SCI.07,Science,NSQ Online Courses (2025),D4,Design Alignment,"The competency supports measurable objectives, aligned learning activities, valid assessment evidence, learner interaction, and accessible options for demonstrating mastery.",NSQ Online Courses 2025
FF.G6.SCI.08,Science,Tennessee Academic Standards,6.LS4.1,Direct,The Tennessee expectation is mapped to the closest NGSS performance expectation; grade-band or emphasis differences are disclosed in the source locator.,TN Science 2022 PDF p.51; NGSS MS-LS2
FF.G6.SCI.08,Science,Next Generation Science Standards,MS-LS2-5,Direct,The Tennessee expectation is mapped to the closest NGSS performance expectation; grade-band or emphasis differences are disclosed in the source locator.,TN Science 2022 PDF p.51; NGSS MS-LS2
FF.G6.SCI.08,Science,NSQ Online Courses (2025),B1,Design Alignment,"The competency supports measurable objectives, aligned learning activities, valid assessment evidence, learner interaction, and accessible options for demonstrating mastery.",NSQ Online Courses 2025
FF.G6.SCI.08,Science,NSQ Online Courses (2025),B2,Design Alignment,"The competency supports measurable objectives, aligned learning activities, valid assessment evidence, learner interaction, and accessible options for demonstrating mastery.",NSQ Online Courses 2025
FF.G6.SCI.08,Science,NSQ Online Courses (2025),C2,Design Alignment,"The competency supports measurable objectives, aligned learning activities, valid assessment evidence, learner interaction, and accessible options for demonstrating mastery.",NSQ Online Courses 2025
FF.G6.SCI.08,Science,NSQ Online Courses (2025),D1,Design Alignment,"The competency supports measurable objectives, aligned learning activities, valid assessment evidence, learner interaction, and accessible options for demonstrating mastery.",NSQ Online Courses 2025
FF.G6.SCI.08,Science,NSQ Online Courses (2025),D2,Design Alignment,"The competency supports measurable objectives, aligned learning activities, valid assessment evidence, learner interaction, and accessible options for demonstrating mastery.",NSQ Online Courses 2025
FF.G6.SCI.08,Science,NSQ Online Courses (2025),D4,Design Alignment,"The competency supports measurable objectives, aligned learning activities, valid assessment evidence, learner interaction, and accessible options for demonstrating mastery.",NSQ Online Courses 2025
FF.G6.SCI.09,Science,Tennessee Academic Standards,6.ESS2.1,Direct,The Tennessee expectation is mapped to the closest NGSS performance expectation; grade-band or emphasis differences are disclosed in the source locator.,TN Science 2022 PDF p.51; NGSS MS-ESS2
FF.G6.SCI.09,Science,Next Generation Science Standards,MS-ESS2-6,Direct,The Tennessee expectation is mapped to the closest NGSS performance expectation; grade-band or emphasis differences are disclosed in the source locator.,TN Science 2022 PDF p.51; NGSS MS-ESS2
FF.G6.SCI.09,Science,NSQ Online Courses (2025),B1,Design Alignment,"The competency supports measurable objectives, aligned learning activities, valid assessment evidence, learner interaction, and accessible options for demonstrating mastery.",NSQ Online Courses 2025
FF.G6.SCI.09,Science,NSQ Online Courses (2025),B2,Design Alignment,"The competency supports measurable objectives, aligned learning activities, valid assessment evidence, learner interaction, and accessible options for demonstrating mastery.",NSQ Online Courses 2025
FF.G6.SCI.09,Science,NSQ Online Courses (2025),C2,Design Alignment,"The competency supports measurable objectives, aligned learning activities, valid assessment evidence, learner interaction, and accessible options for demonstrating mastery.",NSQ Online Courses 2025
FF.G6.SCI.09,Science,NSQ Online Courses (2025),D1,Design Alignment,"The competency supports measurable objectives, aligned learning activities, valid assessment evidence, learner interaction, and accessible options for demonstrating mastery.",NSQ Online Courses 2025
FF.G6.SCI.09,Science,NSQ Online Courses (2025),D2,Design Alignment,"The competency supports measurable objectives, aligned learning activities, valid assessment evidence, learner interaction, and accessible options for demonstrating mastery.",NSQ Online Courses 2025
FF.G6.SCI.09,Science,NSQ Online Courses (2025),D4,Design Alignment,"The competency supports measurable objectives, aligned learning activities, valid assessment evidence, learner interaction, and accessible options for demonstrating mastery.",NSQ Online Courses 2025
FF.G6.SCI.10,Science,Tennessee Academic Standards,6.ESS2.2,Direct,The Tennessee expectation is mapped to the closest NGSS performance expectation; grade-band or emphasis differences are disclosed in the source locator.,TN Science 2022 PDF p.52; NGSS MS-ESS2
FF.G6.SCI.10,Science,Next Generation Science Standards,MS-ESS2-6,Direct,The Tennessee expectation is mapped to the closest NGSS performance expectation; grade-band or emphasis differences are disclosed in the source locator.,TN Science 2022 PDF p.52; NGSS MS-ESS2
FF.G6.SCI.10,Science,NSQ Online Courses (2025),B1,Design Alignment,"The competency supports measurable objectives, aligned learning activities, valid assessment evidence, learner interaction, and accessible options for demonstrating mastery.",NSQ Online Courses 2025
FF.G6.SCI.10,Science,NSQ Online Courses (2025),B2,Design Alignment,"The competency supports measurable objectives, aligned learning activities, valid assessment evidence, learner interaction, and accessible options for demonstrating mastery.",NSQ Online Courses 2025
FF.G6.SCI.10,Science,NSQ Online Courses (2025),C2,Design Alignment,"The competency supports measurable objectives, aligned learning activities, valid assessment evidence, learner interaction, and accessible options for demonstrating mastery.",NSQ Online Courses 2025
FF.G6.SCI.10,Science,NSQ Online Courses (2025),D1,Design Alignment,"The competency supports measurable objectives, aligned learning activities, valid assessment evidence, learner interaction, and accessible options for demonstrating mastery.",NSQ Online Courses 2025
FF.G6.SCI.10,Science,NSQ Online Courses (2025),D2,Design Alignment,"The competency supports measurable objectives, aligned learning activities, valid assessment evidence, learner interaction, and accessible options for demonstrating mastery.",NSQ Online Courses 2025
FF.G6.SCI.10,Science,NSQ Online Courses (2025),D4,Design Alignment,"The competency supports measurable objectives, aligned learning activities, valid assessment evidence, learner interaction, and accessible options for demonstrating mastery.",NSQ Online Courses 2025
FF.G6.SCI.11,Science,Tennessee Academic Standards,6.ESS2.3,Direct,The Tennessee expectation is mapped to the closest NGSS performance expectation; grade-band or emphasis differences are disclosed in the source locator.,TN Science 2022 PDF p.52; NGSS MS-ESS2
FF.G6.SCI.11,Science,Next Generation Science Standards,MS-ESS2-6,Direct,The Tennessee expectation is mapped to the closest NGSS performance expectation; grade-band or emphasis differences are disclosed in the source locator.,TN Science 2022 PDF p.52; NGSS MS-ESS2
FF.G6.SCI.11,Science,NSQ Online Courses (2025),B1,Design Alignment,"The competency supports measurable objectives, aligned learning activities, valid assessment evidence, learner interaction, and accessible options for demonstrating mastery.",NSQ Online Courses 2025
FF.G6.SCI.11,Science,NSQ Online Courses (2025),B2,Design Alignment,"The competency supports measurable objectives, aligned learning activities, valid assessment evidence, learner interaction, and accessible options for demonstrating mastery.",NSQ Online Courses 2025
FF.G6.SCI.11,Science,NSQ Online Courses (2025),C2,Design Alignment,"The competency supports measurable objectives, aligned learning activities, valid assessment evidence, learner interaction, and accessible options for demonstrating mastery.",NSQ Online Courses 2025
FF.G6.SCI.11,Science,NSQ Online Courses (2025),D1,Design Alignment,"The competency supports measurable objectives, aligned learning activities, valid assessment evidence, learner interaction, and accessible options for demonstrating mastery.",NSQ Online Courses 2025
FF.G6.SCI.11,Science,NSQ Online Courses (2025),D2,Design Alignment,"The competency supports measurable objectives, aligned learning activities, valid assessment evidence, learner interaction, and accessible options for demonstrating mastery.",NSQ Online Courses 2025
FF.G6.SCI.11,Science,NSQ Online Courses (2025),D4,Design Alignment,"The competency supports measurable objectives, aligned learning activities, valid assessment evidence, learner interaction, and accessible options for demonstrating mastery.",NSQ Online Courses 2025
FF.G6.SCI.12,Science,Tennessee Academic Standards,6.ESS2.4,Direct,The Tennessee expectation is mapped to the closest NGSS performance expectation; grade-band or emphasis differences are disclosed in the source locator.,TN Science 2022 PDF p.52; NGSS MS-ESS2
FF.G6.SCI.12,Science,Next Generation Science Standards,MS-ESS2-4,Direct,The Tennessee expectation is mapped to the closest NGSS performance expectation; grade-band or emphasis differences are disclosed in the source locator.,TN Science 2022 PDF p.52; NGSS MS-ESS2
FF.G6.SCI.12,Science,NSQ Online Courses (2025),B1,Design Alignment,"The competency supports measurable objectives, aligned learning activities, valid assessment evidence, learner interaction, and accessible options for demonstrating mastery.",NSQ Online Courses 2025
FF.G6.SCI.12,Science,NSQ Online Courses (2025),B2,Design Alignment,"The competency supports measurable objectives, aligned learning activities, valid assessment evidence, learner interaction, and accessible options for demonstrating mastery.",NSQ Online Courses 2025
FF.G6.SCI.12,Science,NSQ Online Courses (2025),C2,Design Alignment,"The competency supports measurable objectives, aligned learning activities, valid assessment evidence, learner interaction, and accessible options for demonstrating mastery.",NSQ Online Courses 2025
FF.G6.SCI.12,Science,NSQ Online Courses (2025),D1,Design Alignment,"The competency supports measurable objectives, aligned learning activities, valid assessment evidence, learner interaction, and accessible options for demonstrating mastery.",NSQ Online Courses 2025
FF.G6.SCI.12,Science,NSQ Online Courses (2025),D2,Design Alignment,"The competency supports measurable objectives, aligned learning activities, valid assessment evidence, learner interaction, and accessible options for demonstrating mastery.",NSQ Online Courses 2025
FF.G6.SCI.12,Science,NSQ Online Courses (2025),D4,Design Alignment,"The competency supports measurable objectives, aligned learning activities, valid assessment evidence, learner interaction, and accessible options for demonstrating mastery.",NSQ Online Courses 2025
FF.G6.SCI.13,Science,Tennessee Academic Standards,6.ESS2.5,Direct,The Tennessee expectation is mapped to the closest NGSS performance expectation; grade-band or emphasis differences are disclosed in the source locator.,TN Science 2022 PDF p.52; NGSS MS-ESS3
FF.G6.SCI.13,Science,Next Generation Science Standards,MS-ESS3-4,Supporting,The Tennessee expectation is mapped to the closest NGSS performance expectation; grade-band or emphasis differences are disclosed in the source locator.,TN Science 2022 PDF p.52; NGSS MS-ESS3
FF.G6.SCI.13,Science,NSQ Online Courses (2025),B1,Design Alignment,"The competency supports measurable objectives, aligned learning activities, valid assessment evidence, learner interaction, and accessible options for demonstrating mastery.",NSQ Online Courses 2025
FF.G6.SCI.13,Science,NSQ Online Courses (2025),B2,Design Alignment,"The competency supports measurable objectives, aligned learning activities, valid assessment evidence, learner interaction, and accessible options for demonstrating mastery.",NSQ Online Courses 2025
FF.G6.SCI.13,Science,NSQ Online Courses (2025),C2,Design Alignment,"The competency supports measurable objectives, aligned learning activities, valid assessment evidence, learner interaction, and accessible options for demonstrating mastery.",NSQ Online Courses 2025
FF.G6.SCI.13,Science,NSQ Online Courses (2025),D1,Design Alignment,"The competency supports measurable objectives, aligned learning activities, valid assessment evidence, learner interaction, and accessible options for demonstrating mastery.",NSQ Online Courses 2025
FF.G6.SCI.13,Science,NSQ Online Courses (2025),D2,Design Alignment,"The competency supports measurable objectives, aligned learning activities, valid assessment evidence, learner interaction, and accessible options for demonstrating mastery.",NSQ Online Courses 2025
FF.G6.SCI.13,Science,NSQ Online Courses (2025),D4,Design Alignment,"The competency supports measurable objectives, aligned learning activities, valid assessment evidence, learner interaction, and accessible options for demonstrating mastery.",NSQ Online Courses 2025
FF.G6.SCI.14,Science,Tennessee Academic Standards,6.ESS2.6,Direct,The Tennessee expectation is mapped to the closest NGSS performance expectation; grade-band or emphasis differences are disclosed in the source locator.,TN Science 2022 PDF p.52; NGSS MS-ESS3
FF.G6.SCI.14,Science,Next Generation Science Standards,MS-ESS3-5,Direct,The Tennessee expectation is mapped to the closest NGSS performance expectation; grade-band or emphasis differences are disclosed in the source locator.,TN Science 2022 PDF p.52; NGSS MS-ESS3
FF.G6.SCI.14,Science,NSQ Online Courses (2025),B1,Design Alignment,"The competency supports measurable objectives, aligned learning activities, valid assessment evidence, learner interaction, and accessible options for demonstrating mastery.",NSQ Online Courses 2025
FF.G6.SCI.14,Science,NSQ Online Courses (2025),B2,Design Alignment,"The competency supports measurable objectives, aligned learning activities, valid assessment evidence, learner interaction, and accessible options for demonstrating mastery.",NSQ Online Courses 2025
FF.G6.SCI.14,Science,NSQ Online Courses (2025),C2,Design Alignment,"The competency supports measurable objectives, aligned learning activities, valid assessment evidence, learner interaction, and accessible options for demonstrating mastery.",NSQ Online Courses 2025
FF.G6.SCI.14,Science,NSQ Online Courses (2025),D1,Design Alignment,"The competency supports measurable objectives, aligned learning activities, valid assessment evidence, learner interaction, and accessible options for demonstrating mastery.",NSQ Online Courses 2025
FF.G6.SCI.14,Science,NSQ Online Courses (2025),D2,Design Alignment,"The competency supports measurable objectives, aligned learning activities, valid assessment evidence, learner interaction, and accessible options for demonstrating mastery.",NSQ Online Courses 2025
FF.G6.SCI.14,Science,NSQ Online Courses (2025),D4,Design Alignment,"The competency supports measurable objectives, aligned learning activities, valid assessment evidence, learner interaction, and accessible options for demonstrating mastery.",NSQ Online Courses 2025
FF.G6.SCI.15,Science,Tennessee Academic Standards,6.ESS2.7,Direct,The Tennessee expectation is mapped to the closest NGSS performance expectation; grade-band or emphasis differences are disclosed in the source locator.,TN Science 2022 PDF p.52; NGSS MS-ESS2
FF.G6.SCI.15,Science,Next Generation Science Standards,MS-ESS2-5,Direct,The Tennessee expectation is mapped to the closest NGSS performance expectation; grade-band or emphasis differences are disclosed in the source locator.,TN Science 2022 PDF p.52; NGSS MS-ESS2
FF.G6.SCI.15,Science,NSQ Online Courses (2025),B1,Design Alignment,"The competency supports measurable objectives, aligned learning activities, valid assessment evidence, learner interaction, and accessible options for demonstrating mastery.",NSQ Online Courses 2025
FF.G6.SCI.15,Science,NSQ Online Courses (2025),B2,Design Alignment,"The competency supports measurable objectives, aligned learning activities, valid assessment evidence, learner interaction, and accessible options for demonstrating mastery.",NSQ Online Courses 2025
FF.G6.SCI.15,Science,NSQ Online Courses (2025),C2,Design Alignment,"The competency supports measurable objectives, aligned learning activities, valid assessment evidence, learner interaction, and accessible options for demonstrating mastery.",NSQ Online Courses 2025
FF.G6.SCI.15,Science,NSQ Online Courses (2025),D1,Design Alignment,"The competency supports measurable objectives, aligned learning activities, valid assessment evidence, learner interaction, and accessible options for demonstrating mastery.",NSQ Online Courses 2025
FF.G6.SCI.15,Science,NSQ Online Courses (2025),D2,Design Alignment,"The competency supports measurable objectives, aligned learning activities, valid assessment evidence, learner interaction, and accessible options for demonstrating mastery.",NSQ Online Courses 2025
FF.G6.SCI.15,Science,NSQ Online Courses (2025),D4,Design Alignment,"The competency supports measurable objectives, aligned learning activities, valid assessment evidence, learner interaction, and accessible options for demonstrating mastery.",NSQ Online Courses 2025
FF.G6.SCI.16,Science,Tennessee Academic Standards,6.ESS3.1,Direct,The Tennessee expectation is mapped to the closest NGSS performance expectation; grade-band or emphasis differences are disclosed in the source locator.,TN Science 2022 PDF p.52; NGSS MS-ESS3
FF.G6.SCI.16,Science,Next Generation Science Standards,MS-ESS3-4,Direct,The Tennessee expectation is mapped to the closest NGSS performance expectation; grade-band or emphasis differences are disclosed in the source locator.,TN Science 2022 PDF p.52; NGSS MS-ESS3
FF.G6.SCI.16,Science,NSQ Online Courses (2025),B1,Design Alignment,"The competency supports measurable objectives, aligned learning activities, valid assessment evidence, learner interaction, and accessible options for demonstrating mastery.",NSQ Online Courses 2025
FF.G6.SCI.16,Science,NSQ Online Courses (2025),B2,Design Alignment,"The competency supports measurable objectives, aligned learning activities, valid assessment evidence, learner interaction, and accessible options for demonstrating mastery.",NSQ Online Courses 2025
FF.G6.SCI.16,Science,NSQ Online Courses (2025),C2,Design Alignment,"The competency supports measurable objectives, aligned learning activities, valid assessment evidence, learner interaction, and accessible options for demonstrating mastery.",NSQ Online Courses 2025
FF.G6.SCI.16,Science,NSQ Online Courses (2025),D1,Design Alignment,"The competency supports measurable objectives, aligned learning activities, valid assessment evidence, learner interaction, and accessible options for demonstrating mastery.",NSQ Online Courses 2025
FF.G6.SCI.16,Science,NSQ Online Courses (2025),D2,Design Alignment,"The competency supports measurable objectives, aligned learning activities, valid assessment evidence, learner interaction, and accessible options for demonstrating mastery.",NSQ Online Courses 2025
FF.G6.SCI.16,Science,NSQ Online Courses (2025),D4,Design Alignment,"The competency supports measurable objectives, aligned learning activities, valid assessment evidence, learner interaction, and accessible options for demonstrating mastery.",NSQ Online Courses 2025
FF.G6.SCI.17,Science,Tennessee Academic Standards,6.ESS3.2,Direct,The Tennessee expectation is mapped to the closest NGSS performance expectation; grade-band or emphasis differences are disclosed in the source locator.,TN Science 2022 PDF p.52; NGSS MS-ESS3
FF.G6.SCI.17,Science,Next Generation Science Standards,MS-ESS3-3,Supporting,The Tennessee expectation is mapped to the closest NGSS performance expectation; grade-band or emphasis differences are disclosed in the source locator.,TN Science 2022 PDF p.52; NGSS MS-ESS3
FF.G6.SCI.17,Science,NSQ Online Courses (2025),B1,Design Alignment,"The competency supports measurable objectives, aligned learning activities, valid assessment evidence, learner interaction, and accessible options for demonstrating mastery.",NSQ Online Courses 2025
FF.G6.SCI.17,Science,NSQ Online Courses (2025),B2,Design Alignment,"The competency supports measurable objectives, aligned learning activities, valid assessment evidence, learner interaction, and accessible options for demonstrating mastery.",NSQ Online Courses 2025
FF.G6.SCI.17,Science,NSQ Online Courses (2025),C2,Design Alignment,"The competency supports measurable objectives, aligned learning activities, valid assessment evidence, learner interaction, and accessible options for demonstrating mastery.",NSQ Online Courses 2025
FF.G6.SCI.17,Science,NSQ Online Courses (2025),D1,Design Alignment,"The competency supports measurable objectives, aligned learning activities, valid assessment evidence, learner interaction, and accessible options for demonstrating mastery.",NSQ Online Courses 2025
FF.G6.SCI.17,Science,NSQ Online Courses (2025),D2,Design Alignment,"The competency supports measurable objectives, aligned learning activities, valid assessment evidence, learner interaction, and accessible options for demonstrating mastery.",NSQ Online Courses 2025
FF.G6.SCI.17,Science,NSQ Online Courses (2025),D4,Design Alignment,"The competency supports measurable objectives, aligned learning activities, valid assessment evidence, learner interaction, and accessible options for demonstrating mastery.",NSQ Online Courses 2025
FF.G6.SCI.18,Science,Tennessee Academic Standards,6.ESS3.3,Direct,The Tennessee expectation is mapped to the closest NGSS performance expectation; grade-band or emphasis differences are disclosed in the source locator.,TN Science 2022 PDF p.52; NGSS MS-ESS3
FF.G6.SCI.18,Science,Next Generation Science Standards,MS-ESS3-3,Direct,The Tennessee expectation is mapped to the closest NGSS performance expectation; grade-band or emphasis differences are disclosed in the source locator.,TN Science 2022 PDF p.52; NGSS MS-ESS3
FF.G6.SCI.18,Science,Next Generation Science Standards,MS-ESS3-4,Direct,The Tennessee expectation is mapped to the closest NGSS performance expectation; grade-band or emphasis differences are disclosed in the source locator.,TN Science 2022 PDF p.52; NGSS MS-ESS3
FF.G6.SCI.18,Science,NSQ Online Courses (2025),B1,Design Alignment,"The competency supports measurable objectives, aligned learning activities, valid assessment evidence, learner interaction, and accessible options for demonstrating mastery.",NSQ Online Courses 2025
FF.G6.SCI.18,Science,NSQ Online Courses (2025),B2,Design Alignment,"The competency supports measurable objectives, aligned learning activities, valid assessment evidence, learner interaction, and accessible options for demonstrating mastery.",NSQ Online Courses 2025
FF.G6.SCI.18,Science,NSQ Online Courses (2025),C2,Design Alignment,"The competency supports measurable objectives, aligned learning activities, valid assessment evidence, learner interaction, and accessible options for demonstrating mastery.",NSQ Online Courses 2025
FF.G6.SCI.18,Science,NSQ Online Courses (2025),D1,Design Alignment,"The competency supports measurable objectives, aligned learning activities, valid assessment evidence, learner interaction, and accessible options for demonstrating mastery.",NSQ Online Courses 2025
FF.G6.SCI.18,Science,NSQ Online Courses (2025),D2,Design Alignment,"The competency supports measurable objectives, aligned learning activities, valid assessment evidence, learner interaction, and accessible options for demonstrating mastery.",NSQ Online Courses 2025
FF.G6.SCI.18,Science,NSQ Online Courses (2025),D4,Design Alignment,"The competency supports measurable objectives, aligned learning activities, valid assessment evidence, learner interaction, and accessible options for demonstrating mastery.",NSQ Online Courses 2025
FF.G6.SCI.19,Science,Tennessee Academic Standards,6.ETS1.1,Direct,The Tennessee expectation is mapped to the closest NGSS performance expectation; grade-band or emphasis differences are disclosed in the source locator.,TN Science 2022 PDF p.52; NGSS MS-LS2/MS-ETS1
FF.G6.SCI.19,Science,Next Generation Science Standards,MS-LS2-5,Direct,The Tennessee expectation is mapped to the closest NGSS performance expectation; grade-band or emphasis differences are disclosed in the source locator.,TN Science 2022 PDF p.52; NGSS MS-LS2/MS-ETS1
FF.G6.SCI.19,Science,Next Generation Science Standards,MS-ETS1-1,Direct,The Tennessee expectation is mapped to the closest NGSS performance expectation; grade-band or emphasis differences are disclosed in the source locator.,TN Science 2022 PDF p.52; NGSS MS-LS2/MS-ETS1
FF.G6.SCI.19,Science,NSQ Online Courses (2025),B1,Design Alignment,"The competency supports measurable objectives, aligned learning activities, valid assessment evidence, learner interaction, and accessible options for demonstrating mastery.",NSQ Online Courses 2025
FF.G6.SCI.19,Science,NSQ Online Courses (2025),B2,Design Alignment,"The competency supports measurable objectives, aligned learning activities, valid assessment evidence, learner interaction, and accessible options for demonstrating mastery.",NSQ Online Courses 2025
FF.G6.SCI.19,Science,NSQ Online Courses (2025),C2,Design Alignment,"The competency supports measurable objectives, aligned learning activities, valid assessment evidence, learner interaction, and accessible options for demonstrating mastery.",NSQ Online Courses 2025
FF.G6.SCI.19,Science,NSQ Online Courses (2025),D1,Design Alignment,"The competency supports measurable objectives, aligned learning activities, valid assessment evidence, learner interaction, and accessible options for demonstrating mastery.",NSQ Online Courses 2025
FF.G6.SCI.19,Science,NSQ Online Courses (2025),D2,Design Alignment,"The competency supports measurable objectives, aligned learning activities, valid assessment evidence, learner interaction, and accessible options for demonstrating mastery.",NSQ Online Courses 2025
FF.G6.SCI.19,Science,NSQ Online Courses (2025),D4,Design Alignment,"The competency supports measurable objectives, aligned learning activities, valid assessment evidence, learner interaction, and accessible options for demonstrating mastery.",NSQ Online Courses 2025
FF.G6.SCI.20,Science,Tennessee Academic Standards,6.ETS1.2,Direct,The Tennessee expectation is mapped to the closest NGSS performance expectation; grade-band or emphasis differences are disclosed in the source locator.,TN Science 2022 PDF p.52; NGSS MS-PS3/MS-ETS1
FF.G6.SCI.20,Science,Next Generation Science Standards,MS-PS3-3,Direct,The Tennessee expectation is mapped to the closest NGSS performance expectation; grade-band or emphasis differences are disclosed in the source locator.,TN Science 2022 PDF p.52; NGSS MS-PS3/MS-ETS1
FF.G6.SCI.20,Science,Next Generation Science Standards,MS-ETS1-3,Direct,The Tennessee expectation is mapped to the closest NGSS performance expectation; grade-band or emphasis differences are disclosed in the source locator.,TN Science 2022 PDF p.52; NGSS MS-PS3/MS-ETS1
FF.G6.SCI.20,Science,NSQ Online Courses (2025),B1,Design Alignment,"The competency supports measurable objectives, aligned learning activities, valid assessment evidence, learner interaction, and accessible options for demonstrating mastery.",NSQ Online Courses 2025
FF.G6.SCI.20,Science,NSQ Online Courses (2025),B2,Design Alignment,"The competency supports measurable objectives, aligned learning activities, valid assessment evidence, learner interaction, and accessible options for demonstrating mastery.",NSQ Online Courses 2025
FF.G6.SCI.20,Science,NSQ Online Courses (2025),C2,Design Alignment,"The competency supports measurable objectives, aligned learning activities, valid assessment evidence, learner interaction, and accessible options for demonstrating mastery.",NSQ Online Courses 2025
FF.G6.SCI.20,Science,NSQ Online Courses (2025),D1,Design Alignment,"The competency supports measurable objectives, aligned learning activities, valid assessment evidence, learner interaction, and accessible options for demonstrating mastery.",NSQ Online Courses 2025
FF.G6.SCI.20,Science,NSQ Online Courses (2025),D2,Design Alignment,"The competency supports measurable objectives, aligned learning activities, valid assessment evidence, learner interaction, and accessible options for demonstrating mastery.",NSQ Online Courses 2025
FF.G6.SCI.20,Science,NSQ Online Courses (2025),D4,Design Alignment,"The competency supports measurable objectives, aligned learning activities, valid assessment evidence, learner interaction, and accessible options for demonstrating mastery.",NSQ Online Courses 2025
FF.G6.SS.01,Social Studies,Tennessee Academic Standards,SSP.01,Direct,"Tennessee content is primary; Common Core literacy standards support disciplinary reading, writing, speaking, and inquiry. NGSS is not applicable.",TN Social Studies 2024 PDF pp.81–82
FF.G6.SS.01,Social Studies,Common Core State Standards,CCSS.ELA-LITERACY.RH.6-8.1,Supporting,"Tennessee content is primary; Common Core literacy standards support disciplinary reading, writing, speaking, and inquiry. NGSS is not applicable.",TN Social Studies 2024 PDF pp.81–82
FF.G6.SS.01,Social Studies,Common Core State Standards,CCSS.ELA-LITERACY.RH.6-8.7,Supporting,"Tennessee content is primary; Common Core literacy standards support disciplinary reading, writing, speaking, and inquiry. NGSS is not applicable.",TN Social Studies 2024 PDF pp.81–82
FF.G6.SS.01,Social Studies,Common Core State Standards,CCSS.ELA-LITERACY.WHST.6-8.7,Supporting,"Tennessee content is primary; Common Core literacy standards support disciplinary reading, writing, speaking, and inquiry. NGSS is not applicable.",TN Social Studies 2024 PDF pp.81–82
FF.G6.SS.01,Social Studies,NSQ Online Courses (2025),B1,Design Alignment,"The competency supports measurable objectives, aligned learning activities, valid assessment evidence, learner interaction, and accessible options for demonstrating mastery.",NSQ Online Courses 2025
FF.G6.SS.01,Social Studies,NSQ Online Courses (2025),B2,Design Alignment,"The competency supports measurable objectives, aligned learning activities, valid assessment evidence, learner interaction, and accessible options for demonstrating mastery.",NSQ Online Courses 2025
FF.G6.SS.01,Social Studies,NSQ Online Courses (2025),C2,Design Alignment,"The competency supports measurable objectives, aligned learning activities, valid assessment evidence, learner interaction, and accessible options for demonstrating mastery.",NSQ Online Courses 2025
FF.G6.SS.01,Social Studies,NSQ Online Courses (2025),D1,Design Alignment,"The competency supports measurable objectives, aligned learning activities, valid assessment evidence, learner interaction, and accessible options for demonstrating mastery.",NSQ Online Courses 2025
FF.G6.SS.01,Social Studies,NSQ Online Courses (2025),D2,Design Alignment,"The competency supports measurable objectives, aligned learning activities, valid assessment evidence, learner interaction, and accessible options for demonstrating mastery.",NSQ Online Courses 2025
FF.G6.SS.01,Social Studies,NSQ Online Courses (2025),D4,Design Alignment,"The competency supports measurable objectives, aligned learning activities, valid assessment evidence, learner interaction, and accessible options for demonstrating mastery.",NSQ Online Courses 2025
FF.G6.SS.02,Social Studies,Tennessee Academic Standards,SSP.02,Direct,"Tennessee content is primary; Common Core literacy standards support disciplinary reading, writing, speaking, and inquiry. NGSS is not applicable.",TN Social Studies 2024 PDF pp.81–82
FF.G6.SS.02,Social Studies,Common Core State Standards,CCSS.ELA-LITERACY.RH.6-8.1,Supporting,"Tennessee content is primary; Common Core literacy standards support disciplinary reading, writing, speaking, and inquiry. NGSS is not applicable.",TN Social Studies 2024 PDF pp.81–82
FF.G6.SS.02,Social Studies,Common Core State Standards,CCSS.ELA-LITERACY.RH.6-8.6,Supporting,"Tennessee content is primary; Common Core literacy standards support disciplinary reading, writing, speaking, and inquiry. NGSS is not applicable.",TN Social Studies 2024 PDF pp.81–82
FF.G6.SS.02,Social Studies,Common Core State Standards,CCSS.ELA-LITERACY.RH.6-8.8,Supporting,"Tennessee content is primary; Common Core literacy standards support disciplinary reading, writing, speaking, and inquiry. NGSS is not applicable.",TN Social Studies 2024 PDF pp.81–82
FF.G6.SS.02,Social Studies,NSQ Online Courses (2025),B1,Design Alignment,"The competency supports measurable objectives, aligned learning activities, valid assessment evidence, learner interaction, and accessible options for demonstrating mastery.",NSQ Online Courses 2025
FF.G6.SS.02,Social Studies,NSQ Online Courses (2025),B2,Design Alignment,"The competency supports measurable objectives, aligned learning activities, valid assessment evidence, learner interaction, and accessible options for demonstrating mastery.",NSQ Online Courses 2025
FF.G6.SS.02,Social Studies,NSQ Online Courses (2025),C2,Design Alignment,"The competency supports measurable objectives, aligned learning activities, valid assessment evidence, learner interaction, and accessible options for demonstrating mastery.",NSQ Online Courses 2025
FF.G6.SS.02,Social Studies,NSQ Online Courses (2025),D1,Design Alignment,"The competency supports measurable objectives, aligned learning activities, valid assessment evidence, learner interaction, and accessible options for demonstrating mastery.",NSQ Online Courses 2025
FF.G6.SS.02,Social Studies,NSQ Online Courses (2025),D2,Design Alignment,"The competency supports measurable objectives, aligned learning activities, valid assessment evidence, learner interaction, and accessible options for demonstrating mastery.",NSQ Online Courses 2025
FF.G6.SS.02,Social Studies,NSQ Online Courses (2025),D4,Design Alignment,"The competency supports measurable objectives, aligned learning activities, valid assessment evidence, learner interaction, and accessible options for demonstrating mastery.",NSQ Online Courses 2025
FF.G6.SS.03,Social Studies,Tennessee Academic Standards,SSP.03,Direct,"Tennessee content is primary; Common Core literacy standards support disciplinary reading, writing, speaking, and inquiry. NGSS is not applicable.",TN Social Studies 2024 PDF pp.81–82
FF.G6.SS.03,Social Studies,Common Core State Standards,CCSS.ELA-LITERACY.RH.6-8.9,Supporting,"Tennessee content is primary; Common Core literacy standards support disciplinary reading, writing, speaking, and inquiry. NGSS is not applicable.",TN Social Studies 2024 PDF pp.81–82
FF.G6.SS.03,Social Studies,Common Core State Standards,CCSS.ELA-LITERACY.WHST.6-8.8,Supporting,"Tennessee content is primary; Common Core literacy standards support disciplinary reading, writing, speaking, and inquiry. NGSS is not applicable.",TN Social Studies 2024 PDF pp.81–82
FF.G6.SS.03,Social Studies,Common Core State Standards,CCSS.ELA-LITERACY.WHST.6-8.9,Supporting,"Tennessee content is primary; Common Core literacy standards support disciplinary reading, writing, speaking, and inquiry. NGSS is not applicable.",TN Social Studies 2024 PDF pp.81–82
FF.G6.SS.03,Social Studies,NSQ Online Courses (2025),B1,Design Alignment,"The competency supports measurable objectives, aligned learning activities, valid assessment evidence, learner interaction, and accessible options for demonstrating mastery.",NSQ Online Courses 2025
FF.G6.SS.03,Social Studies,NSQ Online Courses (2025),B2,Design Alignment,"The competency supports measurable objectives, aligned learning activities, valid assessment evidence, learner interaction, and accessible options for demonstrating mastery.",NSQ Online Courses 2025
FF.G6.SS.03,Social Studies,NSQ Online Courses (2025),C2,Design Alignment,"The competency supports measurable objectives, aligned learning activities, valid assessment evidence, learner interaction, and accessible options for demonstrating mastery.",NSQ Online Courses 2025
FF.G6.SS.03,Social Studies,NSQ Online Courses (2025),D1,Design Alignment,"The competency supports measurable objectives, aligned learning activities, valid assessment evidence, learner interaction, and accessible options for demonstrating mastery.",NSQ Online Courses 2025
FF.G6.SS.03,Social Studies,NSQ Online Courses (2025),D2,Design Alignment,"The competency supports measurable objectives, aligned learning activities, valid assessment evidence, learner interaction, and accessible options for demonstrating mastery.",NSQ Online Courses 2025
FF.G6.SS.03,Social Studies,NSQ Online Courses (2025),D4,Design Alignment,"The competency supports measurable objectives, aligned learning activities, valid assessment evidence, learner interaction, and accessible options for demonstrating mastery.",NSQ Online Courses 2025
FF.G6.SS.04,Social Studies,Tennessee Academic Standards,SSP.04,Direct,"Tennessee content is primary; Common Core literacy standards support disciplinary reading, writing, speaking, and inquiry. NGSS is not applicable.",TN Social Studies 2024 PDF pp.81–82
FF.G6.SS.04,Social Studies,Common Core State Standards,CCSS.ELA-LITERACY.WHST.6-8.1,Supporting,"Tennessee content is primary; Common Core literacy standards support disciplinary reading, writing, speaking, and inquiry. NGSS is not applicable.",TN Social Studies 2024 PDF pp.81–82
FF.G6.SS.04,Social Studies,Common Core State Standards,CCSS.ELA-LITERACY.SL.6.1,Supporting,"Tennessee content is primary; Common Core literacy standards support disciplinary reading, writing, speaking, and inquiry. NGSS is not applicable.",TN Social Studies 2024 PDF pp.81–82
FF.G6.SS.04,Social Studies,Common Core State Standards,CCSS.ELA-LITERACY.SL.6.4,Supporting,"Tennessee content is primary; Common Core literacy standards support disciplinary reading, writing, speaking, and inquiry. NGSS is not applicable.",TN Social Studies 2024 PDF pp.81–82
FF.G6.SS.04,Social Studies,NSQ Online Courses (2025),B1,Design Alignment,"The competency supports measurable objectives, aligned learning activities, valid assessment evidence, learner interaction, and accessible options for demonstrating mastery.",NSQ Online Courses 2025
FF.G6.SS.04,Social Studies,NSQ Online Courses (2025),B2,Design Alignment,"The competency supports measurable objectives, aligned learning activities, valid assessment evidence, learner interaction, and accessible options for demonstrating mastery.",NSQ Online Courses 2025
FF.G6.SS.04,Social Studies,NSQ Online Courses (2025),C2,Design Alignment,"The competency supports measurable objectives, aligned learning activities, valid assessment evidence, learner interaction, and accessible options for demonstrating mastery.",NSQ Online Courses 2025
FF.G6.SS.04,Social Studies,NSQ Online Courses (2025),D1,Design Alignment,"The competency supports measurable objectives, aligned learning activities, valid assessment evidence, learner interaction, and accessible options for demonstrating mastery.",NSQ Online Courses 2025
FF.G6.SS.04,Social Studies,NSQ Online Courses (2025),D2,Design Alignment,"The competency supports measurable objectives, aligned learning activities, valid assessment evidence, learner interaction, and accessible options for demonstrating mastery.",NSQ Online Courses 2025
FF.G6.SS.04,Social Studies,NSQ Online Courses (2025),D4,Design Alignment,"The competency supports measurable objectives, aligned learning activities, valid assessment evidence, learner interaction, and accessible options for demonstrating mastery.",NSQ Online Courses 2025
FF.G6.SS.05,Social Studies,Tennessee Academic Standards,SSP.05,Direct,"Tennessee content is primary; Common Core literacy standards support disciplinary reading, writing, speaking, and inquiry. NGSS is not applicable.",TN Social Studies 2024 PDF pp.81–82
FF.G6.SS.05,Social Studies,Common Core State Standards,CCSS.ELA-LITERACY.RH.6-8.3,Supporting,"Tennessee content is primary; Common Core literacy standards support disciplinary reading, writing, speaking, and inquiry. NGSS is not applicable.",TN Social Studies 2024 PDF pp.81–82
FF.G6.SS.05,Social Studies,Common Core State Standards,CCSS.ELA-LITERACY.RH.6-8.6,Supporting,"Tennessee content is primary; Common Core literacy standards support disciplinary reading, writing, speaking, and inquiry. NGSS is not applicable.",TN Social Studies 2024 PDF pp.81–82
FF.G6.SS.05,Social Studies,Common Core State Standards,CCSS.ELA-LITERACY.RH.6-8.9,Supporting,"Tennessee content is primary; Common Core literacy standards support disciplinary reading, writing, speaking, and inquiry. NGSS is not applicable.",TN Social Studies 2024 PDF pp.81–82
FF.G6.SS.05,Social Studies,NSQ Online Courses (2025),B1,Design Alignment,"The competency supports measurable objectives, aligned learning activities, valid assessment evidence, learner interaction, and accessible options for demonstrating mastery.",NSQ Online Courses 2025
FF.G6.SS.05,Social Studies,NSQ Online Courses (2025),B2,Design Alignment,"The competency supports measurable objectives, aligned learning activities, valid assessment evidence, learner interaction, and accessible options for demonstrating mastery.",NSQ Online Courses 2025
FF.G6.SS.05,Social Studies,NSQ Online Courses (2025),C2,Design Alignment,"The competency supports measurable objectives, aligned learning activities, valid assessment evidence, learner interaction, and accessible options for demonstrating mastery.",NSQ Online Courses 2025
FF.G6.SS.05,Social Studies,NSQ Online Courses (2025),D1,Design Alignment,"The competency supports measurable objectives, aligned learning activities, valid assessment evidence, learner interaction, and accessible options for demonstrating mastery.",NSQ Online Courses 2025
FF.G6.SS.05,Social Studies,NSQ Online Courses (2025),D2,Design Alignment,"The competency supports measurable objectives, aligned learning activities, valid assessment evidence, learner interaction, and accessible options for demonstrating mastery.",NSQ Online Courses 2025
FF.G6.SS.05,Social Studies,NSQ Online Courses (2025),D4,Design Alignment,"The competency supports measurable objectives, aligned learning activities, valid assessment evidence, learner interaction, and accessible options for demonstrating mastery.",NSQ Online Courses 2025
FF.G6.SS.06,Social Studies,Tennessee Academic Standards,SSP.06,Direct,"Tennessee content is primary; Common Core literacy standards support disciplinary reading, writing, speaking, and inquiry. NGSS is not applicable.",TN Social Studies 2024 PDF pp.81–82
FF.G6.SS.06,Social Studies,Common Core State Standards,CCSS.ELA-LITERACY.RH.6-8.7,Supporting,"Tennessee content is primary; Common Core literacy standards support disciplinary reading, writing, speaking, and inquiry. NGSS is not applicable.",TN Social Studies 2024 PDF pp.81–82
FF.G6.SS.06,Social Studies,Common Core State Standards,CCSS.ELA-LITERACY.WHST.6-8.2,Supporting,"Tennessee content is primary; Common Core literacy standards support disciplinary reading, writing, speaking, and inquiry. NGSS is not applicable.",TN Social Studies 2024 PDF pp.81–82
FF.G6.SS.06,Social Studies,NSQ Online Courses (2025),B1,Design Alignment,"The competency supports measurable objectives, aligned learning activities, valid assessment evidence, learner interaction, and accessible options for demonstrating mastery.",NSQ Online Courses 2025
FF.G6.SS.06,Social Studies,NSQ Online Courses (2025),B2,Design Alignment,"The competency supports measurable objectives, aligned learning activities, valid assessment evidence, learner interaction, and accessible options for demonstrating mastery.",NSQ Online Courses 2025
FF.G6.SS.06,Social Studies,NSQ Online Courses (2025),C2,Design Alignment,"The competency supports measurable objectives, aligned learning activities, valid assessment evidence, learner interaction, and accessible options for demonstrating mastery.",NSQ Online Courses 2025
FF.G6.SS.06,Social Studies,NSQ Online Courses (2025),D1,Design Alignment,"The competency supports measurable objectives, aligned learning activities, valid assessment evidence, learner interaction, and accessible options for demonstrating mastery.",NSQ Online Courses 2025
FF.G6.SS.06,Social Studies,NSQ Online Courses (2025),D2,Design Alignment,"The competency supports measurable objectives, aligned learning activities, valid assessment evidence, learner interaction, and accessible options for demonstrating mastery.",NSQ Online Courses 2025
FF.G6.SS.06,Social Studies,NSQ Online Courses (2025),D4,Design Alignment,"The competency supports measurable objectives, aligned learning activities, valid assessment evidence, learner interaction, and accessible options for demonstrating mastery.",NSQ Online Courses 2025
FF.G6.SS.07,Social Studies,Tennessee Academic Standards,6.01,Direct,"Tennessee content is primary; Common Core literacy standards support disciplinary reading, writing, speaking, and inquiry. NGSS is not applicable.",TN Social Studies 2024 PDF p.83
FF.G6.SS.07,Social Studies,Tennessee Academic Standards,6.02,Direct,"Tennessee content is primary; Common Core literacy standards support disciplinary reading, writing, speaking, and inquiry. NGSS is not applicable.",TN Social Studies 2024 PDF p.83
FF.G6.SS.07,Social Studies,Tennessee Academic Standards,6.03,Direct,"Tennessee content is primary; Common Core literacy standards support disciplinary reading, writing, speaking, and inquiry. NGSS is not applicable.",TN Social Studies 2024 PDF p.83
FF.G6.SS.07,Social Studies,Common Core State Standards,CCSS.ELA-LITERACY.RH.6-8.2,Supporting,"Tennessee content is primary; Common Core literacy standards support disciplinary reading, writing, speaking, and inquiry. NGSS is not applicable.",TN Social Studies 2024 PDF p.83
FF.G6.SS.07,Social Studies,Common Core State Standards,CCSS.ELA-LITERACY.RH.6-8.7,Supporting,"Tennessee content is primary; Common Core literacy standards support disciplinary reading, writing, speaking, and inquiry. NGSS is not applicable.",TN Social Studies 2024 PDF p.83
FF.G6.SS.07,Social Studies,Common Core State Standards,CCSS.ELA-LITERACY.WHST.6-8.2,Supporting,"Tennessee content is primary; Common Core literacy standards support disciplinary reading, writing, speaking, and inquiry. NGSS is not applicable.",TN Social Studies 2024 PDF p.83
FF.G6.SS.07,Social Studies,NSQ Online Courses (2025),B1,Design Alignment,"The competency supports measurable objectives, aligned learning activities, valid assessment evidence, learner interaction, and accessible options for demonstrating mastery.",NSQ Online Courses 2025
FF.G6.SS.07,Social Studies,NSQ Online Courses (2025),B2,Design Alignment,"The competency supports measurable objectives, aligned learning activities, valid assessment evidence, learner interaction, and accessible options for demonstrating mastery.",NSQ Online Courses 2025
FF.G6.SS.07,Social Studies,NSQ Online Courses (2025),C2,Design Alignment,"The competency supports measurable objectives, aligned learning activities, valid assessment evidence, learner interaction, and accessible options for demonstrating mastery.",NSQ Online Courses 2025
FF.G6.SS.07,Social Studies,NSQ Online Courses (2025),D1,Design Alignment,"The competency supports measurable objectives, aligned learning activities, valid assessment evidence, learner interaction, and accessible options for demonstrating mastery.",NSQ Online Courses 2025
FF.G6.SS.07,Social Studies,NSQ Online Courses (2025),D2,Design Alignment,"The competency supports measurable objectives, aligned learning activities, valid assessment evidence, learner interaction, and accessible options for demonstrating mastery.",NSQ Online Courses 2025
FF.G6.SS.07,Social Studies,NSQ Online Courses (2025),D4,Design Alignment,"The competency supports measurable objectives, aligned learning activities, valid assessment evidence, learner interaction, and accessible options for demonstrating mastery.",NSQ Online Courses 2025
FF.G6.SS.08,Social Studies,Tennessee Academic Standards,6.04,Direct,"Tennessee content is primary; Common Core literacy standards support disciplinary reading, writing, speaking, and inquiry. NGSS is not applicable.",TN Social Studies 2024 PDF p.84
FF.G6.SS.08,Social Studies,Common Core State Standards,CCSS.ELA-LITERACY.RH.6-8.2,Supporting,"Tennessee content is primary; Common Core literacy standards support disciplinary reading, writing, speaking, and inquiry. NGSS is not applicable.",TN Social Studies 2024 PDF p.84
FF.G6.SS.08,Social Studies,Common Core State Standards,CCSS.ELA-LITERACY.WHST.6-8.2,Supporting,"Tennessee content is primary; Common Core literacy standards support disciplinary reading, writing, speaking, and inquiry. NGSS is not applicable.",TN Social Studies 2024 PDF p.84
FF.G6.SS.08,Social Studies,NSQ Online Courses (2025),B1,Design Alignment,"The competency supports measurable objectives, aligned learning activities, valid assessment evidence, learner interaction, and accessible options for demonstrating mastery.",NSQ Online Courses 2025
FF.G6.SS.08,Social Studies,NSQ Online Courses (2025),B2,Design Alignment,"The competency supports measurable objectives, aligned learning activities, valid assessment evidence, learner interaction, and accessible options for demonstrating mastery.",NSQ Online Courses 2025
FF.G6.SS.08,Social Studies,NSQ Online Courses (2025),C2,Design Alignment,"The competency supports measurable objectives, aligned learning activities, valid assessment evidence, learner interaction, and accessible options for demonstrating mastery.",NSQ Online Courses 2025
FF.G6.SS.08,Social Studies,NSQ Online Courses (2025),D1,Design Alignment,"The competency supports measurable objectives, aligned learning activities, valid assessment evidence, learner interaction, and accessible options for demonstrating mastery.",NSQ Online Courses 2025
FF.G6.SS.08,Social Studies,NSQ Online Courses (2025),D2,Design Alignment,"The competency supports measurable objectives, aligned learning activities, valid assessment evidence, learner interaction, and accessible options for demonstrating mastery.",NSQ Online Courses 2025
FF.G6.SS.08,Social Studies,NSQ Online Courses (2025),D4,Design Alignment,"The competency supports measurable objectives, aligned learning activities, valid assessment evidence, learner interaction, and accessible options for demonstrating mastery.",NSQ Online Courses 2025
FF.G6.SS.09,Social Studies,Tennessee Academic Standards,6.05,Direct,"Tennessee content is primary; Common Core literacy standards support disciplinary reading, writing, speaking, and inquiry. NGSS is not applicable.",TN Social Studies 2024 PDF p.85
FF.G6.SS.09,Social Studies,Tennessee Academic Standards,6.06,Direct,"Tennessee content is primary; Common Core literacy standards support disciplinary reading, writing, speaking, and inquiry. NGSS is not applicable.",TN Social Studies 2024 PDF p.85
FF.G6.SS.09,Social Studies,Tennessee Academic Standards,6.07,Direct,"Tennessee content is primary; Common Core literacy standards support disciplinary reading, writing, speaking, and inquiry. NGSS is not applicable.",TN Social Studies 2024 PDF p.85
FF.G6.SS.09,Social Studies,Tennessee Academic Standards,6.08,Direct,"Tennessee content is primary; Common Core literacy standards support disciplinary reading, writing, speaking, and inquiry. NGSS is not applicable.",TN Social Studies 2024 PDF p.85
FF.G6.SS.09,Social Studies,Common Core State Standards,CCSS.ELA-LITERACY.RH.6-8.3,Supporting,"Tennessee content is primary; Common Core literacy standards support disciplinary reading, writing, speaking, and inquiry. NGSS is not applicable.",TN Social Studies 2024 PDF p.85
FF.G6.SS.09,Social Studies,Common Core State Standards,CCSS.ELA-LITERACY.RH.6-8.7,Supporting,"Tennessee content is primary; Common Core literacy standards support disciplinary reading, writing, speaking, and inquiry. NGSS is not applicable.",TN Social Studies 2024 PDF p.85
FF.G6.SS.09,Social Studies,Common Core State Standards,CCSS.ELA-LITERACY.WHST.6-8.2,Supporting,"Tennessee content is primary; Common Core literacy standards support disciplinary reading, writing, speaking, and inquiry. NGSS is not applicable.",TN Social Studies 2024 PDF p.85
FF.G6.SS.09,Social Studies,NSQ Online Courses (2025),B1,Design Alignment,"The competency supports measurable objectives, aligned learning activities, valid assessment evidence, learner interaction, and accessible options for demonstrating mastery.",NSQ Online Courses 2025
FF.G6.SS.09,Social Studies,NSQ Online Courses (2025),B2,Design Alignment,"The competency supports measurable objectives, aligned learning activities, valid assessment evidence, learner interaction, and accessible options for demonstrating mastery.",NSQ Online Courses 2025
FF.G6.SS.09,Social Studies,NSQ Online Courses (2025),C2,Design Alignment,"The competency supports measurable objectives, aligned learning activities, valid assessment evidence, learner interaction, and accessible options for demonstrating mastery.",NSQ Online Courses 2025
FF.G6.SS.09,Social Studies,NSQ Online Courses (2025),D1,Design Alignment,"The competency supports measurable objectives, aligned learning activities, valid assessment evidence, learner interaction, and accessible options for demonstrating mastery.",NSQ Online Courses 2025
FF.G6.SS.09,Social Studies,NSQ Online Courses (2025),D2,Design Alignment,"The competency supports measurable objectives, aligned learning activities, valid assessment evidence, learner interaction, and accessible options for demonstrating mastery.",NSQ Online Courses 2025
FF.G6.SS.09,Social Studies,NSQ Online Courses (2025),D4,Design Alignment,"The competency supports measurable objectives, aligned learning activities, valid assessment evidence, learner interaction, and accessible options for demonstrating mastery.",NSQ Online Courses 2025
FF.G6.SS.10,Social Studies,Tennessee Academic Standards,6.09,Direct,"Tennessee content is primary; Common Core literacy standards support disciplinary reading, writing, speaking, and inquiry. NGSS is not applicable.",TN Social Studies 2024 PDF pp.85–86
FF.G6.SS.10,Social Studies,Tennessee Academic Standards,6.10,Direct,"Tennessee content is primary; Common Core literacy standards support disciplinary reading, writing, speaking, and inquiry. NGSS is not applicable.",TN Social Studies 2024 PDF pp.85–86
FF.G6.SS.10,Social Studies,Tennessee Academic Standards,6.11,Direct,"Tennessee content is primary; Common Core literacy standards support disciplinary reading, writing, speaking, and inquiry. NGSS is not applicable.",TN Social Studies 2024 PDF pp.85–86
FF.G6.SS.10,Social Studies,Tennessee Academic Standards,6.12,Direct,"Tennessee content is primary; Common Core literacy standards support disciplinary reading, writing, speaking, and inquiry. NGSS is not applicable.",TN Social Studies 2024 PDF pp.85–86
FF.G6.SS.10,Social Studies,Tennessee Academic Standards,6.13,Direct,"Tennessee content is primary; Common Core literacy standards support disciplinary reading, writing, speaking, and inquiry. NGSS is not applicable.",TN Social Studies 2024 PDF pp.85–86
FF.G6.SS.10,Social Studies,Common Core State Standards,CCSS.ELA-LITERACY.RH.6-8.1,Supporting,"Tennessee content is primary; Common Core literacy standards support disciplinary reading, writing, speaking, and inquiry. NGSS is not applicable.",TN Social Studies 2024 PDF pp.85–86
FF.G6.SS.10,Social Studies,Common Core State Standards,CCSS.ELA-LITERACY.RH.6-8.6,Supporting,"Tennessee content is primary; Common Core literacy standards support disciplinary reading, writing, speaking, and inquiry. NGSS is not applicable.",TN Social Studies 2024 PDF pp.85–86
FF.G6.SS.10,Social Studies,Common Core State Standards,CCSS.ELA-LITERACY.WHST.6-8.1,Supporting,"Tennessee content is primary; Common Core literacy standards support disciplinary reading, writing, speaking, and inquiry. NGSS is not applicable.",TN Social Studies 2024 PDF pp.85–86
FF.G6.SS.10,Social Studies,NSQ Online Courses (2025),B1,Design Alignment,"The competency supports measurable objectives, aligned learning activities, valid assessment evidence, learner interaction, and accessible options for demonstrating mastery.",NSQ Online Courses 2025
FF.G6.SS.10,Social Studies,NSQ Online Courses (2025),B2,Design Alignment,"The competency supports measurable objectives, aligned learning activities, valid assessment evidence, learner interaction, and accessible options for demonstrating mastery.",NSQ Online Courses 2025
FF.G6.SS.10,Social Studies,NSQ Online Courses (2025),C2,Design Alignment,"The competency supports measurable objectives, aligned learning activities, valid assessment evidence, learner interaction, and accessible options for demonstrating mastery.",NSQ Online Courses 2025
FF.G6.SS.10,Social Studies,NSQ Online Courses (2025),D1,Design Alignment,"The competency supports measurable objectives, aligned learning activities, valid assessment evidence, learner interaction, and accessible options for demonstrating mastery.",NSQ Online Courses 2025
FF.G6.SS.10,Social Studies,NSQ Online Courses (2025),D2,Design Alignment,"The competency supports measurable objectives, aligned learning activities, valid assessment evidence, learner interaction, and accessible options for demonstrating mastery.",NSQ Online Courses 2025
FF.G6.SS.10,Social Studies,NSQ Online Courses (2025),D4,Design Alignment,"The competency supports measurable objectives, aligned learning activities, valid assessment evidence, learner interaction, and accessible options for demonstrating mastery.",NSQ Online Courses 2025
FF.G6.SS.11,Social Studies,Tennessee Academic Standards,6.14,Direct,"Tennessee content is primary; Common Core literacy standards support disciplinary reading, writing, speaking, and inquiry. NGSS is not applicable.",TN Social Studies 2024 PDF p.87
FF.G6.SS.11,Social Studies,Tennessee Academic Standards,6.15,Direct,"Tennessee content is primary; Common Core literacy standards support disciplinary reading, writing, speaking, and inquiry. NGSS is not applicable.",TN Social Studies 2024 PDF p.87
FF.G6.SS.11,Social Studies,Tennessee Academic Standards,6.16,Direct,"Tennessee content is primary; Common Core literacy standards support disciplinary reading, writing, speaking, and inquiry. NGSS is not applicable.",TN Social Studies 2024 PDF p.87
FF.G6.SS.11,Social Studies,Tennessee Academic Standards,6.17,Direct,"Tennessee content is primary; Common Core literacy standards support disciplinary reading, writing, speaking, and inquiry. NGSS is not applicable.",TN Social Studies 2024 PDF p.87
FF.G6.SS.11,Social Studies,Tennessee Academic Standards,6.18,Direct,"Tennessee content is primary; Common Core literacy standards support disciplinary reading, writing, speaking, and inquiry. NGSS is not applicable.",TN Social Studies 2024 PDF p.87
FF.G6.SS.11,Social Studies,Common Core State Standards,CCSS.ELA-LITERACY.RH.6-8.3,Supporting,"Tennessee content is primary; Common Core literacy standards support disciplinary reading, writing, speaking, and inquiry. NGSS is not applicable.",TN Social Studies 2024 PDF p.87
FF.G6.SS.11,Social Studies,Common Core State Standards,CCSS.ELA-LITERACY.RH.6-8.7,Supporting,"Tennessee content is primary; Common Core literacy standards support disciplinary reading, writing, speaking, and inquiry. NGSS is not applicable.",TN Social Studies 2024 PDF p.87
FF.G6.SS.11,Social Studies,Common Core State Standards,CCSS.ELA-LITERACY.WHST.6-8.2,Supporting,"Tennessee content is primary; Common Core literacy standards support disciplinary reading, writing, speaking, and inquiry. NGSS is not applicable.",TN Social Studies 2024 PDF p.87
FF.G6.SS.11,Social Studies,NSQ Online Courses (2025),B1,Design Alignment,"The competency supports measurable objectives, aligned learning activities, valid assessment evidence, learner interaction, and accessible options for demonstrating mastery.",NSQ Online Courses 2025
FF.G6.SS.11,Social Studies,NSQ Online Courses (2025),B2,Design Alignment,"The competency supports measurable objectives, aligned learning activities, valid assessment evidence, learner interaction, and accessible options for demonstrating mastery.",NSQ Online Courses 2025
FF.G6.SS.11,Social Studies,NSQ Online Courses (2025),C2,Design Alignment,"The competency supports measurable objectives, aligned learning activities, valid assessment evidence, learner interaction, and accessible options for demonstrating mastery.",NSQ Online Courses 2025
FF.G6.SS.11,Social Studies,NSQ Online Courses (2025),D1,Design Alignment,"The competency supports measurable objectives, aligned learning activities, valid assessment evidence, learner interaction, and accessible options for demonstrating mastery.",NSQ Online Courses 2025
FF.G6.SS.11,Social Studies,NSQ Online Courses (2025),D2,Design Alignment,"The competency supports measurable objectives, aligned learning activities, valid assessment evidence, learner interaction, and accessible options for demonstrating mastery.",NSQ Online Courses 2025
FF.G6.SS.11,Social Studies,NSQ Online Courses (2025),D4,Design Alignment,"The competency supports measurable objectives, aligned learning activities, valid assessment evidence, learner interaction, and accessible options for demonstrating mastery.",NSQ Online Courses 2025
FF.G6.SS.12,Social Studies,Tennessee Academic Standards,6.19,Direct,"Tennessee content is primary; Common Core literacy standards support disciplinary reading, writing, speaking, and inquiry. NGSS is not applicable.",TN Social Studies 2024 PDF p.88
FF.G6.SS.12,Social Studies,Tennessee Academic Standards,6.20,Direct,"Tennessee content is primary; Common Core literacy standards support disciplinary reading, writing, speaking, and inquiry. NGSS is not applicable.",TN Social Studies 2024 PDF p.88
FF.G6.SS.12,Social Studies,Common Core State Standards,CCSS.ELA-LITERACY.RH.6-8.1,Supporting,"Tennessee content is primary; Common Core literacy standards support disciplinary reading, writing, speaking, and inquiry. NGSS is not applicable.",TN Social Studies 2024 PDF p.88
FF.G6.SS.12,Social Studies,Common Core State Standards,CCSS.ELA-LITERACY.RH.6-8.6,Supporting,"Tennessee content is primary; Common Core literacy standards support disciplinary reading, writing, speaking, and inquiry. NGSS is not applicable.",TN Social Studies 2024 PDF p.88
FF.G6.SS.12,Social Studies,Common Core State Standards,CCSS.ELA-LITERACY.WHST.6-8.2,Supporting,"Tennessee content is primary; Common Core literacy standards support disciplinary reading, writing, speaking, and inquiry. NGSS is not applicable.",TN Social Studies 2024 PDF p.88
FF.G6.SS.12,Social Studies,NSQ Online Courses (2025),B1,Design Alignment,"The competency supports measurable objectives, aligned learning activities, valid assessment evidence, learner interaction, and accessible options for demonstrating mastery.",NSQ Online Courses 2025
FF.G6.SS.12,Social Studies,NSQ Online Courses (2025),B2,Design Alignment,"The competency supports measurable objectives, aligned learning activities, valid assessment evidence, learner interaction, and accessible options for demonstrating mastery.",NSQ Online Courses 2025
FF.G6.SS.12,Social Studies,NSQ Online Courses (2025),C2,Design Alignment,"The competency supports measurable objectives, aligned learning activities, valid assessment evidence, learner interaction, and accessible options for demonstrating mastery.",NSQ Online Courses 2025
FF.G6.SS.12,Social Studies,NSQ Online Courses (2025),D1,Design Alignment,"The competency supports measurable objectives, aligned learning activities, valid assessment evidence, learner interaction, and accessible options for demonstrating mastery.",NSQ Online Courses 2025
FF.G6.SS.12,Social Studies,NSQ Online Courses (2025),D2,Design Alignment,"The competency supports measurable objectives, aligned learning activities, valid assessment evidence, learner interaction, and accessible options for demonstrating mastery.",NSQ Online Courses 2025
FF.G6.SS.12,Social Studies,NSQ Online Courses (2025),D4,Design Alignment,"The competency supports measurable objectives, aligned learning activities, valid assessment evidence, learner interaction, and accessible options for demonstrating mastery.",NSQ Online Courses 2025
FF.G6.SS.13,Social Studies,Tennessee Academic Standards,6.21,Direct,"Tennessee content is primary; Common Core literacy standards support disciplinary reading, writing, speaking, and inquiry. NGSS is not applicable.",TN Social Studies 2024 PDF p.89
FF.G6.SS.13,Social Studies,Tennessee Academic Standards,6.22,Direct,"Tennessee content is primary; Common Core literacy standards support disciplinary reading, writing, speaking, and inquiry. NGSS is not applicable.",TN Social Studies 2024 PDF p.89
FF.G6.SS.13,Social Studies,Tennessee Academic Standards,6.23,Direct,"Tennessee content is primary; Common Core literacy standards support disciplinary reading, writing, speaking, and inquiry. NGSS is not applicable.",TN Social Studies 2024 PDF p.89
FF.G6.SS.13,Social Studies,Tennessee Academic Standards,6.24,Direct,"Tennessee content is primary; Common Core literacy standards support disciplinary reading, writing, speaking, and inquiry. NGSS is not applicable.",TN Social Studies 2024 PDF p.89
FF.G6.SS.13,Social Studies,Tennessee Academic Standards,6.25,Direct,"Tennessee content is primary; Common Core literacy standards support disciplinary reading, writing, speaking, and inquiry. NGSS is not applicable.",TN Social Studies 2024 PDF p.89
FF.G6.SS.13,Social Studies,Common Core State Standards,CCSS.ELA-LITERACY.RH.6-8.2,Supporting,"Tennessee content is primary; Common Core literacy standards support disciplinary reading, writing, speaking, and inquiry. NGSS is not applicable.",TN Social Studies 2024 PDF p.89
FF.G6.SS.13,Social Studies,Common Core State Standards,CCSS.ELA-LITERACY.RH.6-8.7,Supporting,"Tennessee content is primary; Common Core literacy standards support disciplinary reading, writing, speaking, and inquiry. NGSS is not applicable.",TN Social Studies 2024 PDF p.89
FF.G6.SS.13,Social Studies,Common Core State Standards,CCSS.ELA-LITERACY.WHST.6-8.2,Supporting,"Tennessee content is primary; Common Core literacy standards support disciplinary reading, writing, speaking, and inquiry. NGSS is not applicable.",TN Social Studies 2024 PDF p.89
FF.G6.SS.13,Social Studies,NSQ Online Courses (2025),B1,Design Alignment,"The competency supports measurable objectives, aligned learning activities, valid assessment evidence, learner interaction, and accessible options for demonstrating mastery.",NSQ Online Courses 2025
FF.G6.SS.13,Social Studies,NSQ Online Courses (2025),B2,Design Alignment,"The competency supports measurable objectives, aligned learning activities, valid assessment evidence, learner interaction, and accessible options for demonstrating mastery.",NSQ Online Courses 2025
FF.G6.SS.13,Social Studies,NSQ Online Courses (2025),C2,Design Alignment,"The competency supports measurable objectives, aligned learning activities, valid assessment evidence, learner interaction, and accessible options for demonstrating mastery.",NSQ Online Courses 2025
FF.G6.SS.13,Social Studies,NSQ Online Courses (2025),D1,Design Alignment,"The competency supports measurable objectives, aligned learning activities, valid assessment evidence, learner interaction, and accessible options for demonstrating mastery.",NSQ Online Courses 2025
FF.G6.SS.13,Social Studies,NSQ Online Courses (2025),D2,Design Alignment,"The competency supports measurable objectives, aligned learning activities, valid assessment evidence, learner interaction, and accessible options for demonstrating mastery.",NSQ Online Courses 2025
FF.G6.SS.13,Social Studies,NSQ Online Courses (2025),D4,Design Alignment,"The competency supports measurable objectives, aligned learning activities, valid assessment evidence, learner interaction, and accessible options for demonstrating mastery.",NSQ Online Courses 2025
FF.G6.SS.14,Social Studies,Tennessee Academic Standards,6.26,Direct,"Tennessee content is primary; Common Core literacy standards support disciplinary reading, writing, speaking, and inquiry. NGSS is not applicable.",TN Social Studies 2024 PDF p.90
FF.G6.SS.14,Social Studies,Tennessee Academic Standards,6.27,Direct,"Tennessee content is primary; Common Core literacy standards support disciplinary reading, writing, speaking, and inquiry. NGSS is not applicable.",TN Social Studies 2024 PDF p.90
FF.G6.SS.14,Social Studies,Tennessee Academic Standards,6.28,Direct,"Tennessee content is primary; Common Core literacy standards support disciplinary reading, writing, speaking, and inquiry. NGSS is not applicable.",TN Social Studies 2024 PDF p.90
FF.G6.SS.14,Social Studies,Tennessee Academic Standards,6.29,Direct,"Tennessee content is primary; Common Core literacy standards support disciplinary reading, writing, speaking, and inquiry. NGSS is not applicable.",TN Social Studies 2024 PDF p.90
FF.G6.SS.14,Social Studies,Common Core State Standards,CCSS.ELA-LITERACY.RH.6-8.3,Supporting,"Tennessee content is primary; Common Core literacy standards support disciplinary reading, writing, speaking, and inquiry. NGSS is not applicable.",TN Social Studies 2024 PDF p.90
FF.G6.SS.14,Social Studies,Common Core State Standards,CCSS.ELA-LITERACY.RH.6-8.7,Supporting,"Tennessee content is primary; Common Core literacy standards support disciplinary reading, writing, speaking, and inquiry. NGSS is not applicable.",TN Social Studies 2024 PDF p.90
FF.G6.SS.14,Social Studies,Common Core State Standards,CCSS.ELA-LITERACY.WHST.6-8.2,Supporting,"Tennessee content is primary; Common Core literacy standards support disciplinary reading, writing, speaking, and inquiry. NGSS is not applicable.",TN Social Studies 2024 PDF p.90
FF.G6.SS.14,Social Studies,NSQ Online Courses (2025),B1,Design Alignment,"The competency supports measurable objectives, aligned learning activities, valid assessment evidence, learner interaction, and accessible options for demonstrating mastery.",NSQ Online Courses 2025
FF.G6.SS.14,Social Studies,NSQ Online Courses (2025),B2,Design Alignment,"The competency supports measurable objectives, aligned learning activities, valid assessment evidence, learner interaction, and accessible options for demonstrating mastery.",NSQ Online Courses 2025
FF.G6.SS.14,Social Studies,NSQ Online Courses (2025),C2,Design Alignment,"The competency supports measurable objectives, aligned learning activities, valid assessment evidence, learner interaction, and accessible options for demonstrating mastery.",NSQ Online Courses 2025
FF.G6.SS.14,Social Studies,NSQ Online Courses (2025),D1,Design Alignment,"The competency supports measurable objectives, aligned learning activities, valid assessment evidence, learner interaction, and accessible options for demonstrating mastery.",NSQ Online Courses 2025
FF.G6.SS.14,Social Studies,NSQ Online Courses (2025),D2,Design Alignment,"The competency supports measurable objectives, aligned learning activities, valid assessment evidence, learner interaction, and accessible options for demonstrating mastery.",NSQ Online Courses 2025
FF.G6.SS.14,Social Studies,NSQ Online Courses (2025),D4,Design Alignment,"The competency supports measurable objectives, aligned learning activities, valid assessment evidence, learner interaction, and accessible options for demonstrating mastery.",NSQ Online Courses 2025
FF.G6.SS.15,Social Studies,Tennessee Academic Standards,6.30,Direct,"Tennessee content is primary; Common Core literacy standards support disciplinary reading, writing, speaking, and inquiry. NGSS is not applicable.",TN Social Studies 2024 PDF pp.90–91
FF.G6.SS.15,Social Studies,Tennessee Academic Standards,6.31,Direct,"Tennessee content is primary; Common Core literacy standards support disciplinary reading, writing, speaking, and inquiry. NGSS is not applicable.",TN Social Studies 2024 PDF pp.90–91
FF.G6.SS.15,Social Studies,Tennessee Academic Standards,6.32,Direct,"Tennessee content is primary; Common Core literacy standards support disciplinary reading, writing, speaking, and inquiry. NGSS is not applicable.",TN Social Studies 2024 PDF pp.90–91
FF.G6.SS.15,Social Studies,Common Core State Standards,CCSS.ELA-LITERACY.RH.6-8.2,Supporting,"Tennessee content is primary; Common Core literacy standards support disciplinary reading, writing, speaking, and inquiry. NGSS is not applicable.",TN Social Studies 2024 PDF pp.90–91
FF.G6.SS.15,Social Studies,Common Core State Standards,CCSS.ELA-LITERACY.RH.6-8.6,Supporting,"Tennessee content is primary; Common Core literacy standards support disciplinary reading, writing, speaking, and inquiry. NGSS is not applicable.",TN Social Studies 2024 PDF pp.90–91
FF.G6.SS.15,Social Studies,Common Core State Standards,CCSS.ELA-LITERACY.WHST.6-8.2,Supporting,"Tennessee content is primary; Common Core literacy standards support disciplinary reading, writing, speaking, and inquiry. NGSS is not applicable.",TN Social Studies 2024 PDF pp.90–91
FF.G6.SS.15,Social Studies,NSQ Online Courses (2025),B1,Design Alignment,"The competency supports measurable objectives, aligned learning activities, valid assessment evidence, learner interaction, and accessible options for demonstrating mastery.",NSQ Online Courses 2025
FF.G6.SS.15,Social Studies,NSQ Online Courses (2025),B2,Design Alignment,"The competency supports measurable objectives, aligned learning activities, valid assessment evidence, learner interaction, and accessible options for demonstrating mastery.",NSQ Online Courses 2025
FF.G6.SS.15,Social Studies,NSQ Online Courses (2025),C2,Design Alignment,"The competency supports measurable objectives, aligned learning activities, valid assessment evidence, learner interaction, and accessible options for demonstrating mastery.",NSQ Online Courses 2025
FF.G6.SS.15,Social Studies,NSQ Online Courses (2025),D1,Design Alignment,"The competency supports measurable objectives, aligned learning activities, valid assessment evidence, learner interaction, and accessible options for demonstrating mastery.",NSQ Online Courses 2025
FF.G6.SS.15,Social Studies,NSQ Online Courses (2025),D2,Design Alignment,"The competency supports measurable objectives, aligned learning activities, valid assessment evidence, learner interaction, and accessible options for demonstrating mastery.",NSQ Online Courses 2025
FF.G6.SS.15,Social Studies,NSQ Online Courses (2025),D4,Design Alignment,"The competency supports measurable objectives, aligned learning activities, valid assessment evidence, learner interaction, and accessible options for demonstrating mastery.",NSQ Online Courses 2025
FF.G6.SS.16,Social Studies,Tennessee Academic Standards,6.33,Direct,"Tennessee content is primary; Common Core literacy standards support disciplinary reading, writing, speaking, and inquiry. NGSS is not applicable.",TN Social Studies 2024 PDF p.92
FF.G6.SS.16,Social Studies,Tennessee Academic Standards,6.34,Direct,"Tennessee content is primary; Common Core literacy standards support disciplinary reading, writing, speaking, and inquiry. NGSS is not applicable.",TN Social Studies 2024 PDF p.92
FF.G6.SS.16,Social Studies,Tennessee Academic Standards,6.35,Direct,"Tennessee content is primary; Common Core literacy standards support disciplinary reading, writing, speaking, and inquiry. NGSS is not applicable.",TN Social Studies 2024 PDF p.92
FF.G6.SS.16,Social Studies,Tennessee Academic Standards,6.36,Direct,"Tennessee content is primary; Common Core literacy standards support disciplinary reading, writing, speaking, and inquiry. NGSS is not applicable.",TN Social Studies 2024 PDF p.92
FF.G6.SS.16,Social Studies,Tennessee Academic Standards,6.37,Direct,"Tennessee content is primary; Common Core literacy standards support disciplinary reading, writing, speaking, and inquiry. NGSS is not applicable.",TN Social Studies 2024 PDF p.92
FF.G6.SS.16,Social Studies,Tennessee Academic Standards,6.38,Direct,"Tennessee content is primary; Common Core literacy standards support disciplinary reading, writing, speaking, and inquiry. NGSS is not applicable.",TN Social Studies 2024 PDF p.92
FF.G6.SS.16,Social Studies,Common Core State Standards,CCSS.ELA-LITERACY.RH.6-8.3,Supporting,"Tennessee content is primary; Common Core literacy standards support disciplinary reading, writing, speaking, and inquiry. NGSS is not applicable.",TN Social Studies 2024 PDF p.92
FF.G6.SS.16,Social Studies,Common Core State Standards,CCSS.ELA-LITERACY.RH.6-8.7,Supporting,"Tennessee content is primary; Common Core literacy standards support disciplinary reading, writing, speaking, and inquiry. NGSS is not applicable.",TN Social Studies 2024 PDF p.92
FF.G6.SS.16,Social Studies,Common Core State Standards,CCSS.ELA-LITERACY.WHST.6-8.1,Supporting,"Tennessee content is primary; Common Core literacy standards support disciplinary reading, writing, speaking, and inquiry. NGSS is not applicable.",TN Social Studies 2024 PDF p.92
FF.G6.SS.16,Social Studies,NSQ Online Courses (2025),B1,Design Alignment,"The competency supports measurable objectives, aligned learning activities, valid assessment evidence, learner interaction, and accessible options for demonstrating mastery.",NSQ Online Courses 2025
FF.G6.SS.16,Social Studies,NSQ Online Courses (2025),B2,Design Alignment,"The competency supports measurable objectives, aligned learning activities, valid assessment evidence, learner interaction, and accessible options for demonstrating mastery.",NSQ Online Courses 2025
FF.G6.SS.16,Social Studies,NSQ Online Courses (2025),C2,Design Alignment,"The competency supports measurable objectives, aligned learning activities, valid assessment evidence, learner interaction, and accessible options for demonstrating mastery.",NSQ Online Courses 2025
FF.G6.SS.16,Social Studies,NSQ Online Courses (2025),D1,Design Alignment,"The competency supports measurable objectives, aligned learning activities, valid assessment evidence, learner interaction, and accessible options for demonstrating mastery.",NSQ Online Courses 2025
FF.G6.SS.16,Social Studies,NSQ Online Courses (2025),D2,Design Alignment,"The competency supports measurable objectives, aligned learning activities, valid assessment evidence, learner interaction, and accessible options for demonstrating mastery.",NSQ Online Courses 2025
FF.G6.SS.16,Social Studies,NSQ Online Courses (2025),D4,Design Alignment,"The competency supports measurable objectives, aligned learning activities, valid assessment evidence, learner interaction, and accessible options for demonstrating mastery.",NSQ Online Courses 2025
FF.G6.SS.17,Social Studies,Tennessee Academic Standards,6.39,Direct,"Tennessee content is primary; Common Core literacy standards support disciplinary reading, writing, speaking, and inquiry. NGSS is not applicable.",TN Social Studies 2024 PDF p.93
FF.G6.SS.17,Social Studies,Tennessee Academic Standards,6.40,Direct,"Tennessee content is primary; Common Core literacy standards support disciplinary reading, writing, speaking, and inquiry. NGSS is not applicable.",TN Social Studies 2024 PDF p.93
FF.G6.SS.17,Social Studies,Common Core State Standards,CCSS.ELA-LITERACY.RH.6-8.1,Supporting,"Tennessee content is primary; Common Core literacy standards support disciplinary reading, writing, speaking, and inquiry. NGSS is not applicable.",TN Social Studies 2024 PDF p.93
FF.G6.SS.17,Social Studies,Common Core State Standards,CCSS.ELA-LITERACY.RH.6-8.7,Supporting,"Tennessee content is primary; Common Core literacy standards support disciplinary reading, writing, speaking, and inquiry. NGSS is not applicable.",TN Social Studies 2024 PDF p.93
FF.G6.SS.17,Social Studies,Common Core State Standards,CCSS.ELA-LITERACY.WHST.6-8.2,Supporting,"Tennessee content is primary; Common Core literacy standards support disciplinary reading, writing, speaking, and inquiry. NGSS is not applicable.",TN Social Studies 2024 PDF p.93
FF.G6.SS.17,Social Studies,NSQ Online Courses (2025),B1,Design Alignment,"The competency supports measurable objectives, aligned learning activities, valid assessment evidence, learner interaction, and accessible options for demonstrating mastery.",NSQ Online Courses 2025
FF.G6.SS.17,Social Studies,NSQ Online Courses (2025),B2,Design Alignment,"The competency supports measurable objectives, aligned learning activities, valid assessment evidence, learner interaction, and accessible options for demonstrating mastery.",NSQ Online Courses 2025
FF.G6.SS.17,Social Studies,NSQ Online Courses (2025),C2,Design Alignment,"The competency supports measurable objectives, aligned learning activities, valid assessment evidence, learner interaction, and accessible options for demonstrating mastery.",NSQ Online Courses 2025
FF.G6.SS.17,Social Studies,NSQ Online Courses (2025),D1,Design Alignment,"The competency supports measurable objectives, aligned learning activities, valid assessment evidence, learner interaction, and accessible options for demonstrating mastery.",NSQ Online Courses 2025
FF.G6.SS.17,Social Studies,NSQ Online Courses (2025),D2,Design Alignment,"The competency supports measurable objectives, aligned learning activities, valid assessment evidence, learner interaction, and accessible options for demonstrating mastery.",NSQ Online Courses 2025
FF.G6.SS.17,Social Studies,NSQ Online Courses (2025),D4,Design Alignment,"The competency supports measurable objectives, aligned learning activities, valid assessment evidence, learner interaction, and accessible options for demonstrating mastery.",NSQ Online Courses 2025
FF.G6.SS.18,Social Studies,Tennessee Academic Standards,6.41,Direct,"Tennessee content is primary; Common Core literacy standards support disciplinary reading, writing, speaking, and inquiry. NGSS is not applicable.",TN Social Studies 2024 PDF p.94
FF.G6.SS.18,Social Studies,Tennessee Academic Standards,6.42,Direct,"Tennessee content is primary; Common Core literacy standards support disciplinary reading, writing, speaking, and inquiry. NGSS is not applicable.",TN Social Studies 2024 PDF p.94
FF.G6.SS.18,Social Studies,Tennessee Academic Standards,6.43,Direct,"Tennessee content is primary; Common Core literacy standards support disciplinary reading, writing, speaking, and inquiry. NGSS is not applicable.",TN Social Studies 2024 PDF p.94
FF.G6.SS.18,Social Studies,Tennessee Academic Standards,6.44,Direct,"Tennessee content is primary; Common Core literacy standards support disciplinary reading, writing, speaking, and inquiry. NGSS is not applicable.",TN Social Studies 2024 PDF p.94
FF.G6.SS.18,Social Studies,Common Core State Standards,CCSS.ELA-LITERACY.RH.6-8.3,Supporting,"Tennessee content is primary; Common Core literacy standards support disciplinary reading, writing, speaking, and inquiry. NGSS is not applicable.",TN Social Studies 2024 PDF p.94
FF.G6.SS.18,Social Studies,Common Core State Standards,CCSS.ELA-LITERACY.RH.6-8.7,Supporting,"Tennessee content is primary; Common Core literacy standards support disciplinary reading, writing, speaking, and inquiry. NGSS is not applicable.",TN Social Studies 2024 PDF p.94
FF.G6.SS.18,Social Studies,Common Core State Standards,CCSS.ELA-LITERACY.WHST.6-8.1,Supporting,"Tennessee content is primary; Common Core literacy standards support disciplinary reading, writing, speaking, and inquiry. NGSS is not applicable.",TN Social Studies 2024 PDF p.94
FF.G6.SS.18,Social Studies,NSQ Online Courses (2025),B1,Design Alignment,"The competency supports measurable objectives, aligned learning activities, valid assessment evidence, learner interaction, and accessible options for demonstrating mastery.",NSQ Online Courses 2025
FF.G6.SS.18,Social Studies,NSQ Online Courses (2025),B2,Design Alignment,"The competency supports measurable objectives, aligned learning activities, valid assessment evidence, learner interaction, and accessible options for demonstrating mastery.",NSQ Online Courses 2025
FF.G6.SS.18,Social Studies,NSQ Online Courses (2025),C2,Design Alignment,"The competency supports measurable objectives, aligned learning activities, valid assessment evidence, learner interaction, and accessible options for demonstrating mastery.",NSQ Online Courses 2025
FF.G6.SS.18,Social Studies,NSQ Online Courses (2025),D1,Design Alignment,"The competency supports measurable objectives, aligned learning activities, valid assessment evidence, learner interaction, and accessible options for demonstrating mastery.",NSQ Online Courses 2025
FF.G6.SS.18,Social Studies,NSQ Online Courses (2025),D2,Design Alignment,"The competency supports measurable objectives, aligned learning activities, valid assessment evidence, learner interaction, and accessible options for demonstrating mastery.",NSQ Online Courses 2025
FF.G6.SS.18,Social Studies,NSQ Online Courses (2025),D4,Design Alignment,"The competency supports measurable objectives, aligned learning activities, valid assessment evidence, learner interaction, and accessible options for demonstrating mastery.",NSQ Online Courses 2025
FF.G6.SS.19,Social Studies,Tennessee Academic Standards,6.45,Direct,"Tennessee content is primary; Common Core literacy standards support disciplinary reading, writing, speaking, and inquiry. NGSS is not applicable.",TN Social Studies 2024 PDF p.95
FF.G6.SS.19,Social Studies,Tennessee Academic Standards,6.46,Direct,"Tennessee content is primary; Common Core literacy standards support disciplinary reading, writing, speaking, and inquiry. NGSS is not applicable.",TN Social Studies 2024 PDF p.95
FF.G6.SS.19,Social Studies,Tennessee Academic Standards,6.47,Direct,"Tennessee content is primary; Common Core literacy standards support disciplinary reading, writing, speaking, and inquiry. NGSS is not applicable.",TN Social Studies 2024 PDF p.95
FF.G6.SS.19,Social Studies,Tennessee Academic Standards,6.48,Direct,"Tennessee content is primary; Common Core literacy standards support disciplinary reading, writing, speaking, and inquiry. NGSS is not applicable.",TN Social Studies 2024 PDF p.95
FF.G6.SS.19,Social Studies,Tennessee Academic Standards,6.49,Direct,"Tennessee content is primary; Common Core literacy standards support disciplinary reading, writing, speaking, and inquiry. NGSS is not applicable.",TN Social Studies 2024 PDF p.95
FF.G6.SS.19,Social Studies,Tennessee Academic Standards,6.50,Direct,"Tennessee content is primary; Common Core literacy standards support disciplinary reading, writing, speaking, and inquiry. NGSS is not applicable.",TN Social Studies 2024 PDF p.95
FF.G6.SS.19,Social Studies,Common Core State Standards,CCSS.ELA-LITERACY.RH.6-8.1,Supporting,"Tennessee content is primary; Common Core literacy standards support disciplinary reading, writing, speaking, and inquiry. NGSS is not applicable.",TN Social Studies 2024 PDF p.95
FF.G6.SS.19,Social Studies,Common Core State Standards,CCSS.ELA-LITERACY.RH.6-8.6,Supporting,"Tennessee content is primary; Common Core literacy standards support disciplinary reading, writing, speaking, and inquiry. NGSS is not applicable.",TN Social Studies 2024 PDF p.95
FF.G6.SS.19,Social Studies,Common Core State Standards,CCSS.ELA-LITERACY.WHST.6-8.2,Supporting,"Tennessee content is primary; Common Core literacy standards support disciplinary reading, writing, speaking, and inquiry. NGSS is not applicable.",TN Social Studies 2024 PDF p.95
FF.G6.SS.19,Social Studies,NSQ Online Courses (2025),B1,Design Alignment,"The competency supports measurable objectives, aligned learning activities, valid assessment evidence, learner interaction, and accessible options for demonstrating mastery.",NSQ Online Courses 2025
FF.G6.SS.19,Social Studies,NSQ Online Courses (2025),B2,Design Alignment,"The competency supports measurable objectives, aligned learning activities, valid assessment evidence, learner interaction, and accessible options for demonstrating mastery.",NSQ Online Courses 2025
FF.G6.SS.19,Social Studies,NSQ Online Courses (2025),C2,Design Alignment,"The competency supports measurable objectives, aligned learning activities, valid assessment evidence, learner interaction, and accessible options for demonstrating mastery.",NSQ Online Courses 2025
FF.G6.SS.19,Social Studies,NSQ Online Courses (2025),D1,Design Alignment,"The competency supports measurable objectives, aligned learning activities, valid assessment evidence, learner interaction, and accessible options for demonstrating mastery.",NSQ Online Courses 2025
FF.G6.SS.19,Social Studies,NSQ Online Courses (2025),D2,Design Alignment,"The competency supports measurable objectives, aligned learning activities, valid assessment evidence, learner interaction, and accessible options for demonstrating mastery.",NSQ Online Courses 2025
FF.G6.SS.19,Social Studies,NSQ Online Courses (2025),D4,Design Alignment,"The competency supports measurable objectives, aligned learning activities, valid assessment evidence, learner interaction, and accessible options for demonstrating mastery.",NSQ Online Courses 2025
FF.G6.SS.20,Social Studies,Tennessee Academic Standards,6.51,Direct,"Tennessee content is primary; Common Core literacy standards support disciplinary reading, writing, speaking, and inquiry. NGSS is not applicable.",TN Social Studies 2024 PDF p.96
FF.G6.SS.20,Social Studies,Tennessee Academic Standards,6.52,Direct,"Tennessee content is primary; Common Core literacy standards support disciplinary reading, writing, speaking, and inquiry. NGSS is not applicable.",TN Social Studies 2024 PDF p.96
FF.G6.SS.20,Social Studies,Tennessee Academic Standards,6.53,Direct,"Tennessee content is primary; Common Core literacy standards support disciplinary reading, writing, speaking, and inquiry. NGSS is not applicable.",TN Social Studies 2024 PDF p.96
FF.G6.SS.20,Social Studies,Tennessee Academic Standards,6.54,Direct,"Tennessee content is primary; Common Core literacy standards support disciplinary reading, writing, speaking, and inquiry. NGSS is not applicable.",TN Social Studies 2024 PDF p.96
FF.G6.SS.20,Social Studies,Common Core State Standards,CCSS.ELA-LITERACY.RH.6-8.2,Supporting,"Tennessee content is primary; Common Core literacy standards support disciplinary reading, writing, speaking, and inquiry. NGSS is not applicable.",TN Social Studies 2024 PDF p.96
FF.G6.SS.20,Social Studies,Common Core State Standards,CCSS.ELA-LITERACY.RH.6-8.7,Supporting,"Tennessee content is primary; Common Core literacy standards support disciplinary reading, writing, speaking, and inquiry. NGSS is not applicable.",TN Social Studies 2024 PDF p.96
FF.G6.SS.20,Social Studies,Common Core State Standards,CCSS.ELA-LITERACY.WHST.6-8.1,Supporting,"Tennessee content is primary; Common Core literacy standards support disciplinary reading, writing, speaking, and inquiry. NGSS is not applicable.",TN Social Studies 2024 PDF p.96
FF.G6.SS.20,Social Studies,NSQ Online Courses (2025),B1,Design Alignment,"The competency supports measurable objectives, aligned learning activities, valid assessment evidence, learner interaction, and accessible options for demonstrating mastery.",NSQ Online Courses 2025
FF.G6.SS.20,Social Studies,NSQ Online Courses (2025),B2,Design Alignment,"The competency supports measurable objectives, aligned learning activities, valid assessment evidence, learner interaction, and accessible options for demonstrating mastery.",NSQ Online Courses 2025
FF.G6.SS.20,Social Studies,NSQ Online Courses (2025),C2,Design Alignment,"The competency supports measurable objectives, aligned learning activities, valid assessment evidence, learner interaction, and accessible options for demonstrating mastery.",NSQ Online Courses 2025
FF.G6.SS.20,Social Studies,NSQ Online Courses (2025),D1,Design Alignment,"The competency supports measurable objectives, aligned learning activities, valid assessment evidence, learner interaction, and accessible options for demonstrating mastery.",NSQ Online Courses 2025
FF.G6.SS.20,Social Studies,NSQ Online Courses (2025),D2,Design Alignment,"The competency supports measurable objectives, aligned learning activities, valid assessment evidence, learner interaction, and accessible options for demonstrating mastery.",NSQ Online Courses 2025
FF.G6.SS.20,Social Studies,NSQ Online Courses (2025),D4,Design Alignment,"The competency supports measurable objectives, aligned learning activities, valid assessment evidence, learner interaction, and accessible options for demonstrating mastery.",NSQ Online Courses 2025
FF.G6.SS.21,Social Studies,Tennessee Academic Standards,6.55,Direct,"Tennessee content is primary; Common Core literacy standards support disciplinary reading, writing, speaking, and inquiry. NGSS is not applicable.",TN Social Studies 2024 PDF p.97
FF.G6.SS.21,Social Studies,Tennessee Academic Standards,6.56,Direct,"Tennessee content is primary; Common Core literacy standards support disciplinary reading, writing, speaking, and inquiry. NGSS is not applicable.",TN Social Studies 2024 PDF p.97
FF.G6.SS.21,Social Studies,Tennessee Academic Standards,6.57,Direct,"Tennessee content is primary; Common Core literacy standards support disciplinary reading, writing, speaking, and inquiry. NGSS is not applicable.",TN Social Studies 2024 PDF p.97
FF.G6.SS.21,Social Studies,Tennessee Academic Standards,6.58,Direct,"Tennessee content is primary; Common Core literacy standards support disciplinary reading, writing, speaking, and inquiry. NGSS is not applicable.",TN Social Studies 2024 PDF p.97
FF.G6.SS.21,Social Studies,Tennessee Academic Standards,6.59,Direct,"Tennessee content is primary; Common Core literacy standards support disciplinary reading, writing, speaking, and inquiry. NGSS is not applicable.",TN Social Studies 2024 PDF p.97
FF.G6.SS.21,Social Studies,Tennessee Academic Standards,6.60,Direct,"Tennessee content is primary; Common Core literacy standards support disciplinary reading, writing, speaking, and inquiry. NGSS is not applicable.",TN Social Studies 2024 PDF p.97
FF.G6.SS.21,Social Studies,Common Core State Standards,CCSS.ELA-LITERACY.RH.6-8.1,Supporting,"Tennessee content is primary; Common Core literacy standards support disciplinary reading, writing, speaking, and inquiry. NGSS is not applicable.",TN Social Studies 2024 PDF p.97
FF.G6.SS.21,Social Studies,Common Core State Standards,CCSS.ELA-LITERACY.RH.6-8.3,Supporting,"Tennessee content is primary; Common Core literacy standards support disciplinary reading, writing, speaking, and inquiry. NGSS is not applicable.",TN Social Studies 2024 PDF p.97
FF.G6.SS.21,Social Studies,Common Core State Standards,CCSS.ELA-LITERACY.WHST.6-8.2,Supporting,"Tennessee content is primary; Common Core literacy standards support disciplinary reading, writing, speaking, and inquiry. NGSS is not applicable.",TN Social Studies 2024 PDF p.97
FF.G6.SS.21,Social Studies,NSQ Online Courses (2025),B1,Design Alignment,"The competency supports measurable objectives, aligned learning activities, valid assessment evidence, learner interaction, and accessible options for demonstrating mastery.",NSQ Online Courses 2025
FF.G6.SS.21,Social Studies,NSQ Online Courses (2025),B2,Design Alignment,"The competency supports measurable objectives, aligned learning activities, valid assessment evidence, learner interaction, and accessible options for demonstrating mastery.",NSQ Online Courses 2025
FF.G6.SS.21,Social Studies,NSQ Online Courses (2025),C2,Design Alignment,"The competency supports measurable objectives, aligned learning activities, valid assessment evidence, learner interaction, and accessible options for demonstrating mastery.",NSQ Online Courses 2025
FF.G6.SS.21,Social Studies,NSQ Online Courses (2025),D1,Design Alignment,"The competency supports measurable objectives, aligned learning activities, valid assessment evidence, learner interaction, and accessible options for demonstrating mastery.",NSQ Online Courses 2025
FF.G6.SS.21,Social Studies,NSQ Online Courses (2025),D2,Design Alignment,"The competency supports measurable objectives, aligned learning activities, valid assessment evidence, learner interaction, and accessible options for demonstrating mastery.",NSQ Online Courses 2025
FF.G6.SS.21,Social Studies,NSQ Online Courses (2025),D4,Design Alignment,"The competency supports measurable objectives, aligned learning activities, valid assessment evidence, learner interaction, and accessible options for demonstrating mastery.",NSQ Online Courses 2025
FF.G6.SS.22,Social Studies,Tennessee Academic Standards,6.61,Direct,"Tennessee content is primary; Common Core literacy standards support disciplinary reading, writing, speaking, and inquiry. NGSS is not applicable.",TN Social Studies 2024 PDF p.98
FF.G6.SS.22,Social Studies,Tennessee Academic Standards,6.62,Direct,"Tennessee content is primary; Common Core literacy standards support disciplinary reading, writing, speaking, and inquiry. NGSS is not applicable.",TN Social Studies 2024 PDF p.98
FF.G6.SS.22,Social Studies,Common Core State Standards,CCSS.ELA-LITERACY.RH.6-8.1,Supporting,"Tennessee content is primary; Common Core literacy standards support disciplinary reading, writing, speaking, and inquiry. NGSS is not applicable.",TN Social Studies 2024 PDF p.98
FF.G6.SS.22,Social Studies,Common Core State Standards,CCSS.ELA-LITERACY.RH.6-8.3,Supporting,"Tennessee content is primary; Common Core literacy standards support disciplinary reading, writing, speaking, and inquiry. NGSS is not applicable.",TN Social Studies 2024 PDF p.98
FF.G6.SS.22,Social Studies,Common Core State Standards,CCSS.ELA-LITERACY.WHST.6-8.1,Supporting,"Tennessee content is primary; Common Core literacy standards support disciplinary reading, writing, speaking, and inquiry. NGSS is not applicable.",TN Social Studies 2024 PDF p.98
FF.G6.SS.22,Social Studies,NSQ Online Courses (2025),B1,Design Alignment,"The competency supports measurable objectives, aligned learning activities, valid assessment evidence, learner interaction, and accessible options for demonstrating mastery.",NSQ Online Courses 2025
FF.G6.SS.22,Social Studies,NSQ Online Courses (2025),B2,Design Alignment,"The competency supports measurable objectives, aligned learning activities, valid assessment evidence, learner interaction, and accessible options for demonstrating mastery.",NSQ Online Courses 2025
FF.G6.SS.22,Social Studies,NSQ Online Courses (2025),C2,Design Alignment,"The competency supports measurable objectives, aligned learning activities, valid assessment evidence, learner interaction, and accessible options for demonstrating mastery.",NSQ Online Courses 2025
FF.G6.SS.22,Social Studies,NSQ Online Courses (2025),D1,Design Alignment,"The competency supports measurable objectives, aligned learning activities, valid assessment evidence, learner interaction, and accessible options for demonstrating mastery.",NSQ Online Courses 2025
FF.G6.SS.22,Social Studies,NSQ Online Courses (2025),D2,Design Alignment,"The competency supports measurable objectives, aligned learning activities, valid assessment evidence, learner interaction, and accessible options for demonstrating mastery.",NSQ Online Courses 2025
FF.G6.SS.22,Social Studies,NSQ Online Courses (2025),D4,Design Alignment,"The competency supports measurable objectives, aligned learning activities, valid assessment evidence, learner interaction, and accessible options for demonstrating mastery.",NSQ Online Courses 2025